file,type,len,dist,pred_tok,true_tok,pred_alt,true_alt,flip
tests\corpus\generated.jsonl,1,5,1,18.28,3.05358,21.6753,25.8422,0
tests\corpus\generated.jsonl,1,5,44,19.0885,2.05358,23.5212,36.7651,0
tests\corpus\generated.jsonl,1,7,180,24.7,3.05834,26.8844,41.3541,0
tests\corpus\generated.jsonl,1,6,81,19.2444,3.05358,25.7268,43.8896,0
tests\corpus\generated.jsonl,2,10,214,34.7629,6.09673,41.3544,57.9923,0
tests\corpus\generated.jsonl,2,55,231,54.267,9.14229,261.022,291.763,0
tests\corpus\generated.jsonl,1,109,230,24.7633,3.05834,499.848,643.547,0
tests\corpus\generated.jsonl,2,115,232,107.882,12.237,562.575,647.164,0
tests\corpus\generated.jsonl,2,695,233,461.36,64.0345,3331.2,3944.08,0
tests\corpus\generated.jsonl,1,112,931,25.1256,4.05834,516.648,663.666,0
tests\corpus\generated.jsonl,2,461,930,268.602,31.6941,2201.75,2616.67,0
tests\corpus\generated.jsonl,2,229,1164,162.356,22.4003,1099.41,1322.15,0
tests\corpus\generated.jsonl,2,116,1165,117.224,16.2406,573.972,657.438,0
tests\corpus\generated.jsonl,1,113,1863,25.3056,3.05834,521.513,667.648,0
tests\corpus\generated.jsonl,2,116,1165,115.092,15.2441,563.668,652.016,0
tests\corpus\generated.jsonl,2,1047,934,598.07,71.4712,5014.03,5977.91,0
tests\corpus\generated.jsonl,2,229,1168,157.195,21.4003,1093.61,1323.42,0
tests\corpus\generated.jsonl,2,2048,935,1253.63,150.88,9847.11,11584,0
tests\corpus\generated.jsonl,2,2048,1870,1220.88,149.84,9867.44,11596.3,0
tests\corpus\generated.jsonl,2,2048,935,1222.8,145.84,9876.8,11620.6,0
tests\corpus\generated.jsonl,2,1096,3740,618.688,74.5516,5266.21,6229.78,0
tests\corpus\generated.jsonl,2,351,6310,294.253,39.5764,1708.63,2000.73,0
tests\corpus\generated.jsonl,2,814,3739,447.414,53.1559,3898.42,4646.23,0
tests\corpus\generated.jsonl,2,351,8647,312.616,39.5835,1715.2,1984.81,0
tests\corpus\generated.jsonl,2,814,9348,452.84,52.1523,3913.23,4642.48,0
tests\corpus\generated.jsonl,2,1164,8412,750.184,88.7,5590.26,6606.6,0
tests\corpus\generated.jsonl,2,229,5605,153.426,18.4003,1095.54,1320.35,0
tests\corpus\generated.jsonl,2,231,12151,155.276,19.4003,1103.6,1333.37,0
tests\corpus\generated.jsonl,2,230,14250,175.298,23.4075,1110.37,1330.31,0
tests\corpus\generated.jsonl,1,4,5271,25.5755,4.05834,28.0128,23.1478,0
tests\corpus\generated.jsonl,2,227,7478,135.148,15.3896,1078.13,1302.25,0
tests\corpus\generated.jsonl,2,117,14253,129.756,16.2477,579.4,652.999,0
tests\corpus\generated.jsonl,2,347,9349,177.053,22.5119,1646.26,1995.27,0
tests\corpus\generated.jsonl,2,232,14258,167.883,22.4039,1115.63,1330.3,0
tests\corpus\generated.jsonl,2,117,14259,122.488,15.2441,581.968,655.505,0
tests\corpus\generated.jsonl,2,348,938,190,20.5155,1657.11,2004.81,0
tests\corpus\generated.jsonl,2,231,14261,164.769,23.4075,1104.11,1318.54,0
tests\corpus\generated.jsonl,1,4,11120,25.7694,3.05834,27.0442,22.8912,0
tests\corpus\generated.jsonl,2,933,938,536.898,62.3381,4486.78,5300.66,0
tests\corpus\generated.jsonl,2,229,13097,153.09,17.3967,1101.31,1327.06,0
tests\corpus\generated.jsonl,2,117,14267,125.16,17.2477,576.322,662.045,0
tests\corpus\generated.jsonl,2,2048,939,1245.43,147.866,9849.32,11599.8,0
tests\corpus\generated.jsonl,2,2048,939,1182.13,141.815,9884.53,11619.4,0
tests\corpus\generated.jsonl,2,2048,4695,1211.46,143.84,9882.68,11564.6,0
tests\corpus\generated.jsonl,2,1012,939,579.022,68.422,4881.95,5747.94,0
tests\corpus\generated.jsonl,2,1173,2816,712.43,88.6713,5651.58,6673.58,0
tests\corpus\generated.jsonl,2,228,25283,147.987,18.3979,1086.88,1307.55,0
tests\corpus\generated.jsonl,2,117,14303,114.874,15.2441,578.699,660.409,0
tests\corpus\generated.jsonl,2,818,9388,431.987,50.1415,3932.89,4669.2,0
tests\corpus\generated.jsonl,2,230,19213,180.311,26.4158,1103.21,1320.09,0
tests\corpus\generated.jsonl,2,230,14309,159.828,21.4039,1100.72,1315.89,0
tests\corpus\generated.jsonl,2,230,14310,176.07,23.411,1106.88,1319.17,0
tests\corpus\generated.jsonl,2,117,14311,126.713,16.2477,578.632,664.273,0
tests\corpus\generated.jsonl,2,348,9387,173.035,20.5083,1650.98,1992.12,0
tests\corpus\generated.jsonl,2,464,2813,294.977,36.712,2228.3,2653.6,0
tests\corpus\generated.jsonl,2,117,14313,127.497,17.2477,581.699,673.199,0
tests\corpus\generated.jsonl,2,2048,4690,1250.73,153.88,9851.5,11620,0
tests\corpus\generated.jsonl,2,1349,7505,835.781,100.945,6497.32,7635.45,0
tests\corpus\generated.jsonl,2,352,14313,283.357,39.5728,1709.11,1996.97,0
tests\corpus\generated.jsonl,2,2048,14078,1203.61,150.851,9852.49,11584.9,0
tests\corpus\generated.jsonl,2,2048,3756,1165.05,137.812,9883.29,11602,0
tests\corpus\generated.jsonl,2,1182,4695,667.782,80.6534,5680.74,6688.56,0
tests\corpus\generated.jsonl,2,464,11262,297.339,35.7049,2248.29,2652.32,0
tests\corpus\generated.jsonl,2,117,14311,121.695,16.2441,584.726,665.933,0
tests\corpus\generated.jsonl,2,2048,13139,1285.8,158.891,9879.02,11654,0
tests\corpus\generated.jsonl,2,881,3753,513.408,61.247,4258.64,5006.88,0
tests\corpus\generated.jsonl,2,1169,8447,779.752,89.7035,5644.78,6637.14,0
tests\corpus\generated.jsonl,2,1168,21584,786.84,95.7083,5648.83,6674.62,0
tests\corpus\generated.jsonl,2,2048,9383,1226.51,154.869,9870.24,11627,0
tests\corpus\generated.jsonl,2,827,939,525.998,64.206,3977.68,4698.56,0
tests\corpus\generated.jsonl,2,2048,2833,1255.04,146.858,9898.17,11653.7,0
tests\corpus\generated.jsonl,2,352,28641,303.878,40.5847,1718.09,1998.32,0
tests\corpus\generated.jsonl,2,2048,4711,1187.44,146.819,9901.97,11671.5,0
tests\corpus\generated.jsonl,2,1118,3756,618.495,74.5551,5385.21,6360.29,0
tests\corpus\generated.jsonl,2,229,50646,148.668,19.4015,1090.59,1311.02,0
tests\corpus\generated.jsonl,2,352,28640,289.581,40.5775,1718.37,1996.92,0
tests\corpus\generated.jsonl,2,2048,13156,1294.75,159.891,9889.91,11654.1,0
tests\corpus\generated.jsonl,2,881,3753,499.028,61.2541,4239.6,5019.83,0
tests\corpus\generated.jsonl,2,352,9637,320.144,42.5943,1711.85,1998.37,0
tests\corpus\generated.jsonl,2,818,4691,464.233,56.163,3937.65,4669.3,0
tests\corpus\generated.jsonl,2,1167,26295,746.052,89.6904,5634.87,6626.43,0
tests\corpus\generated.jsonl,2,2048,40372,1387.42,171.96,9888.16,11627.9,0
tests\corpus\generated.jsonl,2,2043,939,1239.87,150.869,9858.05,11537.7,0
tests\corpus\generated.jsonl,2,1065,46944,634.592,78.5322,5118.83,6085.52,0
tests\corpus\generated.jsonl,2,352,14313,279.994,38.5764,1708.31,1987.39,0
tests\corpus\generated.jsonl,2,2048,13139,1375.48,160.934,9903.41,11613.4,0
tests\corpus\generated.jsonl,2,881,1877,490.585,62.2398,4261.72,5019.04,0
tests\corpus\generated.jsonl,2,586,38262,514.76,66.9706,2854.1,3330,0
tests\corpus\generated.jsonl,2,2048,13139,1341.6,160.916,9913.12,11633.1,0
tests\corpus\generated.jsonl,2,2048,4691,1145.06,142.819,9867.3,11593.2,0
tests\corpus\generated.jsonl,2,8,1407,33.6219,5.09673,42.8003,48.3444,0
tests\corpus\generated.jsonl,2,2048,37555,1258.31,153.87,9924.65,11597.8,0
tests\corpus\generated.jsonl,2,2042,939,1205.56,147.844,9859.25,11572.9,0
tests\corpus\generated.jsonl,2,1065,46943,638.616,77.5287,5135.76,6058.02,0
tests\corpus\generated.jsonl,2,2048,57267,1265.34,153.87,9932.36,11636.5,0
tests\corpus\generated.jsonl,2,1234,3756,730.977,83.7374,5967.35,7001.48,0
tests\corpus\generated.jsonl,2,230,69917,185.22,24.4158,1112.56,1320.13,0
tests\corpus\generated.jsonl,2,236,72490,200.963,25.4301,1142.04,1340.62,0
tests\corpus\generated.jsonl,1,4,4590,25.5396,4.05834,27.0827,22.5631,0
tests\corpus\generated.jsonl,2,2048,65715,1347.52,166.906,9951.37,11664.6,0
tests\corpus\generated.jsonl,2,997,3753,571.634,66.4256,4805.26,5654.05,0
tests\corpus\generated.jsonl,2,229,43187,157.926,19.4015,1096.61,1314.76,0
tests\corpus\generated.jsonl,2,121,72502,166.251,19.2704,611.655,681.654,0
tests\corpus\generated.jsonl,2,1991,4691,1125.91,138.763,9604.25,11301.4,0
tests\corpus\generated.jsonl,2,1168,30969,794.472,97.7334,5619.86,6629.84,0
tests\corpus\generated.jsonl,2,352,14313,293.138,39.5728,1717.88,1992.25,0
tests\corpus\generated.jsonl,2,2048,939,1220.51,148.848,9871.74,11637.6,0
tests\corpus\generated.jsonl,2,2048,1878,1155.92,141.823,9875.44,11582.9,0
tests\corpus\generated.jsonl,2,2048,4695,1222.05,146.837,9936.99,11633.4,0
tests\corpus\generated.jsonl,2,371,1878,243.093,30.5825,1786.4,2117.35,0
tests\corpus\generated.jsonl,2,421,46945,245.281,29.6497,2024.87,2393.09,0
tests\corpus\generated.jsonl,2,1170,6588,697.184,84.657,5658.92,6635.05,0
tests\corpus\generated.jsonl,2,464,37559,286.957,35.706,2241.74,2638.77,0
tests\corpus\generated.jsonl,2,120,88459,148.634,20.2632,598.776,675.458,0
tests\corpus\generated.jsonl,2,2048,13156,1302.87,157.887,9912.25,11676.2,0
tests\corpus\generated.jsonl,2,881,7524,504.224,63.2577,4248.42,5004.04,0
tests\corpus\generated.jsonl,2,2048,39435,1408.08,170.971,9889.87,11634.3,0
tests\corpus\generated.jsonl,2,2043,1878,1293.85,158.901,9852.77,11590.3,0
tests\corpus\generated.jsonl,2,2046,70424,1183.55,149.834,9871.1,11663.9,0
tests\corpus\generated.jsonl,2,78,16679,87.9518,11.1962,387.361,434.292,0
tests\corpus\generated.jsonl,2,2048,18791,1157.79,145.802,9900.44,11658.8,0
tests\corpus\generated.jsonl,2,178,4695,84.5779,11.2913,855.305,1026.35,0
tests\corpus\generated.jsonl,2,1168,62918,814.233,99.7334,5638.66,6678.54,0
tests\corpus\generated.jsonl,2,1169,46006,785.188,94.7155,5643,6649.09,0
tests\corpus\generated.jsonl,2,2048,57267,1247.18,160.87,9922.65,11659.2,0
tests\corpus\generated.jsonl,2,2048,4691,1193.85,156.855,9857.02,11584.6,0
tests\corpus\generated.jsonl,2,1060,7506,597.225,74.5203,5078.37,6050.87,0
tests\corpus\generated.jsonl,2,473,72535,369.537,51.7598,2287.29,2697.26,0
tests\corpus\generated.jsonl,2,117,42958,121.368,17.2489,573.224,660.147,0
tests\corpus\generated.jsonl,2,2048,28175,1200.98,152.834,9869.26,11653.1,0
tests\corpus\generated.jsonl,2,2048,939,1178.64,141.826,9898.35,11632.4,0
tests\corpus\generated.jsonl,2,2048,3756,1267.22,155.887,9900.35,11597.4,0
tests\corpus\generated.jsonl,1,74,235,24.7689,3.05834,346.325,437.716,0
tests\corpus\generated.jsonl,2,699,54454,480.236,57.0536,3366.68,3975.57,0
tests\corpus\generated.jsonl,2,474,72521,383.043,51.7598,2308.64,2702.08,0
tests\corpus\generated.jsonl,2,2048,57269,1244.77,159.863,9925.68,11624.1,0
tests\corpus\generated.jsonl,2,648,3518,501.622,64.0212,3145.26,3667.19,0
tests\corpus\generated.jsonl,2,2048,4691,1182.48,150.833,9878.99,11652.7,0
tests\corpus\generated.jsonl,2,1585,7506,926.946,113.228,7638.56,8948.12,0
tests\corpus\generated.jsonl,2,356,72520,343.435,44.641,1746.38,2007.49,0
tests\corpus\generated.jsonl,2,2048,939,1240.76,149.866,9871.66,11628.1,0
tests\corpus\generated.jsonl,2,2048,939,1176.83,142.83,9888.84,11568.9,0
tests\corpus\generated.jsonl,2,1182,1878,705.43,86.6677,5716.92,6717.19,0
tests\corpus\generated.jsonl,2,1169,5633,767.282,89.7,5654.91,6629.07,0
tests\corpus\generated.jsonl,2,1168,36607,851.315,95.7405,5661.89,6618.24,0
tests\corpus\generated.jsonl,2,1169,50702,790.355,96.7083,5666.41,6653.21,0
tests\corpus\generated.jsonl,2,587,38718,530.795,66.9778,2862.23,3321.9,0
tests\corpus\generated.jsonl,2,1818,4691,1059.96,128.522,8789.98,10308.8,0
tests\corpus\generated.jsonl,2,2048,93888,1177.08,149.845,9883.3,11608.9,0
tests\corpus\generated.jsonl,2,2048,1878,1267.37,153.876,9904.44,11572.7,0
tests\corpus\generated.jsonl,2,316,939,172.99,19.4735,1512.78,1815.33,0
tests\corpus\generated.jsonl,2,234,88491,195.453,28.4265,1129.9,1344.66,0
tests\corpus\generated.jsonl,2,229,57284,150.465,18.4015,1094.77,1318.99,0
tests\corpus\generated.jsonl,2,231,57282,163.632,20.4086,1111.03,1325.01,0
tests\corpus\generated.jsonl,2,229,70419,137.278,18.3979,1084.9,1317.44,0
tests\corpus\generated.jsonl,2,233,88485,210.081,27.4301,1130.61,1346.18,0
tests\corpus\generated.jsonl,2,120,88483,147.077,20.2632,601.322,665.287,0
tests\corpus\generated.jsonl,2,346,9390,187.056,22.5191,1639.33,1978.39,0
tests\corpus\generated.jsonl,2,119,143121,130.402,18.2525,595.634,666.285,0
tests\corpus\generated.jsonl,2,347,7512,199.347,22.5226,1654.69,1997.26,0
tests\corpus\generated.jsonl,2,121,72524,164.679,20.2704,608.931,674.139,0
tests\corpus\generated.jsonl,2,1749,935,1023.05,120.43,8430.58,9948.26,0
tests\corpus\generated.jsonl,2,229,45045,159.228,19.4015,1101.77,1323.33,0
tests\corpus\generated.jsonl,2,120,88469,148.764,20.2668,595.074,672.221,0
tests\corpus\generated.jsonl,2,814,1869,436.55,54.1559,3897.44,4640.31,0
tests\corpus\generated.jsonl,2,698,1868,434.732,53.0166,3367.87,3964.81,0
tests\corpus\generated.jsonl,2,121,72506,162.642,19.2704,608.01,671.883,0
tests\corpus\generated.jsonl,2,346,1869,179.152,21.5083,1648.55,1994.55,0
tests\corpus\generated.jsonl,2,1165,147326,798.431,95.7334,5604.66,6611.47,0
tests\corpus\generated.jsonl,2,351,3970,301.069,41.5799,1714.53,1996.96,0
tests\corpus\generated.jsonl,2,2048,4671,1173.53,144.815,9885.3,11648.1,0
tests\corpus\generated.jsonl,2,1569,7474,932.58,112.235,7554.16,8884.24,0
tests\corpus\generated.jsonl,2,121,72482,164.654,21.2704,608.802,680.194,0
tests\corpus\generated.jsonl,2,2048,935,1245.14,151.88,9850.74,11628.1,0
tests\corpus\generated.jsonl,2,636,3740,336.292,40.904,3041.6,3602.89,0
tests\corpus\generated.jsonl,2,122,144991,158.837,20.274,599.408,672.847,0
tests\corpus\generated.jsonl,2,2048,18707,1105.34,143.802,9859.19,11627.6,0
tests\corpus\generated.jsonl,2,648,1878,371.162,45.9496,3120.35,3682.77,0
tests\corpus\generated.jsonl,1,5,31290,31.288,4.06309,31.5159,27.0144,0
tests\corpus\generated.jsonl,2,1167,1877,717.33,85.6642,5645.6,6635.76,0
tests\corpus\generated.jsonl,2,1170,141704,790.355,96.719,5652.24,6672.66,0
tests\corpus\generated.jsonl,1,4,13470,25.8192,3.05834,27.0967,23.309,0
tests\corpus\generated.jsonl,2,1168,3753,668.074,81.6462,5616.84,6640.69,0
tests\corpus\generated.jsonl,2,1169,129502,847.413,98.762,5645.7,6637.31,0
tests\corpus\generated.jsonl,2,464,86313,319.277,39.724,2241.27,2658.5,0
tests\corpus\generated.jsonl,2,122,144987,173.562,20.274,619.533,684.974,0
tests\corpus\generated.jsonl,2,1756,4691,982.767,122.413,8459.46,9994.89,0
tests\corpus\generated.jsonl,2,591,72455,504.257,68.9706,2878.42,3342.65,0
tests\corpus\generated.jsonl,2,2048,939,1183.08,145.833,9856.02,11642.1,0
tests\corpus\generated.jsonl,2,2048,3756,1165.9,140.83,9859.29,11578.5,0
tests\corpus\generated.jsonl,2,2048,4695,1207.41,150.858,9887.59,11603.4,0
tests\corpus\generated.jsonl,2,541,3756,315.137,36.7852,2599.31,3096.87,0
tests\corpus\generated.jsonl,2,1169,35602,793.694,95.7155,5661.06,6648.6,0
tests\corpus\generated.jsonl,2,1169,49696,812.881,97.7334,5649.94,6648.89,0
tests\corpus\generated.jsonl,2,700,137951,477.739,59.0429,3390.4,4000.72,0
tests\corpus\generated.jsonl,2,239,72454,213.235,28.4373,1159.08,1367.37,0
tests\corpus\generated.jsonl,2,2048,57202,1254.98,161.888,9912.27,11576,0
tests\corpus\generated.jsonl,2,1701,4691,1035.94,126.417,8197.35,9662.02,0
tests\corpus\generated.jsonl,2,356,144989,335.075,44.6446,1738.4,2009.25,0
tests\corpus\generated.jsonl,2,2048,939,1214.84,145.858,9859.25,11594.6,0
tests\corpus\generated.jsonl,2,1650,939,962.514,118.305,7974.46,9378.67,0
tests\corpus\generated.jsonl,2,2048,140769,1124.68,143.799,9905.82,11606.1,0
tests\corpus\generated.jsonl,2,1191,1878,714.847,87.7097,5755,6780.26,0
tests\corpus\generated.jsonl,2,1169,132324,832.19,99.7477,5642.11,6636.3,0
tests\corpus\generated.jsonl,2,352,3285,318.051,40.5871,1727.51,2008.75,0
tests\corpus\generated.jsonl,2,2048,13157,1328.09,157.901,9922.17,11652.4,0
tests\corpus\generated.jsonl,2,2048,4691,1147.73,135.794,9926.64,11625.1,0
tests\corpus\generated.jsonl,2,1883,7507,1163.12,138.656,9109.11,10673.1,0
tests\corpus\generated.jsonl,2,473,72472,392.181,52.7705,2290.43,2690.05,0
tests\corpus\generated.jsonl,2,2048,57205,1247.33,151.86,9929.63,11579.9,0
tests\corpus\generated.jsonl,2,2042,3756,1223.17,142.837,9906.2,11585.7,0
tests\corpus\generated.jsonl,2,1069,126693,659.318,78.543,5154.72,6075.83,0
tests\corpus\generated.jsonl,2,2048,83500,1431.43,170.974,9938.32,11616.8,0
tests\corpus\generated.jsonl,2,415,2346,316.986,43.6532,2013.74,2348.19,0
tests\corpus\generated.jsonl,2,2048,26298,1291.82,153.877,9930.24,11631.4,0
tests\corpus\generated.jsonl,2,2048,4691,1128.1,135.794,9918.49,11617.6,0
tests\corpus\generated.jsonl,2,944,7506,603.234,72.3775,4578.49,5355.14,0
tests\corpus\generated.jsonl,2,474,72472,400.056,50.7669,2312.85,2700.01,0
tests\corpus\generated.jsonl,2,1638,188649,1079.26,134.374,7934.63,9323.4,0
tests\corpus\generated.jsonl,2,357,144994,351.603,44.6482,1753.94,2016.62,0
tests\corpus\generated.jsonl,2,2048,3756,1200.98,145.851,9888.76,11596.9,0
tests\corpus\generated.jsonl,2,2048,4695,1139.64,142.812,9900.46,11622.6,0
tests\corpus\generated.jsonl,2,244,235,165.993,22.4075,1181.75,1396.83,0
tests\corpus\generated.jsonl,2,1169,48826,719.85,90.6725,5670.37,6653.4,0
tests\corpus\generated.jsonl,2,934,79748,615.908,75.3858,4520.39,5329.54,0
tests\corpus\generated.jsonl,2,121,72475,158.148,20.2668,606.688,685.295,0
tests\corpus\generated.jsonl,2,2048,26282,1298.51,151.874,9929.78,11662.5,0
tests\corpus\generated.jsonl,2,2048,4691,1163.2,139.794,9952.56,11675.5,0
tests\corpus\generated.jsonl,2,943,3753,602.34,75.3739,4568.04,5376.93,0
tests\corpus\generated.jsonl,2,235,72497,205.823,26.4301,1141.45,1352.34,0
tests\corpus\generated.jsonl,2,235,72498,204.742,26.4265,1144.57,1353.12,0
tests\corpus\generated.jsonl,2,120,88428,155.468,19.2668,603.114,669.235,0
tests\corpus\generated.jsonl,2,2048,939,1187.32,144.83,9891.79,11655.5,0
tests\corpus\generated.jsonl,2,2048,3756,1172.9,139.823,9906.86,11635,0
tests\corpus\generated.jsonl,2,1182,4695,698.869,82.657,5740.05,6737.43,0
tests\corpus\generated.jsonl,2,117,231524,156.093,19.2632,589.393,671.959,0
tests\corpus\generated.jsonl,2,2048,26280,1227.67,155.87,9865.6,11637.4,0
tests\corpus\generated.jsonl,2,177,939,85.7061,10.2913,848.537,1015.53,0
tests\corpus\generated.jsonl,2,231,231540,199.145,26.4265,1113.78,1332.76,0
tests\corpus\generated.jsonl,2,122,144994,169.719,21.274,616.798,685.178,0
tests\corpus\generated.jsonl,2,412,18770,238.045,30.6149,1969.36,2365.71,0
tests\corpus\generated.jsonl,2,2048,140769,1091.21,142.788,9898.8,11656.7,0
tests\corpus\generated.jsonl,2,1892,4707,1112.34,134.64,9190.01,10752,0
tests\corpus\generated.jsonl,2,298,145007,266.696,37.532,1452.44,1700.17,0
tests\corpus\generated.jsonl,2,2048,939,1267.2,152.876,9919.12,11657.8,0
tests\corpus\generated.jsonl,2,358,144994,334.485,44.6446,1746.06,2015.07,0
tests\corpus\generated.jsonl,2,2048,1878,1224.96,148.858,9880.65,11627.6,0
tests\corpus\generated.jsonl,2,2048,3756,1173.52,137.823,9906.45,11610.2,0
tests\corpus\generated.jsonl,2,478,4695,307.25,34.7156,2318.5,2721.76,0
tests\corpus\generated.jsonl,2,117,231608,157.867,19.2668,586.42,658.731,0
tests\corpus\generated.jsonl,2,2048,26295,1272.19,156.899,9862.54,11647.3,0
tests\corpus\generated.jsonl,2,176,4692,82.5672,10.2913,842.132,1006.64,0
tests\corpus\generated.jsonl,2,353,231607,327.542,43.6374,1723.6,1988.67,0
tests\corpus\generated.jsonl,2,2048,26295,1319.51,156.903,9922.51,11646,0
tests\corpus\generated.jsonl,2,2048,4691,1149,138.805,9907.02,11605.2,0
tests\corpus\generated.jsonl,2,944,1877,602.104,72.3703,4584.2,5365.15,0
tests\corpus\generated.jsonl,2,355,176919,329.981,45.6374,1732.97,2006.68,0
tests\corpus\generated.jsonl,2,2048,939,1208.65,146.844,9892.45,11645.1,0
tests\corpus\generated.jsonl,2,2048,1878,1178.09,143.819,9922.31,11606.4,0
tests\corpus\generated.jsonl,2,948,4695,544.471,66.3488,4581.93,5383.33,0
tests\corpus\generated.jsonl,2,118,231607,160.656,20.2668,594.191,667.993,0
tests\corpus\generated.jsonl,2,1051,18772,572.184,69.4509,5080.64,5982.89,0
tests\corpus\generated.jsonl,1,5,144994,31.6862,5.06309,33.5784,27.6557,0
tests\corpus\generated.jsonl,2,1167,3753,653.193,80.6427,5635.46,6626.55,0
tests\corpus\generated.jsonl,2,353,231606,335.399,43.6338,1730.8,2010.5,0
tests\corpus\generated.jsonl,2,286,18769,173.911,19.4399,1388.98,1657.82,0
tests\corpus\generated.jsonl,1,6,85,19.2567,3.05376,25.7268,43.9898,0
tests\corpus\generated.jsonl,2,297,235,188.308,25.4785,1422.69,1689.83,0
tests\corpus\generated.jsonl,2,350,469,287.61,41.562,1703,1975.48,0
tests\corpus\generated.jsonl,1,112,468,24.9472,3.05846,516.244,650.222,0
tests\corpus\generated.jsonl,2,465,938,287.82,35.6966,2239.91,2624.06,0
tests\corpus\generated.jsonl,2,350,1173,285.944,36.5536,1717.73,1969.37,0
tests\corpus\generated.jsonl,2,818,938,435.598,50.135,3949.47,4621.78,0
tests\corpus\generated.jsonl,2,116,1173,114.813,15.2352,580.594,652.061,0
tests\corpus\generated.jsonl,1,114,939,25.1278,4.05846,528.862,663.217,0
tests\corpus\generated.jsonl,2,700,1876,425.956,50.9919,3396.83,3970.56,0
tests\corpus\generated.jsonl,2,116,2346,111.055,13.2352,576.101,655.46,0
tests\corpus\generated.jsonl,2,1052,1877,599.97,72.4499,5074.7,5946.84,0
tests\corpus\generated.jsonl,2,2048,1878,1274.87,157.817,9939.17,11536.3,0
tests\corpus\generated.jsonl,2,2039,1878,1229.34,152.8,9868.9,11470.4,0
tests\corpus\generated.jsonl,2,2045,4695,1175.25,143.772,9887.19,11519.5,0
tests\corpus\generated.jsonl,2,425,939,208.393,25.6243,2048.77,2408.96,0
tests\corpus\generated.jsonl,2,352,1407,282.3,38.5536,1723.83,1985.45,0
tests\corpus\generated.jsonl,2,818,3755,454.427,53.1406,3946.58,4635.56,0
tests\corpus\generated.jsonl,2,1168,3753,691.549,82.6239,5663.49,6583.67,0
tests\corpus\generated.jsonl,2,117,3517,128.058,16.2409,586.523,656.093,0
tests\corpus\generated.jsonl,2,2048,13140,1294.46,157.826,9914.01,11558,0
tests\corpus\generated.jsonl,2,1349,4690,763.313,89.8666,6528.93,7593.78,0
tests\corpus\generated.jsonl,2,352,5393,303.041,40.5676,1716.28,1986.77,0
tests\corpus\generated.jsonl,2,2048,14078,1207.08,155.792,9901.9,11567.5,0
tests\corpus\generated.jsonl,1,7,235,24.7689,4.05846,32.6188,44.5737,0
tests\corpus\generated.jsonl,2,1879,1894,1266.2,153.641,9114.86,10581.9,0
tests\corpus\generated.jsonl,2,2048,1878,1131.71,142.755,9908.55,11563.8,0
tests\corpus\generated.jsonl,2,117,14328,127.431,17.2437,580.558,658.81,0
tests\corpus\generated.jsonl,2,2048,8465,1338.55,163.859,9893.14,11564.1,0
tests\corpus\generated.jsonl,2,1116,4693,624.987,76.5243,5398.29,6313.17,0
tests\corpus\generated.jsonl,2,1401,26295,885.097,109.963,6771.95,7900,0
tests\corpus\generated.jsonl,2,117,14325,128.47,16.2437,578.775,658.082,0
tests\corpus\generated.jsonl,2,346,15966,194.184,24.5142,1650.24,1981.38,0
tests\corpus\generated.jsonl,2,230,14322,168.467,23.4041,1105.91,1318.6,0
tests\corpus\generated.jsonl,1,5,3406,25.4622,4.05846,31.5886,27.8644,0
tests\corpus\generated.jsonl,2,227,4682,128.019,16.3816,1086.96,1294.12,0
tests\corpus\generated.jsonl,2,231,14083,142.017,18.3901,1115.38,1325.46,0
tests\corpus\generated.jsonl,2,230,233,150.56,22.3929,1112.11,1320.38,0
tests\corpus\generated.jsonl,2,230,14315,177.436,24.4041,1112.1,1325,0
tests\corpus\generated.jsonl,2,117,14314,124.519,16.2409,586.606,666.754,0
tests\corpus\generated.jsonl,2,346,18769,181.748,23.5105,1647.03,1978.45,0
tests\corpus\generated.jsonl,2,229,23461,147.996,18.3948,1098.64,1309,0
tests\corpus\generated.jsonl,2,230,14311,160.98,21.3985,1109.47,1319.36,0
tests\corpus\generated.jsonl,2,117,14310,117.996,17.2437,570.777,657.911,0
tests\corpus\generated.jsonl,2,346,28153,190.89,24.5161,1645.23,1975.49,0
tests\corpus\generated.jsonl,2,464,14308,337.326,48.7191,2237.99,2636.39,0
tests\corpus\generated.jsonl,2,228,3732,124.283,15.3816,1092.43,1293.97,0
tests\corpus\generated.jsonl,1,5,6206,25.6179,4.05846,31.2843,28.0762,0
tests\corpus\generated.jsonl,2,584,1636,460.551,60.9099,2837.19,3282,0
tests\corpus\generated.jsonl,2,2048,1870,1218.61,149.795,9879.61,11576.8,0
tests\corpus\generated.jsonl,2,2038,935,1186.38,144.775,9846.32,11481.8,0
tests\corpus\generated.jsonl,2,230,28598,180.548,25.4088,1108.42,1314.44,0
tests\corpus\generated.jsonl,2,230,14269,167.36,23.4013,1107.07,1316.32,0
tests\corpus\generated.jsonl,2,230,28597,178.754,24.406,1111.85,1322.05,0
tests\corpus\generated.jsonl,2,117,14267,116.428,16.238,578.789,658.572,0
tests\corpus\generated.jsonl,2,1281,4675,719.892,89.7866,6155.99,7224,0
tests\corpus\generated.jsonl,2,1164,7479,743.354,87.6548,5622.68,6565.81,0
tests\corpus\generated.jsonl,2,351,6076,290.557,39.5592,1714.41,1979.93,0
tests\corpus\generated.jsonl,2,814,3738,446.771,52.1406,3917.67,4627.13,0
tests\corpus\generated.jsonl,2,1163,6541,719.848,88.6436,5610.07,6563.02,0
tests\corpus\generated.jsonl,2,1169,22457,723.727,89.6623,5622.84,6572.24,0
tests\corpus\generated.jsonl,2,1168,40306,818.271,100.696,5639.37,6588.56,0
tests\corpus\generated.jsonl,2,352,24568,339.039,43.5808,1730.04,1995.89,0
tests\corpus\generated.jsonl,2,2048,23394,1270.15,157.825,9880.27,11521.5,0
tests\corpus\generated.jsonl,2,2048,1878,1205.67,150.792,9888.26,11528.8,0
tests\corpus\generated.jsonl,2,2048,1878,1281.3,156.82,9917.93,11502.1,0
tests\corpus\generated.jsonl,2,1951,3756,1087.81,132.628,9426.31,10985.5,0
tests\corpus\generated.jsonl,2,232,234,170.112,23.4013,1118.24,1324.52,0
tests\corpus\generated.jsonl,2,117,14299,120.992,15.2409,577.245,652.163,0
tests\corpus\generated.jsonl,2,1051,26214,639.229,76.4715,5062.7,5935.29,0
tests\corpus\generated.jsonl,2,587,42886,493.595,64.9287,2867.26,3293.73,0
tests\corpus\generated.jsonl,2,348,3754,173.309,19.5058,1659.9,1986.25,0
tests\corpus\generated.jsonl,2,2048,30903,1396.74,168.878,9929.79,11532.2,0
tests\corpus\generated.jsonl,2,2048,4690,1261.62,155.812,9923.31,11507.9,0
tests\corpus\generated.jsonl,2,1061,2815,618.816,72.4913,5119.74,6002.77,0
tests\corpus\generated.jsonl,2,352,14313,284.853,38.5564,1722.86,1982.8,0
tests\corpus\generated.jsonl,2,2048,14078,1203.4,150.789,9884.09,11504.7,0
tests\corpus\generated.jsonl,2,2048,939,1189.55,142.772,9923.93,11544.8,0
tests\corpus\generated.jsonl,2,1182,939,710.221,83.6323,5730.72,6640.49,0
tests\corpus\generated.jsonl,2,1184,46877,744.045,92.6539,5725.01,6683.02,0
tests\corpus\generated.jsonl,2,229,25356,150.506,20.3948,1101.4,1307.49,0
tests\corpus\generated.jsonl,2,587,42886,462.749,62.9174,2852.47,3304.8,0
tests\corpus\generated.jsonl,2,347,18787,166.722,20.5021,1659.25,1984.47,0
tests\corpus\generated.jsonl,2,2048,57214,1274.76,160.822,9935.43,11525.3,0
tests\corpus\generated.jsonl,2,590,4706,374.636,47.8706,2841.66,3341.6,0
tests\corpus\generated.jsonl,2,2047,4690,1189.18,141.772,9924.38,11521.3,0
tests\corpus\generated.jsonl,2,121,72465,153.307,20.2568,604.325,674.807,0
tests\corpus\generated.jsonl,2,2048,14094,1180.83,150.778,9905.23,11545.1,0
tests\corpus\generated.jsonl,2,2048,1878,1235.63,153.806,9908.37,11528.5,0
tests\corpus\generated.jsonl,2,2048,1878,1226.92,151.792,9945.39,11544.1,0
tests\corpus\generated.jsonl,2,1013,3756,583.941,69.4086,4896.3,5717.01,0
tests\corpus\generated.jsonl,2,1168,33805,697.581,90.6342,5654.41,6583.78,0
tests\corpus\generated.jsonl,2,230,64725,164.816,21.4032,1104.78,1313.86,0
tests\corpus\generated.jsonl,2,591,72466,539.28,68.9399,2904.31,3344.16,0
tests\corpus\generated.jsonl,2,1520,26296,900.381,111.095,7345.74,8598.13,0
tests\corpus\generated.jsonl,2,698,28171,412.454,50.9882,3386.32,3953.07,0
tests\corpus\generated.jsonl,2,238,72464,207.006,28.4229,1155.16,1341.48,0
tests\corpus\generated.jsonl,2,463,57199,306.877,38.7013,2243.38,2624.67,0
tests\corpus\generated.jsonl,2,121,72464,169.557,21.2624,611.87,681.583,0
tests\corpus\generated.jsonl,2,1990,4690,1131.47,140.72,9623.96,11253.7,0
tests\corpus\generated.jsonl,2,591,72466,541.241,70.9484,2886.27,3324.07,0
tests\corpus\generated.jsonl,2,2048,939,1214.8,144.786,9931.81,11559.1,0
tests\corpus\generated.jsonl,2,2048,3756,1197.82,146.786,9907.14,11520,0
tests\corpus\generated.jsonl,2,1417,1878,832.758,103.969,6864.24,7995.01,0
tests\corpus\generated.jsonl,1,4,1070,25.1617,4.05846,25.9441,22.4742,0
tests\corpus\generated.jsonl,2,1167,3755,659.556,81.6211,5635.07,6574.95,0
tests\corpus\generated.jsonl,2,1169,15954,749.114,90.6492,5675.93,6602.14,0
tests\corpus\generated.jsonl,2,230,30047,148.405,18.392,1108.84,1310.35,0
tests\corpus\generated.jsonl,2,356,72449,338.773,44.6137,1755.28,2003.2,0
tests\corpus\generated.jsonl,2,1755,26280,1044.61,126.396,8502.18,9923.77,0
tests\corpus\generated.jsonl,2,2048,17829,1381.75,166.872,9921.56,11490.8,0
tests\corpus\generated.jsonl,2,996,1877,599.682,73.417,4802.2,5626.51,0
tests\corpus\generated.jsonl,2,120,88419,161.664,20.2596,603.689,670.093,0
tests\corpus\generated.jsonl,2,2048,939,1239.9,145.8,9919.57,11530.6,0
tests\corpus\generated.jsonl,2,2048,1878,1194.05,152.786,9900.48,11519.5,0
tests\corpus\generated.jsonl,2,2048,4695,1232.19,156.806,9926.12,11501.2,0
tests\corpus\generated.jsonl,2,308,3756,166.25,20.47,1473.48,1745.39,0
tests\corpus\generated.jsonl,2,465,24402,318.016,38.7097,2246,2631.18,0
tests\corpus\generated.jsonl,2,355,88407,336.885,44.6165,1746.75,2009.38,0
tests\corpus\generated.jsonl,2,2048,13140,1324.47,159.834,9912.9,11532.5,0
tests\corpus\generated.jsonl,2,646,3753,357.201,41.928,3131.02,3646.72,0
tests\corpus\generated.jsonl,2,1934,57265,1190.94,153.672,9378.8,10908.2,0
tests\corpus\generated.jsonl,2,421,93817,231.109,28.6346,2029.26,2378.74,0
tests\corpus\generated.jsonl,2,2048,9399,1226.19,145.781,9968.09,11522.6,0
tests\corpus\generated.jsonl,2,2040,939,1226.76,148.792,9892.71,11476.1,0
tests\corpus\generated.jsonl,2,2048,70422,1205.85,149.785,9904.27,11537.6,0
tests\corpus\generated.jsonl,2,83,5869,103.145,12.1967,413.134,456.404,0
tests\corpus\generated.jsonl,2,2048,13155,1323.11,159.834,9913.33,11533.1,0
tests\corpus\generated.jsonl,2,177,939,83.0183,10.2932,848.443,1004.86,0
tests\corpus\generated.jsonl,2,465,63853,286.429,35.6957,2245.65,2630.61,0
tests\corpus\generated.jsonl,2,120,88455,148.032,21.254,601.649,664.96,0
tests\corpus\generated.jsonl,2,2048,13155,1306.74,158.831,9905.18,11545.9,0
tests\corpus\generated.jsonl,2,2048,4691,1135.13,135.75,9921.14,11498.2,0
tests\corpus\generated.jsonl,2,8,1407,33.4723,5.09703,41.3109,49.529,0
tests\corpus\generated.jsonl,2,2048,23477,1234.58,154.799,9932.33,11519.7,0
tests\corpus\generated.jsonl,2,2042,939,1274.22,151.809,9908,11488.9,0
tests\corpus\generated.jsonl,2,2048,126683,1312.25,160.842,9896.87,11536.3,0
tests\corpus\generated.jsonl,2,194,33805,116.125,15.345,925.072,1093.62,0
tests\corpus\generated.jsonl,2,120,88490,156.753,20.2568,604.404,669.81,0
tests\corpus\generated.jsonl,2,1991,18773,1051.37,134.685,9620.13,11230.8,0
tests\corpus\generated.jsonl,2,1169,72299,753.416,95.6651,5642.23,6584.08,0
tests\corpus\generated.jsonl,2,464,29109,303.7,37.7041,2237.94,2630.56,0
tests\corpus\generated.jsonl,2,120,88488,156.025,20.2568,601.66,668.429,0
tests\corpus\generated.jsonl,2,2048,13140,1282.37,159.823,9902.16,11563.4,0
tests\corpus\generated.jsonl,2,2048,4691,1144.34,136.744,9936.9,11536.5,0
tests\corpus\generated.jsonl,2,9,1408,33.5975,5.09703,47.0116,57.3761,0
tests\corpus\generated.jsonl,2,1169,4690,692.83,80.6211,5676.86,6603.2,0
tests\corpus\generated.jsonl,2,120,88485,148.288,20.2512,609.436,677.749,0
tests\corpus\generated.jsonl,2,2048,9383,1182.42,145.772,9905.71,11559.8,0
tests\corpus\generated.jsonl,2,2048,939,1184.05,146.778,9913.74,11565.5,0
tests\corpus\generated.jsonl,2,2048,1878,1274.7,159.82,9929.75,11523.6,0
tests\corpus\generated.jsonl,2,1012,1878,586.791,70.4057,4902.79,5721.47,0
tests\corpus\generated.jsonl,1,4,8580,25.702,3.05846,26.1475,21.9888,0
tests\corpus\generated.jsonl,2,1169,1877,659.703,84.6211,5647.42,6614.16,0
tests\corpus\generated.jsonl,2,464,11263,281.277,37.6966,2224.12,2617.99,0
tests\corpus\generated.jsonl,2,590,88489,490.789,66.9287,2873.65,3314.9,0
tests\corpus\generated.jsonl,2,2048,13140,1289.57,157.823,9911.98,11553.6,0
tests\corpus\generated.jsonl,2,1584,4691,851.149,108.145,7669.4,8933.34,0
tests\corpus\generated.jsonl,2,117,143105,125.98,15.2399,589.3,658.203,0
tests\corpus\generated.jsonl,2,2048,9383,1195.18,144.769,9935.25,11572.8,0
tests\corpus\generated.jsonl,2,2048,1878,1263.93,152.823,9897.46,11510,0
tests\corpus\generated.jsonl,2,541,939,402.16,49.8159,2623.57,3057.35,0
tests\corpus\generated.jsonl,2,2048,140761,1081.63,139.74,9867.95,11502.1,0
tests\corpus\generated.jsonl,2,487,1878,297.03,36.7408,2335.03,2741.73,0
tests\corpus\generated.jsonl,2,1169,62916,843.03,99.7073,5651.07,6585.95,0
tests\corpus\generated.jsonl,2,1168,19726,839.312,100.704,5642.32,6591.97,0
tests\corpus\generated.jsonl,1,5,144984,31.6862,5.06316,33.7521,29.047,0
tests\corpus\generated.jsonl,2,2048,57281,1260.1,161.822,9917.16,11517.6,0
tests\corpus\generated.jsonl,2,2048,4691,1182.41,148.781,9907.36,11519,0
tests\corpus\generated.jsonl,2,1061,7506,584.824,69.4801,5100.59,5991.01,0
tests\corpus\generated.jsonl,2,356,72533,347.191,44.6221,1747.36,1995.2,0
tests\corpus\generated.jsonl,2,2048,939,1214.07,145.786,9908.43,11539.5,0
tests\corpus\generated.jsonl,2,412,939,214.942,24.5885,1994.82,2328.7,0
tests\corpus\generated.jsonl,2,234,88488,210.555,27.4201,1139.71,1334.69,0
tests\corpus\generated.jsonl,2,229,4691,135.692,17.3873,1095.48,1298.07,0
tests\corpus\generated.jsonl,2,231,57262,154.436,19.3948,1122.89,1330.52,0
tests\corpus\generated.jsonl,2,230,57260,143.857,19.3948,1098.94,1308.09,0
tests\corpus\generated.jsonl,2,233,88481,196.211,26.4173,1124.85,1325.47,0
tests\corpus\generated.jsonl,2,120,88479,154.91,20.2596,598.343,667.74,0
tests\corpus\generated.jsonl,2,346,9374,189.72,23.5114,1650.29,1973.88,0
tests\corpus\generated.jsonl,2,119,143117,142.528,17.2512,595.115,659.011,0
tests\corpus\generated.jsonl,2,347,7496,198.863,23.5142,1661.1,1981.83,0
tests\corpus\generated.jsonl,2,121,72520,157.67,20.2624,596.633,673.294,0
tests\corpus\generated.jsonl,2,1749,935,947.272,120.372,8406.31,9873.02,0
tests\corpus\generated.jsonl,2,229,28148,135.096,18.392,1091.42,1303.28,0
tests\corpus\generated.jsonl,2,120,88465,152.154,21.2568,598.745,663.052,0
tests\corpus\generated.jsonl,2,814,1869,476.115,54.1518,3921.87,4605.95,0
tests\corpus\generated.jsonl,2,351,144985,328.582,43.5779,1715.4,1977.44,0
tests\corpus\generated.jsonl,2,814,3738,438.137,53.1406,3908.83,4603.94,0
tests\corpus\generated.jsonl,2,351,1634,298.133,40.562,1717.17,1975.35,0
tests\corpus\generated.jsonl,2,814,3737,440.742,50.135,3919.1,4619.79,0
tests\corpus\generated.jsonl,2,230,46903,155.18,19.3976,1110.8,1321.16,0
tests\corpus\generated.jsonl,2,121,72493,159.237,19.2596,608.061,671.503,0
tests\corpus\generated.jsonl,2,2048,4671,1167.5,142.767,9893.6,11531.9,0
tests\corpus\generated.jsonl,2,1569,7474,908.8,108.17,7576.08,8844.61,0
tests\corpus\generated.jsonl,2,121,144983,162.942,19.2596,607.667,667.178,0
tests\corpus\generated.jsonl,2,2048,935,1223.14,148.795,9896.69,11518.7,0
tests\corpus\generated.jsonl,2,636,935,354.389,40.8895,3075.73,3599.84,0
tests\corpus\generated.jsonl,2,122,144987,171.5,21.2624,613.149,688.687,0
tests\corpus\generated.jsonl,2,2048,18707,1107.1,145.754,9864.67,11531,0
tests\corpus\generated.jsonl,2,649,939,354.128,40.928,3133.49,3655.38,0
tests\corpus\generated.jsonl,2,1168,167912,803.996,100.69,5628.57,6588.27,0
tests\corpus\generated.jsonl,2,700,67525,459.901,56.0163,3378.41,3960.53,0
tests\corpus\generated.jsonl,2,122,144987,163.375,19.2624,609.856,674.76,0
tests\corpus\generated.jsonl,2,2048,26214,1252.6,151.813,9899.89,11518.8,0
tests\corpus\generated.jsonl,2,2048,4691,1129.94,139.752,9894.24,11539.8,0
tests\corpus\generated.jsonl,2,1413,7506,853.757,102.975,6843.49,7952.95,0
tests\corpus\generated.jsonl,2,121,72452,161.557,20.2596,608.769,673.839,0
tests\corpus\generated.jsonl,2,2048,28091,1197.65,155.794,9893.02,11565.9,0
tests\corpus\generated.jsonl,2,2048,3756,1166.47,135.755,9931.87,11525.7,0
tests\corpus\generated.jsonl,2,2048,4695,1266.9,158.826,9907.74,11548.8,0
tests\corpus\generated.jsonl,2,543,939,315.721,35.7709,2619.78,3067.4,0
tests\corpus\generated.jsonl,2,1169,75975,769.225,96.6708,5651.71,6593.07,0
tests\corpus\generated.jsonl,2,699,106962,530.319,61.0416,3389.39,3971.57,0
tests\corpus\generated.jsonl,2,357,144987,327.488,43.6137,1750.25,2010.18,0
tests\corpus\generated.jsonl,2,411,13141,275.675,33.6223,1969.25,2339.83,0
tests\corpus\generated.jsonl,2,2048,140762,1120.01,140.746,9912.85,11523.1,0
tests\corpus\generated.jsonl,2,2048,4707,1154.58,148.767,9916.01,11536.4,0
tests\corpus\generated.jsonl,2,1018,6584,597.142,74.417,4917.91,5748.39,0
tests\corpus\generated.jsonl,2,238,72469,210.071,27.4257,1150.59,1339.53,0
tests\corpus\generated.jsonl,2,464,188575,311.087,38.7041,2247.88,2625.8,0
tests\corpus\generated.jsonl,2,357,144985,331.712,43.6137,1756.25,2009.45,0
tests\corpus\generated.jsonl,2,2048,11278,1210.18,142.789,9892.51,11546.3,0
tests\corpus\generated.jsonl,2,2048,4695,1182.29,141.767,9935.91,11543.6,0
tests\corpus\generated.jsonl,2,244,939,161.142,20.3985,1174.79,1384.1,0
tests\corpus\generated.jsonl,2,934,215813,609.061,77.367,4497.24,5270.31,0
tests\corpus\generated.jsonl,2,237,144989,208.946,27.4229,1148.24,1343.7,0
tests\corpus\generated.jsonl,2,1169,58141,784.68,93.6708,5654.93,6577.4,0
tests\corpus\generated.jsonl,2,699,15032,421.759,53.9919,3381.47,3960.76,0
tests\corpus\generated.jsonl,2,122,144987,164.439,20.2596,618.901,687.181,0
tests\corpus\generated.jsonl,2,2048,26297,1287.2,155.825,9902.74,11544.9,0
tests\corpus\generated.jsonl,2,1819,4691,1002.62,118.452,8817.28,10225.6,0
tests\corpus\generated.jsonl,2,356,144985,334.889,44.6137,1756.98,2016.84,0
tests\corpus\generated.jsonl,2,2048,28174,1229.77,154.799,9910.35,11535.3,0
tests\corpus\generated.jsonl,2,2048,939,1147.17,140.755,9935.24,11528.3,0
tests\corpus\generated.jsonl,2,2048,4695,1222.62,144.786,9961.76,11509,0
tests\corpus\generated.jsonl,2,776,1878,462.376,59.1161,3749.72,4390.01,0
tests\corpus\generated.jsonl,1,4,2243,25.3537,3.05846,26.3169,22.2175,0
tests\corpus\generated.jsonl,2,1168,1877,673.382,85.6295,5633.37,6601.6,0
tests\corpus\generated.jsonl,2,118,231534,157.212,19.2568,592.66,660.628,0
tests\corpus\generated.jsonl,2,2048,13141,1276.97,156.814,9917.62,11540,0
tests\corpus\generated.jsonl,2,176,4692,85.1099,10.2932,844.539,999.809,0
tests\corpus\generated.jsonl,2,701,142640,425.683,50.991,3415.65,3982.24,0
tests\corpus\generated.jsonl,2,121,144988,158.053,19.2568,613.264,676.298,0
tests\corpus\generated.jsonl,2,2048,4691,1182.11,138.767,9936.42,11529.2,0
tests\corpus\generated.jsonl,2,1115,7506,629.664,74.5299,5409.36,6281.79,0
tests\corpus\generated.jsonl,2,473,72455,391.78,52.7435,2301.17,2676.98,0
tests\corpus\generated.jsonl,2,118,231532,156.644,20.2568,592.324,662.328,0
tests\corpus\generated.jsonl,2,2048,14079,1241.35,153.795,9935.07,11557.4,0
tests\corpus\generated.jsonl,2,2048,3756,1146.78,134.755,9940.01,11523.1,0
tests\corpus\generated.jsonl,2,2048,4695,1255.02,153.814,9932.25,11516.8,0
tests\corpus\generated.jsonl,1,74,235,24.7689,3.05846,344.898,431.69,0
tests\corpus\generated.jsonl,2,118,231535,152.911,19.2568,587.898,655.723,0
tests\corpus\generated.jsonl,2,2048,26282,1219.99,150.802,9894.14,11544.7,0
tests\corpus\generated.jsonl,2,177,939,90.5604,10.2961,850.779,1004.19,0
tests\corpus\generated.jsonl,2,588,231535,512.613,66.9371,2868.29,3303.96,0
tests\corpus\generated.jsonl,2,2048,13141,1303.02,157.823,9932.73,11550.6,0
tests\corpus\generated.jsonl,2,2048,7507,1220.42,147.792,9912.07,11505.2,0
tests\corpus\generated.jsonl,2,774,939,521.148,63.1414,3769.35,4364.21,0
tests\corpus\generated.jsonl,2,2048,93824,1198.94,148.771,9948.88,11546.2,0
tests\corpus\generated.jsonl,2,2048,1878,1248.09,153.812,9928.15,11496.9,0
tests\corpus\generated.jsonl,2,1256,3756,704.322,88.7481,6060.88,7101.03,0
tests\corpus\generated.jsonl,2,118,231537,158.373,19.2568,594.335,666.536,0
tests\corpus\generated.jsonl,2,2048,26298,1249.36,155.808,9914.15,11554.1,0
tests\corpus\generated.jsonl,2,177,1877,82.2148,10.2932,850.03,1006.29,0
tests\corpus\generated.jsonl,2,231,231553,200.703,26.4173,1115.29,1315.92,0
tests\corpus\generated.jsonl,2,25,144991,54.7066,6.10736,135.824,157.018,0
tests\corpus\generated.jsonl,1,5,44,19.0885,2.05781,23.5177,37.9865,0
tests\corpus\generated.jsonl,1,6,150,24.6529,3.0628,25.7267,43.8083,0
tests\corpus\generated.jsonl,2,328,235,257.272,34.0077,1603.23,1838.42,0
tests\corpus\generated.jsonl,2,346,469,200.902,25.9827,1652.26,1973.99,0
tests\corpus\generated.jsonl,2,351,703,285.762,39.0244,1716.79,1970.7,0
tests\corpus\generated.jsonl,2,584,938,336.916,36.6574,2806.55,3301.78,0
tests\corpus\generated.jsonl,2,585,1173,436.453,59.7019,2849.73,3283.31,0
tests\corpus\generated.jsonl,2,583,938,315.278,36.6462,2797.02,3291.09,0
tests\corpus\generated.jsonl,2,350,1173,279.137,38.0161,1716.23,1963.98,0
tests\corpus\generated.jsonl,2,818,938,468.171,54.246,3945.06,4623.53,0
tests\corpus\generated.jsonl,2,2048,939,1241.38,147.486,9948.31,11500.6,0
tests\corpus\generated.jsonl,2,2040,939,1231.8,150.472,9924.55,11461.6,0
tests\corpus\generated.jsonl,2,2047,4695,1127.51,139.442,9900.62,11498.8,0
tests\corpus\generated.jsonl,2,547,235,394.309,51.6075,2660.34,3058.86,0
tests\corpus\generated.jsonl,2,1989,8450,1241.57,145.423,9600.61,11184.5,0
tests\corpus\generated.jsonl,2,117,10560,130.392,15.4182,578.531,651.711,0
tests\corpus\generated.jsonl,2,1052,9388,614.446,74.8458,5074.46,5926.88,0
tests\corpus\generated.jsonl,2,1168,5631,787.983,93.2291,5652.53,6577.92,0
tests\corpus\generated.jsonl,2,352,12672,291.595,40.0217,1728.74,1989.02,0
tests\corpus\generated.jsonl,2,2048,4691,1221.41,146.484,9906.89,11505,0
tests\corpus\generated.jsonl,2,1584,7506,982.697,118.312,7661.56,8880.75,0
tests\corpus\generated.jsonl,2,117,14314,131.78,15.4155,583.072,655.363,0
tests\corpus\generated.jsonl,2,2048,14079,1242.7,155.497,9895.01,11484.5,0
tests\corpus\generated.jsonl,2,2048,939,1143.36,142.442,9917.16,11482.5,0
tests\corpus\generated.jsonl,2,1417,4695,824.267,99.8509,6876.41,7955.7,0
tests\corpus\generated.jsonl,2,229,7509,139.947,16.73,1097.45,1292.3,0
tests\corpus\generated.jsonl,2,2048,13139,1334.7,159.525,9943.79,11506.7,0
tests\corpus\generated.jsonl,2,649,1173,468.708,64.8741,3138.8,3639.41,0
tests\corpus\generated.jsonl,2,2048,26280,1292.24,152.519,9899.25,11469.5,0
tests\corpus\generated.jsonl,2,2048,4691,1169.17,140.453,9932.33,11494.1,0
tests\corpus\generated.jsonl,2,2048,939,1304.7,154.506,9975.04,11471.5,0
tests\corpus\generated.jsonl,2,2048,1878,1241.73,151.486,9944.89,11494.3,0
tests\corpus\generated.jsonl,2,2048,4695,1188.18,138.456,9947.1,11488.7,0
tests\corpus\generated.jsonl,2,967,3756,601.386,73.6875,4680.47,5430.62,0
tests\corpus\generated.jsonl,2,172,4711,92.4221,11.5551,820.389,974.388,0
tests\corpus\generated.jsonl,2,2048,13156,1340.54,157.534,9932.66,11470.6,0
tests\corpus\generated.jsonl,2,649,1173,455.695,62.8657,3141.73,3650.37,0
tests\corpus\generated.jsonl,2,2048,26295,1302.18,154.525,9888.04,11490,0
tests\corpus\generated.jsonl,2,2048,4691,1183.08,140.456,9923.46,11483.7,0
tests\corpus\generated.jsonl,2,944,1877,577.144,75.607,4557.6,5291.04,0
tests\corpus\generated.jsonl,2,587,14329,452.383,60.7103,2858.07,3281.63,0
tests\corpus\generated.jsonl,2,2048,1878,1226.2,143.47,9928.74,11512.9,0
tests\corpus\generated.jsonl,2,2048,3756,1164.26,142.45,9916.8,11489,0
tests\corpus\generated.jsonl,2,712,4695,431.485,50.9989,3456.36,3996.97,0
tests\corpus\generated.jsonl,2,1169,3755,681.739,85.1845,5650.86,6582.99,0
tests\corpus\generated.jsonl,2,2048,52575,1348.18,163.555,9897.92,11486.9,0
tests\corpus\generated.jsonl,2,414,1173,303.219,40.1827,2008.57,2319.73,0
tests\corpus\generated.jsonl,2,345,16890,203.634,25.9877,1642.16,1965.62,0
tests\corpus\generated.jsonl,2,230,55386,170.5,18.7434,1106.08,1307.46,0
tests\corpus\generated.jsonl,2,230,14306,168.291,22.7412,1109,1314.41,0
tests\corpus\generated.jsonl,2,117,14304,123.575,15.4127,583.469,660.306,0
tests\corpus\generated.jsonl,1,113,30978,31.2854,4.06779,522.577,655.514,0
tests\corpus\generated.jsonl,2,117,11486,137.03,17.4182,584.949,658.026,0
tests\corpus\generated.jsonl,2,346,3741,171.578,19.9688,1649.79,1972.34,0
tests\corpus\generated.jsonl,2,230,57253,157.584,20.7378,1113.24,1318.63,0
tests\corpus\generated.jsonl,1,5,6684,25.6372,4.0628,31.1218,29.218,0
tests\corpus\generated.jsonl,2,461,5614,311.108,36.3409,2217.42,2598.48,0
tests\corpus\generated.jsonl,2,230,28155,142.282,18.7294,1109.68,1310.19,0
tests\corpus\generated.jsonl,2,230,57249,172.512,18.7434,1115.19,1315.49,0
tests\corpus\generated.jsonl,2,229,57248,162.279,18.7378,1107.1,1302.11,0
tests\corpus\generated.jsonl,2,230,57247,157.772,19.7378,1110.63,1313.71,0
tests\corpus\generated.jsonl,2,464,57246,330.134,38.3459,2245.29,2625.26,0
tests\corpus\generated.jsonl,2,117,4905,117.816,15.4099,583.294,655.972,0
tests\corpus\generated.jsonl,2,2048,935,1219.02,148.484,9895.3,11533.6,0
tests\corpus\generated.jsonl,2,2038,935,1217.98,141.467,9874.84,11443.7,0
tests\corpus\generated.jsonl,1,5,12291,25.7954,3.0628,33.0428,29.4774,0
tests\corpus\generated.jsonl,2,584,1169,424.69,59.6936,2846.93,3289.54,0
tests\corpus\generated.jsonl,2,2048,4675,1191.84,144.461,9907.39,11525.1,0
tests\corpus\generated.jsonl,2,168,935,82.9026,9.5495,801.368,954.94,0
tests\corpus\generated.jsonl,2,1165,3739,681.046,85.1845,5626.6,6560.55,0
tests\corpus\generated.jsonl,2,1164,7477,693.706,87.1901,5624.31,6566.79,0
tests\corpus\generated.jsonl,2,229,48757,142.728,19.7322,1096.07,1299.88,0
tests\corpus\generated.jsonl,2,230,57202,162.527,19.7434,1099.89,1311.58,0
tests\corpus\generated.jsonl,2,230,57201,154.101,19.7378,1100.71,1303.16,0
tests\corpus\generated.jsonl,2,230,57200,153.569,20.7378,1107.84,1308.76,0
tests\corpus\generated.jsonl,2,229,57199,160.801,18.7434,1093.37,1298.12,0
tests\corpus\generated.jsonl,2,2048,57198,1256.24,161.511,9888.96,11483.1,0
tests\corpus\generated.jsonl,2,649,1173,463.884,62.8657,3143.81,3648.78,0
tests\corpus\generated.jsonl,2,2048,23394,1233.13,152.489,9900.16,11498,0
tests\corpus\generated.jsonl,2,2048,939,1198.97,145.47,9920.14,11507.1,0
tests\corpus\generated.jsonl,2,2048,939,1274.31,154.503,9917.58,11479,0
tests\corpus\generated.jsonl,2,1951,3756,1132.62,131.211,9416.75,10950,0
tests\corpus\generated.jsonl,2,1169,43121,820.584,96.248,5656.03,6572.05,0
tests\corpus\generated.jsonl,2,1167,4692,691.577,82.1845,5639.45,6570.17,0
tests\corpus\generated.jsonl,2,587,73857,525.746,68.7543,2838.45,3293.02,0
tests\corpus\generated.jsonl,2,2048,13140,1289.69,156.52,9885.33,11498.5,0
tests\corpus\generated.jsonl,2,189,46872,95.5014,13.5573,900.317,1073.02,0
tests\corpus\generated.jsonl,2,121,72464,169.053,20.4344,610.225,674.135,0
tests\corpus\generated.jsonl,2,2048,9400,1250.43,156.503,9885.54,11534.5,0
tests\corpus\generated.jsonl,2,2048,1878,1205.03,145.47,9920.75,11474.8,0
tests\corpus\generated.jsonl,2,2048,3756,1248.82,143.484,9948.69,11500.7,0
tests\corpus\generated.jsonl,2,1717,4695,962.086,114.598,8302.36,9633.73,0
tests\corpus\generated.jsonl,2,230,51570,158.618,19.7378,1114.35,1323.32,0
tests\corpus\generated.jsonl,2,121,72468,167.462,20.4344,609.253,676.938,0
tests\corpus\generated.jsonl,2,817,18789,449.406,55.2371,3938.36,4615.97,0
tests\corpus\generated.jsonl,2,1169,8449,778.015,86.2235,5653.71,6552.2,0
tests\corpus\generated.jsonl,2,1168,18786,629.552,80.1561,5654.47,6566.47,0
tests\corpus\generated.jsonl,2,587,10559,496.305,61.7298,2856.78,3302.8,0
tests\corpus\generated.jsonl,2,2048,4690,1222.75,145.481,9898.77,11512.1,0
tests\corpus\generated.jsonl,2,1349,7505,831.362,100.704,6528.32,7578.34,0
tests\corpus\generated.jsonl,2,355,88421,339.26,46.1239,1749.17,2001.46,0
tests\corpus\generated.jsonl,2,2048,1878,1209.73,144.481,9891.63,11508.9,0
tests\corpus\generated.jsonl,2,2048,1878,1166.78,142.445,9943.15,11512.6,0
tests\corpus\generated.jsonl,2,2048,4695,1231.26,146.472,9964.2,11489.8,0
tests\corpus\generated.jsonl,2,308,7512,170.03,19.8938,1482.76,1743.97,0
tests\corpus\generated.jsonl,2,229,91005,169.251,19.7434,1100.77,1294.27,0
tests\corpus\generated.jsonl,2,121,72467,170.78,19.4344,613.553,672.132,0
tests\corpus\generated.jsonl,2,1990,26297,1174.96,142.386,9606.58,11195.6,0
tests\corpus\generated.jsonl,2,1168,24403,758.101,90.2229,5633.05,6556.36,0
tests\corpus\generated.jsonl,2,1169,35680,783.691,90.2229,5674.26,6579.85,0
tests\corpus\generated.jsonl,2,117,109541,147.75,18.426,582.599,656.402,0
tests\corpus\generated.jsonl,2,2048,4690,1209.27,144.481,9890.49,11504,0
tests\corpus\generated.jsonl,2,2048,939,1142.77,137.442,9913.3,11513.3,0
tests\corpus\generated.jsonl,2,2048,1878,1282.42,153.5,9962.15,11504.2,0
tests\corpus\generated.jsonl,2,2048,4695,1208.67,144.461,9955.95,11526.1,0
tests\corpus\generated.jsonl,2,137,4695,67.5696,7.46621,656.202,793.591,0
tests\corpus\generated.jsonl,1,4,131,24.618,4.0628,26.0234,22.6325,0
tests\corpus\generated.jsonl,2,1167,42250,693.475,88.1839,5658.17,6571.72,0
tests\corpus\generated.jsonl,2,230,56311,129.255,17.7267,1110.63,1314.9,0
tests\corpus\generated.jsonl,2,591,72451,508.411,68.7376,2888.17,3315.36,0
tests\corpus\generated.jsonl,2,1520,26280,893.625,106.114,7336.82,8582.06,0
tests\corpus\generated.jsonl,2,1168,44125,714.501,90.1979,5649.3,6577.84,0
tests\corpus\generated.jsonl,2,2048,75029,1241.86,151.494,9936.4,11516,0
tests\corpus\generated.jsonl,2,997,1877,578.002,73.7625,4792.4,5610.26,0
tests\corpus\generated.jsonl,2,120,88404,140.411,20.426,594.874,667.791,0
tests\corpus\generated.jsonl,2,2048,28156,1190.47,154.469,9898.48,11515.1,0
tests\corpus\generated.jsonl,2,1416,1878,831.606,102.856,6856.87,7965.44,0
tests\corpus\generated.jsonl,2,2048,46945,1221.6,147.463,9954.02,11513,0
tests\corpus\generated.jsonl,2,956,1878,581.147,68.6015,4638.45,5397.73,0
tests\corpus\generated.jsonl,2,1170,7527,713.848,82.1901,5675.32,6586.79,0
tests\corpus\generated.jsonl,2,230,95696,164.732,18.7406,1106.9,1309.83,0
tests\corpus\generated.jsonl,2,234,72511,201.169,26.7601,1129.46,1324.07,0
tests\corpus\generated.jsonl,2,121,72512,163.885,20.4316,612.584,671.484,0
tests\corpus\generated.jsonl,2,1755,26296,1088.6,127.733,8496.94,9875.15,0
tests\corpus\generated.jsonl,2,2048,26295,1325.77,158.522,9946.43,11511.8,0
tests\corpus\generated.jsonl,2,1465,4690,847.339,97.9397,7090.47,8219.56,0
tests\corpus\generated.jsonl,2,356,72534,351.597,45.1294,1747.82,2003.77,0
tests\corpus\generated.jsonl,2,2048,939,1244.95,148.497,9902.21,11504.3,0
tests\corpus\generated.jsonl,2,2048,939,1172.47,141.45,9951.27,11503.9,0
tests\corpus\generated.jsonl,2,1651,4695,938.261,113.439,8017.02,9270.88,0
tests\corpus\generated.jsonl,2,466,147333,338.182,37.3487,2260.82,2630.34,0
tests\corpus\generated.jsonl,2,233,88452,194.144,27.7545,1130.83,1327.17,0
tests\corpus\generated.jsonl,2,120,88453,143.747,18.4232,605.271,668.665,0
tests\corpus\generated.jsonl,2,2048,13139,1271.61,151.5,9929.26,11527.8,0
tests\corpus\generated.jsonl,2,646,4692,362.704,43.8212,3124.34,3638.53,0
tests\corpus\generated.jsonl,2,1168,34741,833.405,95.248,5662,6557.25,0
tests\corpus\generated.jsonl,1,5,144984,31.6862,5.06779,33.172,29.2202,0
tests\corpus\generated.jsonl,2,2048,4690,1212.52,148.481,9947.47,11512.8,0
tests\corpus\generated.jsonl,2,997,1877,584.077,67.7569,4819.33,5607.41,0
tests\corpus\generated.jsonl,2,239,72533,213.581,28.7629,1168.76,1349.97,0
tests\corpus\generated.jsonl,2,352,14313,300.538,38.0217,1744.03,1986.07,0
tests\corpus\generated.jsonl,2,2048,14078,1198.59,148.464,9915.79,11512.4,0
tests\corpus\generated.jsonl,2,2048,939,1161.51,141.453,9936.42,11484.2,0
tests\corpus\generated.jsonl,2,1886,4695,1102.97,131.045,9161.71,10595.5,0
tests\corpus\generated.jsonl,2,465,55388,323.3,38.3403,2260.76,2630.85,0
tests\corpus\generated.jsonl,2,122,144987,166.904,20.4316,621.918,676.85,0
tests\corpus\generated.jsonl,2,2048,13140,1301.8,150.5,9959.4,11521.6,0
tests\corpus\generated.jsonl,2,880,4692,503.99,61.4182,4258.89,4944.77,0
tests\corpus\generated.jsonl,2,1169,131375,665.387,86.1728,5664.79,6576.73,0
tests\corpus\generated.jsonl,2,117,143105,136.493,16.4205,582.874,653.165,0
tests\corpus\generated.jsonl,2,2048,4690,1228.37,146.486,9918.15,11519.7,0
tests\corpus\generated.jsonl,2,2048,939,1269.74,143.497,9949.93,11491.1,0
tests\corpus\generated.jsonl,2,2048,1878,1273.01,160.509,9944.85,11526.1,0
tests\corpus\generated.jsonl,2,2048,4695,1211.7,145.478,9937.85,11496.9,0
tests\corpus\generated.jsonl,2,1311,4695,735.895,86.5065,6355.89,7393.47,0
tests\corpus\generated.jsonl,2,464,37543,274.698,36.3208,2250.08,2632.23,0
tests\corpus\generated.jsonl,2,357,144986,359.36,44.1294,1770.78,2006.62,0
tests\corpus\generated.jsonl,2,1350,26280,849.472,101.709,6553.3,7611.64,0
tests\corpus\generated.jsonl,2,187,140760,94.071,12.5545,896.033,1067.71,0
tests\corpus\generated.jsonl,2,231,139822,152.731,18.735,1114.01,1320.61,0
tests\corpus\generated.jsonl,2,591,72532,544.448,70.7459,2903.22,3334.65,0
tests\corpus\generated.jsonl,2,1520,26297,913.348,110.131,7324.94,8565.52,0
tests\corpus\generated.jsonl,2,352,143106,306.564,38.0267,1735.99,1985.24,0
tests\corpus\generated.jsonl,2,2048,9400,1248.7,150.495,9912.68,11523.9,0
tests\corpus\generated.jsonl,2,2048,1878,1184.71,144.467,9915.68,11517.4,0
tests\corpus\generated.jsonl,2,2048,939,1300.09,159.509,9963.77,11553,0
tests\corpus\generated.jsonl,2,1950,4695,1117.24,134.209,9427.72,10961.9,0
tests\corpus\generated.jsonl,2,1169,103273,791.793,95.2313,5659.33,6585.98,0
tests\corpus\generated.jsonl,1,5,144988,31.6862,4.06779,31.9241,29.6445,0
tests\corpus\generated.jsonl,2,1167,63855,768.109,94.2173,5646.97,6577.91,0
tests\corpus\generated.jsonl,1,5,144986,31.6862,5.06779,32.9908,29.6421,0
tests\corpus\generated.jsonl,2,2048,57266,1269.26,157.497,9961.21,11521.5,0
tests\corpus\generated.jsonl,2,1467,4691,861.64,104.948,7098.76,8265.59,0
tests\corpus\generated.jsonl,2,117,143107,128.613,16.4205,574.694,650.142,0
tests\corpus\generated.jsonl,2,2048,9383,1231.57,148.495,9887.64,11493.5,0
tests\corpus\generated.jsonl,2,2048,1878,1142.99,142.453,9881.5,11502.7,0
tests\corpus\generated.jsonl,2,362,4458,310.764,41.1133,1766.82,2023.97,0
tests\corpus\generated.jsonl,2,345,4691,183.373,21.9743,1645.14,1970.74,0
tests\corpus\generated.jsonl,2,231,57262,158.331,19.7378,1119.37,1315.75,0
tests\corpus\generated.jsonl,2,230,114527,156.221,18.7378,1107.55,1307.14,0
tests\corpus\generated.jsonl,2,233,176902,201.096,26.7573,1129.7,1325.53,0
tests\corpus\generated.jsonl,2,120,88479,167.233,19.4316,610.054,665.373,0
tests\corpus\generated.jsonl,2,346,9373,189.33,23.9799,1645.52,1963.11,0
tests\corpus\generated.jsonl,2,234,72522,205.665,26.7601,1133.62,1331.78,0
tests\corpus\generated.jsonl,2,233,88477,190.345,26.7573,1119.65,1327.15,0
tests\corpus\generated.jsonl,2,121,72520,169.556,20.4344,611.219,672.979,0
tests\corpus\generated.jsonl,2,1749,935,1015.52,118.703,8431.77,9841.26,0
tests\corpus\generated.jsonl,2,1164,142650,685.385,86.1867,5625.37,6546.73,0
tests\corpus\generated.jsonl,2,230,42221,155.233,19.7378,1110.85,1315.52,0
tests\corpus\generated.jsonl,2,234,72488,209.952,28.7629,1134.15,1327.96,0
tests\corpus\generated.jsonl,2,233,176883,207.832,26.7573,1133.92,1336.26,0
tests\corpus\generated.jsonl,2,120,88458,155.174,19.4288,602.272,670.587,0
tests\corpus\generated.jsonl,2,346,1869,173.758,20.9715,1648.59,1966.47,0
tests\corpus\generated.jsonl,2,585,144752,512.399,66.7431,2837.4,3282.85,0
tests\corpus\generated.jsonl,2,580,3737,312.544,35.6462,2772.64,3267.97,0
tests\corpus\generated.jsonl,2,463,30009,311.422,39.3403,2238.45,2609.24,0
tests\corpus\generated.jsonl,2,121,72475,170.077,20.4344,613.235,678.091,0
tests\corpus\generated.jsonl,2,1748,4671,998.377,118.692,8440.84,9843.47,0
tests\corpus\generated.jsonl,2,351,143114,301.5,39.0294,1723.38,1976.1,0
tests\corpus\generated.jsonl,2,2048,8408,1302.72,153.525,9886.71,11513.1,0
tests\corpus\generated.jsonl,2,2039,935,1165.11,140.45,9873.52,11469,0
tests\corpus\generated.jsonl,2,122,144987,158.537,21.4316,605.469,673.234,0
tests\corpus\generated.jsonl,2,2048,18706,1130.62,145.441,9907.63,11503,0
tests\corpus\generated.jsonl,2,649,939,347.85,43.8128,3139.37,3660.57,0
tests\corpus\generated.jsonl,2,699,93819,416.412,52.9206,3373.87,3947.05,0
tests\corpus\generated.jsonl,2,357,144988,328.439,43.1239,1747.13,1997.6,0
tests\corpus\generated.jsonl,2,2048,26212,1317.5,154.522,9927.02,11490.6,0
tests\corpus\generated.jsonl,2,531,3518,427.218,53.5409,2591.62,2992.9,0
tests\corpus\generated.jsonl,2,2048,4691,1201.56,144.475,9897.67,11522.3,0
tests\corpus\generated.jsonl,2,1350,4691,770.963,93.6815,6519.57,7579.31,0
tests\corpus\generated.jsonl,2,591,72451,518.939,69.7431,2881.28,3319.71,0
tests\corpus\generated.jsonl,2,881,9384,525.235,62.4293,4237.16,4961.77,0
tests\corpus\generated.jsonl,2,2048,140763,1160.21,147.447,9931.23,11484,0
tests\corpus\generated.jsonl,2,2048,1878,1267.77,153.506,9926.18,11487.2,0
tests\corpus\generated.jsonl,2,1725,939,989.275,119.614,8345.64,9695.05,0
tests\corpus\generated.jsonl,2,588,231533,512.458,64.7348,2876.37,3308.72,0
tests\corpus\generated.jsonl,2,2048,13157,1270.14,153.509,9910.41,11524.9,0
tests\corpus\generated.jsonl,2,881,3753,488.308,62.407,4267.12,4961.2,0
tests\corpus\generated.jsonl,2,1168,135132,740.845,91.2146,5644.53,6580.87,0
tests\corpus\generated.jsonl,2,353,143106,291.372,41.1072,1722.57,1985.36,0
tests\corpus\generated.jsonl,2,1991,4691,1172.79,135.37,9648.77,11218.3,0
tests\corpus\generated.jsonl,2,356,144984,348.663,44.1294,1752.88,1998.47,0
tests\corpus\generated.jsonl,2,2048,939,1214.96,145.481,9908.21,11527.5,0
tests\corpus\generated.jsonl,2,2048,939,1198.12,142.464,9934.15,11517.2,0
tests\corpus\generated.jsonl,2,1650,4695,961.24,118.453,7988.9,9297.91,0
tests\corpus\generated.jsonl,2,588,231532,507.047,65.732,2869.72,3304.37,0
tests\corpus\generated.jsonl,2,2048,26297,1266.39,150.497,9938.02,11537,0
tests\corpus\generated.jsonl,2,881,3753,497.966,61.407,4273.84,4969.66,0
tests\corpus\generated.jsonl,2,118,231533,147.419,19.426,588.115,659.787,0
tests\corpus\generated.jsonl,2,2048,4691,1197.21,143.478,9893.16,11491.6,0
tests\corpus\generated.jsonl,2,1350,4691,747.01,94.6731,6516.68,7594.72,0
tests\corpus\generated.jsonl,2,356,72452,333.71,43.1239,1752.91,1998.9,0
tests\corpus\generated.jsonl,2,2048,14079,1220.76,149.47,9926.07,11516.8,0
tests\corpus\generated.jsonl,2,2048,1878,1165.11,143.461,9918.72,11517.5,0
tests\corpus\generated.jsonl,2,2048,4695,1253.95,151.495,9953.99,11482.6,0
tests\corpus\generated.jsonl,2,776,1878,454.263,55.1655,3746.44,4383.45,0
tests\corpus\generated.jsonl,2,353,231534,331.912,44.1239,1729.36,1984.9,0
tests\corpus\generated.jsonl,2,1891,26281,1198.55,141.175,9157.76,10601.2,0
tests\corpus\generated.jsonl,1,6,84,19.2537,2.05573,25.7264,42.6385,0
tests\corpus\generated.jsonl,1,101,233,24.7667,4.0604,471.796,586.936,0
tests\corpus\generated.jsonl,2,115,234,110.396,13.3872,569.054,647.085,0
tests\corpus\generated.jsonl,2,701,235,464.64,63.8393,3398.93,3942.4,0
tests\corpus\generated.jsonl,1,113,939,25.1278,3.0604,523.544,655.12,0
tests\corpus\generated.jsonl,2,351,468,277.75,36.9655,1725.3,1975.79,0
tests\corpus\generated.jsonl,2,584,938,333.7,41.5663,2813.46,3295.97,0
tests\corpus\generated.jsonl,2,116,1172,128.364,15.3956,575.492,649.975,0
tests\corpus\generated.jsonl,1,115,939,25.1278,3.0604,538.498,668.856,0
tests\corpus\generated.jsonl,2,933,938,578.896,66.4623,4524.18,5248.28,0
tests\corpus\generated.jsonl,2,585,1173,417.485,57.6025,2854.9,3281.39,0
tests\corpus\generated.jsonl,2,1052,3753,597.433,71.6908,5076.87,5937.91,0
tests\corpus\generated.jsonl,2,2048,939,1243.26,148.207,9942.16,11482.9,0
tests\corpus\generated.jsonl,2,2041,1878,1208.77,149.19,9910.89,11439.5,0
tests\corpus\generated.jsonl,2,2045,4695,1173.12,141.163,9930.19,11482,0
tests\corpus\generated.jsonl,2,254,1878,171.68,21.7036,1230.89,1434.82,0
tests\corpus\generated.jsonl,2,641,1894,368.015,45.7241,3101.5,3605.9,0
tests\corpus\generated.jsonl,2,352,3302,328.735,40.985,1736.62,1995.24,0
tests\corpus\generated.jsonl,2,818,1893,453.204,55.1299,3930.17,4611.62,0
tests\corpus\generated.jsonl,2,698,10342,456.119,53.8393,3368.66,3921.56,0
tests\corpus\generated.jsonl,2,2048,13157,1312.56,158.224,9973.59,11504.3,0
tests\corpus\generated.jsonl,2,762,3753,465.093,54.9832,3674.54,4289.42,0
tests\corpus\generated.jsonl,2,2048,7523,1300.74,151.229,9948.16,11479.9,0
tests\corpus\generated.jsonl,2,2043,1878,1178.44,147.185,9886,11444,0
tests\corpus\generated.jsonl,2,2044,14096,1224.01,148.188,9910.9,11451.7,0
tests\corpus\generated.jsonl,2,2048,15035,1250.26,150.199,9940.6,11487.4,0
tests\corpus\generated.jsonl,2,257,939,171.327,20.777,1244.69,1448.21,0
tests\corpus\generated.jsonl,2,352,11734,298.939,37.9711,1732.89,1977.15,0
tests\corpus\generated.jsonl,2,2048,13141,1306.95,155.229,9921.16,11513,0
tests\corpus\generated.jsonl,2,1114,3753,650.316,77.8514,5393.86,6259.46,0
tests\corpus\generated.jsonl,2,1168,6569,746.126,89.0343,5676.49,6567.62,0
tests\corpus\generated.jsonl,2,469,15955,305.106,36.2673,2270.05,2634.27,0
tests\corpus\generated.jsonl,2,352,28643,298.367,38.9757,1732,1977.71,0
tests\corpus\generated.jsonl,2,1521,4691,850.113,108.886,7345.82,8566.79,0
tests\corpus\generated.jsonl,2,117,14313,128.826,14.3956,580.453,654.371,0
tests\corpus\generated.jsonl,2,2048,28175,1236,156.192,9934.58,11503.8,0
tests\corpus\generated.jsonl,2,2048,1878,1186.89,147.177,9924.47,11503.3,0
tests\corpus\generated.jsonl,2,2048,4695,1211.38,150.182,9968.56,11513.7,0
tests\corpus\generated.jsonl,2,1013,1878,560.12,70.6063,4892.99,5711.82,0
tests\corpus\generated.jsonl,2,1168,22529,760.315,89.0473,5665.4,6567.98,0
tests\corpus\generated.jsonl,2,1169,36624,783.192,92.0613,5667.64,6581.59,0
tests\corpus\generated.jsonl,2,1169,10326,759.083,91.0482,5666.4,6589.21,0
tests\corpus\generated.jsonl,2,1169,24404,768.802,91.0557,5663.85,6582.76,0
tests\corpus\generated.jsonl,2,117,41081,115.576,16.3919,580.134,655.894,0
tests\corpus\generated.jsonl,2,2048,4691,1250.69,154.21,9914.57,11516,0
tests\corpus\generated.jsonl,2,2048,939,1216.22,147.202,9906.54,11475.8,0
tests\corpus\generated.jsonl,2,2048,1878,1243.98,153.202,9937.19,11491.1,0
tests\corpus\generated.jsonl,2,2048,4695,1205.71,145.182,9942.61,11503,0
tests\corpus\generated.jsonl,2,137,4695,66.2985,8.4418,653.617,790.188,0
tests\corpus\generated.jsonl,2,1168,30974,807.707,92.0641,5675.96,6587.65,0
tests\corpus\generated.jsonl,2,1168,22528,753.717,92.0501,5647.25,6561.08,0
tests\corpus\generated.jsonl,2,1169,18771,650.661,82.0112,5637,6541.88,0
tests\corpus\generated.jsonl,2,698,28157,412.092,53.8217,3370.71,3918.53,0
tests\corpus\generated.jsonl,2,586,14313,448.681,62.6248,2845.33,3286.64,0
tests\corpus\generated.jsonl,2,881,9385,535.417,67.3156,4227.23,4961.6,0
tests\corpus\generated.jsonl,2,186,46944,92.5173,12.531,878.912,1054.04,0
tests\corpus\generated.jsonl,2,1168,57286,699.729,91.039,5618.36,6552.52,0
tests\corpus\generated.jsonl,2,2048,26296,1314.8,163.265,9872.66,11472.9,0
tests\corpus\generated.jsonl,2,2042,1878,1234.44,153.207,9828.22,11407,0
tests\corpus\generated.jsonl,2,2046,46948,1258.38,160.237,9844.52,11475.2,0
tests\corpus\generated.jsonl,2,78,43662,95.5081,12.313,384.645,425.077,0
tests\corpus\generated.jsonl,2,2048,26297,1336.79,161.265,9880.62,11465.5,0
tests\corpus\generated.jsonl,2,177,1877,84.1325,11.5207,845.516,1002.04,0
tests\corpus\generated.jsonl,2,934,27235,661.136,78.5088,4519.51,5258.1,0
tests\corpus\generated.jsonl,2,2048,57270,1207.97,162.217,9864.63,11456.7,0
tests\corpus\generated.jsonl,2,2048,4691,1283.07,161.224,9878.44,11456.4,0
tests\corpus\generated.jsonl,2,1294,7506,782.921,90.3473,6220.5,7263.66,0
tests\corpus\generated.jsonl,2,121,72538,152.992,20.4114,603.547,671.809,0
tests\corpus\generated.jsonl,2,2048,939,1214.44,145.193,9868.43,11479.1,0
tests\corpus\generated.jsonl,2,2048,3756,1174.51,142.168,9880.07,11446,0
tests\corpus\generated.jsonl,2,1417,4695,829.555,100.652,6838.26,7940.13,0
tests\corpus\generated.jsonl,2,1168,21589,736.577,90.0446,5627.14,6554.42,0
tests\corpus\generated.jsonl,2,1169,35683,832.536,99.0947,5635.59,6545.55,0
tests\corpus\generated.jsonl,2,934,66656,622.293,75.4948,4509.8,5243.49,0
tests\corpus\generated.jsonl,2,239,72537,216.845,29.7278,1163.64,1350.89,0
tests\corpus\generated.jsonl,2,228,18769,123.897,15.6833,1093.44,1295.75,0
tests\corpus\generated.jsonl,2,230,57266,148.774,19.7027,1093.74,1301.88,0
tests\corpus\generated.jsonl,2,230,14308,150.752,21.7009,1091.62,1303.64,0
tests\corpus\generated.jsonl,2,231,57262,149.947,19.7,1111.65,1317.96,0
tests\corpus\generated.jsonl,2,229,57260,147.882,19.7,1093.03,1295.22,0
tests\corpus\generated.jsonl,2,230,54443,167.37,19.7083,1101.54,1303.41,0
tests\corpus\generated.jsonl,2,230,57256,144.043,18.6972,1100.71,1300.29,0
tests\corpus\generated.jsonl,2,230,57255,154.731,17.7,1111.97,1308.24,0
tests\corpus\generated.jsonl,2,121,72506,168.724,21.4142,608.39,671.078,0
tests\corpus\generated.jsonl,2,346,18754,182.709,22.9256,1647.67,1961.22,0
tests\corpus\generated.jsonl,2,230,11245,138.924,16.6897,1101.12,1302.11,0
tests\corpus\generated.jsonl,2,234,72503,201.656,27.7222,1129.01,1327.18,0
tests\corpus\generated.jsonl,2,229,57250,158.332,20.7027,1097.8,1298.99,0
tests\corpus\generated.jsonl,2,121,72500,162.937,20.4142,601.662,677.586,0
tests\corpus\generated.jsonl,2,347,18749,176.064,22.9228,1650.41,1967.8,0
tests\corpus\generated.jsonl,2,234,72500,209.762,27.725,1131.77,1331.93,0
tests\corpus\generated.jsonl,2,121,72499,164.92,20.4142,607.038,673.535,0
tests\corpus\generated.jsonl,2,2048,935,1219.83,149.202,9836.19,11459.7,0
tests\corpus\generated.jsonl,2,2038,935,1176.1,139.165,9826.21,11414.2,0
tests\corpus\generated.jsonl,2,233,88456,190.859,28.7194,1120.52,1318.66,0
tests\corpus\generated.jsonl,2,235,72482,199.605,26.7222,1135.21,1329.54,0
tests\corpus\generated.jsonl,2,229,57228,141.493,18.6972,1091.61,1299.8,0
tests\corpus\generated.jsonl,2,121,72479,162.802,19.4142,605.763,665.418,0
tests\corpus\generated.jsonl,2,1983,4675,1084.27,133.988,9538.39,11130.1,0
tests\corpus\generated.jsonl,2,1164,3738,674.383,82.0121,5597.46,6557.75,0
tests\corpus\generated.jsonl,2,230,75045,145.212,19.6944,1106.19,1315.71,0
tests\corpus\generated.jsonl,2,121,72462,163.271,20.4142,605.354,674.211,0
tests\corpus\generated.jsonl,2,814,3737,451.712,52.1132,3921.14,4589.2,0
tests\corpus\generated.jsonl,2,931,934,541.118,67.4484,4497.75,5240.51,0
tests\corpus\generated.jsonl,2,120,88427,159.569,20.4086,608.459,664.389,0
tests\corpus\generated.jsonl,2,346,17764,184.054,22.9256,1645.56,1962.62,0
tests\corpus\generated.jsonl,2,590,88424,503.976,69.6517,2869.63,3311.56,0
tests\corpus\generated.jsonl,2,2048,17763,1306.45,159.242,9860.85,11495.6,0
tests\corpus\generated.jsonl,2,532,1642,421.487,55.4669,2571.1,2975.31,0
tests\corpus\generated.jsonl,2,2048,939,1199.59,146.188,9850.77,11492.9,0
tests\corpus\generated.jsonl,2,1885,1878,1137.51,136.796,9095.74,10537.4,0
tests\corpus\generated.jsonl,2,656,93821,367.767,50.7316,3154.41,3693.49,0
tests\corpus\generated.jsonl,1,5,21205,31.187,4.06506,33.3224,28.6005,0
tests\corpus\generated.jsonl,2,2048,4711,1175.25,146.177,9886.63,11485.5,0
tests\corpus\generated.jsonl,2,764,7528,431.697,52.9721,3659.14,4272.26,0
tests\corpus\generated.jsonl,2,1402,26228,822.681,106.591,6746.4,7866.93,0
tests\corpus\generated.jsonl,2,121,72466,154.759,20.4114,602.721,673.019,0
tests\corpus\generated.jsonl,2,818,9403,437.61,53.1132,3932.04,4614.2,0
tests\corpus\generated.jsonl,2,934,71293,586.061,74.4781,4509.14,5258.59,0
tests\corpus\generated.jsonl,2,120,88422,151.382,21.4086,600.828,667.481,0
tests\corpus\generated.jsonl,2,2048,13156,1255.87,154.213,9866.69,11511.2,0
tests\corpus\generated.jsonl,2,2048,7506,1314.71,151.243,9879.65,11456.1,0
tests\corpus\generated.jsonl,2,2048,1878,1221.77,155.202,9908.06,11483.7,0
tests\corpus\generated.jsonl,2,2048,3756,1192.93,144.188,9905.16,11464.6,0
tests\corpus\generated.jsonl,2,1545,4695,834.782,104.954,7439.87,8669.58,0
tests\corpus\generated.jsonl,2,352,6103,290.323,37.9738,1721.05,1972.2,0
tests\corpus\generated.jsonl,2,817,18789,453.069,56.1207,3936.47,4602.63,0
tests\corpus\generated.jsonl,2,1168,6570,723.383,85.026,5668.43,6564.06,0
tests\corpus\generated.jsonl,2,1169,22542,782.771,91.0585,5658.9,6580.1,0
tests\corpus\generated.jsonl,2,934,53445,663.63,75.5088,4509.48,5252.73,0
tests\corpus\generated.jsonl,2,239,88422,208.726,28.725,1161.42,1338.75,0
tests\corpus\generated.jsonl,2,1167,4690,661.975,83.0093,5641.28,6550.47,0
tests\corpus\generated.jsonl,2,699,98512,447.515,55.8356,3381.5,3936.7,0
tests\corpus\generated.jsonl,2,239,72466,214.771,29.7278,1157.22,1357.99,0
tests\corpus\generated.jsonl,2,2048,65645,1301.22,162.231,9921.53,11471.9,0
tests\corpus\generated.jsonl,2,2041,1878,1239.03,152.202,9897.11,11436.9,0
tests\corpus\generated.jsonl,2,2048,126689,1314.95,159.237,9905.13,11474.2,0
tests\corpus\generated.jsonl,2,552,32164,477.846,61.5588,2695.26,3082.65,0
tests\corpus\generated.jsonl,2,1989,26281,1245.57,146.127,9614.21,11179,0
tests\corpus\generated.jsonl,2,351,22995,340.247,41.9952,1720.79,1975.23,0
tests\corpus\generated.jsonl,2,2048,13140,1321.35,155.229,9928.74,11508.7,0
tests\corpus\generated.jsonl,2,2048,4690,1128.11,138.154,9912.14,11488.4,0
tests\corpus\generated.jsonl,2,239,3753,166.25,20.7036,1152.99,1343.83,0
tests\corpus\generated.jsonl,2,700,6566,434,52.8253,3388.01,3943.65,0
tests\corpus\generated.jsonl,2,121,72449,164.168,19.4114,608.562,672.747,0
tests\corpus\generated.jsonl,2,2048,28156,1216.78,156.195,9884.34,11513.7,0
tests\corpus\generated.jsonl,2,2048,939,1188.92,143.188,9900.2,11467.9,0
tests\corpus\generated.jsonl,2,2048,4695,1198.02,148.182,9941.02,11492.3,0
tests\corpus\generated.jsonl,2,308,3756,170.561,19.8476,1482.49,1746.35,0
tests\corpus\generated.jsonl,2,229,82539,152.765,19.6944,1107.56,1303.53,0
tests\corpus\generated.jsonl,2,357,144991,346.573,43.0741,1759.03,1998.52,0
tests\corpus\generated.jsonl,2,1755,26280,1061.58,126.474,8487.32,9857.28,0
tests\corpus\generated.jsonl,1,5,144990,31.6862,5.06506,33.6207,29.1664,0
tests\corpus\generated.jsonl,2,527,1875,332.321,43.4279,2539.92,2974.87,0
tests\corpus\generated.jsonl,2,2048,140763,1138.07,147.164,9916.62,11493.5,0
tests\corpus\generated.jsonl,2,2048,4706,1233.3,150.19,9956.53,11511.1,0
tests\corpus\generated.jsonl,2,2048,939,1351.66,163.26,9916.76,11514.1,0
tests\corpus\generated.jsonl,2,2046,939,1205.16,147.199,9890.1,11510.3,0
tests\corpus\generated.jsonl,2,2048,60101,1276.53,152.217,9926.85,11504.6,0
tests\corpus\generated.jsonl,2,1212,4695,679.58,87.0882,5854.52,6826.22,0
tests\corpus\generated.jsonl,2,230,121992,160.508,19.7,1109.62,1312.3,0
tests\corpus\generated.jsonl,2,122,144989,162.309,20.4114,615.235,676.826,0
tests\corpus\generated.jsonl,2,1990,26296,1210.32,144.111,9637.92,11194.5,0
tests\corpus\generated.jsonl,1,5,144989,31.6862,5.06506,32.9998,29.2959,0
tests\corpus\generated.jsonl,2,1168,7508,654.181,80.9981,5658.09,6594.27,0
tests\corpus\generated.jsonl,2,1169,9385,662.656,81.0065,5658.29,6569.73,0
tests\corpus\generated.jsonl,2,353,143107,291.713,39.0491,1728.22,1971.08,0
tests\corpus\generated.jsonl,2,1991,4690,1089.62,137.073,9605.4,11183.7,0
tests\corpus\generated.jsonl,2,356,72534,344.168,44.0741,1739.97,1998.15,0
tests\corpus\generated.jsonl,2,2048,28172,1201.35,151.181,9895.92,11513.9,0
tests\corpus\generated.jsonl,2,2048,1878,1209.44,148.202,9893.62,11503,0
tests\corpus\generated.jsonl,2,1651,1878,1025.26,124.254,7971.75,9238.38,0
tests\corpus\generated.jsonl,2,1169,15955,750.497,94.0538,5638.65,6568.04,0
tests\corpus\generated.jsonl,2,230,161413,163.351,20.7055,1097.98,1307.99,0
tests\corpus\generated.jsonl,2,357,144988,340.602,43.0769,1747.14,1990.56,0
tests\corpus\generated.jsonl,2,1755,26280,1111.9,134.51,8466.97,9832.95,0
tests\corpus\generated.jsonl,1,5,144987,31.6862,5.06506,32.9871,29.3239,0
tests\corpus\generated.jsonl,2,2048,4690,1213.81,150.182,9932.06,11491,0
tests\corpus\generated.jsonl,2,1465,4690,846.609,100.725,7081.24,8206.71,0
tests\corpus\generated.jsonl,2,356,72517,347.439,45.0769,1740.17,1986.67,0
tests\corpus\generated.jsonl,2,2048,939,1242.93,153.221,9848.49,11469.7,0
tests\corpus\generated.jsonl,2,2048,939,1186,141.174,9894.04,11433.6,0
tests\corpus\generated.jsonl,2,2048,1878,1212.73,153.193,9904.25,11448,0
tests\corpus\generated.jsonl,2,777,939,448.759,53.0454,3754.41,4363.55,0
tests\corpus\generated.jsonl,2,1169,112588,712.219,88.0306,5652.07,6548.62,0
tests\corpus\generated.jsonl,1,5,144988,31.6862,4.06506,33.1556,29.2964,0
tests\corpus\generated.jsonl,2,351,14313,284.107,38.9711,1712.34,1973.76,0
tests\corpus\generated.jsonl,2,1989,26280,1271,150.155,9593.41,11128.5,0
tests\corpus\generated.jsonl,2,2048,4690,1224.86,147.182,9941.33,11474.7,0
tests\corpus\generated.jsonl,2,1466,4690,845.406,101.731,7071.79,8212.65,0
tests\corpus\generated.jsonl,2,121,72517,169.186,20.4142,610.514,668.235,0
tests\corpus\generated.jsonl,2,881,9383,527.901,62.3017,4236.38,4943.34,0
tests\corpus\generated.jsonl,2,2048,93884,1209.8,156.223,9863.36,11461,0
tests\corpus\generated.jsonl,2,2048,1878,1258.35,159.229,9856.05,11420,0
tests\corpus\generated.jsonl,2,1021,1878,568.048,69.6063,4909.38,5740.75,0
tests\corpus\generated.jsonl,1,5,138780,31.6748,5.06506,31.8296,28.0724,0
tests\corpus\generated.jsonl,2,1168,3755,691.109,80.0148,5630.78,6532.91,0
tests\corpus\generated.jsonl,2,1169,20665,840.973,96.0863,5662.53,6555.62,0
tests\corpus\generated.jsonl,1,5,144986,31.6862,5.06506,33.5567,29.2363,0
tests\corpus\generated.jsonl,2,2048,57281,1293.15,166.254,9901.74,11454.2,0
tests\corpus\generated.jsonl,2,293,4691,170.535,19.8476,1398.92,1653.58,0
tests\corpus\generated.jsonl,2,1168,23478,732.025,91.039,5644.03,6555.16,0
tests\corpus\generated.jsonl,2,353,143104,297.117,40.0519,1731.1,1970.62,0
tests\corpus\generated.jsonl,2,2048,9383,1168.84,144.168,9871.59,11474.9,0
tests\corpus\generated.jsonl,2,2048,1878,1220.26,151.202,9869.68,11438.2,0
tests\corpus\generated.jsonl,2,2048,1878,1292.27,162.238,9871.05,11453.5,0
tests\corpus\generated.jsonl,2,1954,939,1112.11,136.005,9435.82,10929.8,0
tests\corpus\generated.jsonl,2,464,217758,331.262,40.2803,2247.67,2633.61,0
tests\corpus\generated.jsonl,2,357,144985,340.442,45.0769,1745.45,1990.6,0
tests\corpus\generated.jsonl,2,2048,13140,1293.76,156.229,9886.82,11465.8,0
tests\corpus\generated.jsonl,2,646,4692,363.727,42.7214,3118.12,3623.25,0
tests\corpus\generated.jsonl,1,5,207548,31.7794,5.06506,32.2951,28.2905,0
tests\corpus\generated.jsonl,2,1168,4691,662.815,83.0065,5624.59,6563.03,0
tests\corpus\generated.jsonl,2,352,143105,295.635,39.9813,1717.32,1968.58,0
tests\corpus\generated.jsonl,2,1990,4690,1131.31,132.073,9607.77,11129.4,0
tests\corpus\generated.jsonl,2,355,176909,356.559,46.0825,1737.45,1987.48,0
tests\corpus\generated.jsonl,2,2048,939,1189.37,150.196,9853.29,11470.5,0
tests\corpus\generated.jsonl,2,1115,5631,691.627,83.882,5367.17,6242.75,0
tests\corpus\generated.jsonl,2,120,88485,151.891,20.4114,595.315,663.79,0
tests\corpus\generated.jsonl,1,112,935,25.1267,4.0604,516.467,650.083,0
tests\corpus\generated.jsonl,2,231,57261,159.288,19.7083,1102.27,1307.9,0
tests\corpus\generated.jsonl,2,230,60076,145.035,19.6972,1100.35,1309.15,0
tests\corpus\generated.jsonl,2,233,176901,204.621,27.7222,1126.4,1322.3,0
tests\corpus\generated.jsonl,2,120,88478,147.236,20.4086,596.561,666.316,0
tests\corpus\generated.jsonl,2,346,9373,176.189,23.9237,1643.47,1961.68,0
tests\corpus\generated.jsonl,2,234,72505,204.533,25.7278,1121.06,1314.21,0
tests\corpus\generated.jsonl,2,233,88476,206.658,28.7222,1130.67,1332.84,0
tests\corpus\generated.jsonl,2,120,176896,158.802,21.4114,603.393,670.858,0
tests\corpus\generated.jsonl,2,1749,935,994.801,122.452,8408.97,9804.37,0
tests\corpus\generated.jsonl,2,118,231579,162.016,19.4114,593.343,655.584,0
tests\corpus\generated.jsonl,2,1047,1869,592.11,70.6852,5031.68,5889.01,0
tests\corpus\generated.jsonl,2,231,231573,191.899,25.7222,1103.79,1307.25,0
tests\corpus\generated.jsonl,2,234,72487,214.408,27.7278,1133.51,1329.92,0
tests\corpus\generated.jsonl,2,234,72486,206.13,28.7278,1121.02,1323.09,0
tests\corpus\generated.jsonl,2,120,176881,143.445,20.4086,590.155,662.208,0
tests\corpus\generated.jsonl,2,346,4673,179.799,20.9237,1647.38,1956.47,0
tests\corpus\generated.jsonl,1,5,96329,31.58,4.06506,33.347,28.7673,0
tests\corpus\generated.jsonl,2,1163,3737,704.3,84.0288,5608.66,6507.09,0
tests\corpus\generated.jsonl,2,1166,144515,809.591,96.078,5640.48,6540.28,0
tests\corpus\generated.jsonl,2,117,143113,136.407,18.4003,584.904,652.134,0
tests\corpus\generated.jsonl,2,2048,4670,1228.13,147.202,9878.35,11467,0
tests\corpus\generated.jsonl,2,2048,935,1208.5,146.188,9873.98,11432,0
tests\corpus\generated.jsonl,2,1625,935,998.568,116.162,7834.43,9075.56,0
tests\corpus\generated.jsonl,2,357,144984,361.481,45.0853,1740.84,1977.95,0
tests\corpus\generated.jsonl,2,2048,18705,1130.9,146.173,9868.06,11467.1,0
tests\corpus\generated.jsonl,2,241,3751,159.584,19.7009,1155.38,1350.99,0
tests\corpus\generated.jsonl,2,1126,140760,655.447,81.935,5443.9,6294.2,0
tests\corpus\generated.jsonl,2,588,231532,501.574,65.6573,2851.27,3269.24,0
tests\corpus\generated.jsonl,2,1755,26227,1062.15,124.485,8458.82,9836.95,0
tests\corpus\generated.jsonl,1,5,145000,31.6862,4.06506,31.8945,28.479,0
tests\corpus\generated.jsonl,2,2048,57213,1285.83,163.234,9936.89,11441.8,0
tests\corpus\generated.jsonl,2,293,4691,176.105,21.8476,1401.07,1653.82,0
tests\corpus\generated.jsonl,2,352,143103,298.431,39.9813,1721.13,1969.71,0
tests\corpus\generated.jsonl,2,2048,8460,1274.8,151.21,9897.63,11474.4,0
tests\corpus\generated.jsonl,2,2048,939,1178.73,147.177,9898.86,11445.3,0
tests\corpus\generated.jsonl,2,2048,939,1296.06,155.227,9914.34,11439.9,0
tests\corpus\generated.jsonl,2,1950,939,1132.49,132.934,9421.93,10910.6,0
tests\corpus\generated.jsonl,2,588,231531,510.823,65.6573,2860.36,3284.18,0
tests\corpus\generated.jsonl,2,1280,13140,784.584,90.2739,6169.27,7171.02,0
tests\corpus\generated.jsonl,1,5,44,19.0885,3.0603,23.5224,36.7422,0
tests\corpus\generated.jsonl,1,6,150,24.6529,4.06528,25.7279,43.1671,0
tests\corpus\generated.jsonl,2,242,235,177.88,25.6737,1166.55,1345.41,0
tests\corpus\generated.jsonl,2,350,469,288.725,36.9146,1725.21,1952.43,0
tests\corpus\generated.jsonl,1,112,468,24.9472,4.06528,515.849,634.223,0
tests\corpus\generated.jsonl,2,464,938,269.912,32.1769,2242.97,2577.76,0
tests\corpus\generated.jsonl,2,350,1173,264.315,38.9091,1711.11,1945.37,0
tests\corpus\generated.jsonl,2,819,938,461.911,54.0003,3940.88,4547.51,0
tests\corpus\generated.jsonl,2,229,939,143.194,17.6571,1095.68,1274.57,0
tests\corpus\generated.jsonl,2,934,938,570.192,67.315,4517.15,5162.05,0
tests\corpus\generated.jsonl,2,230,2345,158.602,21.6626,1107.95,1290.3,0
tests\corpus\generated.jsonl,2,933,937,532.496,64.304,4496.44,5161.36,0
tests\corpus\generated.jsonl,2,351,4456,288.798,38.9229,1711.26,1942.54,0
tests\corpus\generated.jsonl,2,2048,939,1234.59,148.879,9905.01,11315.2,0
tests\corpus\generated.jsonl,2,2048,939,1215.89,148.876,9884.7,11288.1,0
tests\corpus\generated.jsonl,2,1885,4695,1127.06,139.509,9091.4,10412,0
tests\corpus\generated.jsonl,2,700,10324,458.563,55.738,3367.9,3882.51,0
tests\corpus\generated.jsonl,2,463,8448,296.337,37.1962,2221.27,2569.5,0
tests\corpus\generated.jsonl,2,1168,6571,734.25,90.8597,5632.76,6471.95,0
tests\corpus\generated.jsonl,2,352,12435,326.479,40.934,1730.49,1959.87,0
tests\corpus\generated.jsonl,2,2048,13139,1307.74,152.906,9909.05,11327.7,0
tests\corpus\generated.jsonl,2,2048,4691,1136.92,137.829,9923.46,11337.7,0
tests\corpus\generated.jsonl,2,944,6568,586.144,74.3206,4569.58,5217.1,0
tests\corpus\generated.jsonl,2,587,14314,449.244,57.5248,2870.44,3245.03,0
tests\corpus\generated.jsonl,2,2048,939,1211.24,149.876,9889.3,11336.5,0
tests\corpus\generated.jsonl,2,2048,3756,1186.97,148.868,9886.03,11305.7,0
tests\corpus\generated.jsonl,2,1885,1878,1124.49,141.507,9097.47,10428,0
tests\corpus\generated.jsonl,2,698,23465,404.224,51.7099,3362.05,3860.53,0
tests\corpus\generated.jsonl,2,117,14313,127.016,15.3773,582.985,647.781,0
tests\corpus\generated.jsonl,2,2048,26280,1239.8,150.892,9879.86,11320.1,0
tests\corpus\generated.jsonl,2,646,3753,349.055,43.6172,3112.99,3576.43,0
tests\corpus\generated.jsonl,2,352,22995,333.65,42.9445,1720.16,1955.29,0
tests\corpus\generated.jsonl,2,1350,4691,787.379,96.2751,6531.13,7472.54,0
tests\corpus\generated.jsonl,2,1815,4707,1044.78,125.32,8800.3,10043,0
tests\corpus\generated.jsonl,2,117,14330,122.485,14.3773,577.802,648.787,0
tests\corpus\generated.jsonl,2,2048,28174,1229.63,153.884,9900.67,11296.9,0
tests\corpus\generated.jsonl,2,2048,1878,1181.06,148.873,9864.52,11302.6,0
tests\corpus\generated.jsonl,2,1886,939,1122.19,137.495,9128.01,10414.1,0
tests\corpus\generated.jsonl,2,934,938,546.373,66.304,4508.64,5187.49,0
tests\corpus\generated.jsonl,2,586,14329,438.648,61.5303,2836.79,3237.11,0
tests\corpus\generated.jsonl,2,2048,26297,1291.62,153.919,9883.35,11302.5,0
tests\corpus\generated.jsonl,2,2048,4691,1183.71,142.859,9903.22,11316.8,0
tests\corpus\generated.jsonl,2,1413,4691,833.503,101.428,6852.14,7790.1,0
tests\corpus\generated.jsonl,2,117,28644,133.532,17.385,576.931,647.758,0
tests\corpus\generated.jsonl,2,2048,939,1188.92,148.862,9899.61,11322.6,0
tests\corpus\generated.jsonl,2,2048,939,1226.25,144.873,9928.18,11291.8,0
tests\corpus\generated.jsonl,2,2048,4695,1238.54,151.881,9927.79,11315.4,0
tests\corpus\generated.jsonl,2,1012,3756,585.87,71.4572,4889.97,5596.62,0
tests\corpus\generated.jsonl,2,1168,18773,640.392,84.8149,5651.47,6467.51,0
tests\corpus\generated.jsonl,2,117,11499,132.247,15.38,584.534,650.104,0
tests\corpus\generated.jsonl,2,2048,26297,1275.8,152.911,9878.28,11303.7,0
tests\corpus\generated.jsonl,2,532,3518,413.7,54.3826,2580.98,2924.77,0
tests\corpus\generated.jsonl,2,2048,4691,1211.89,146.868,9912.48,11332.2,0
tests\corpus\generated.jsonl,2,1584,7506,965.904,113.82,7671.62,8723.55,0
tests\corpus\generated.jsonl,2,352,14314,288.853,37.9174,1731.1,1951.73,0
tests\corpus\generated.jsonl,2,2048,14079,1216.01,152.876,9897.26,11323.9,0
tests\corpus\generated.jsonl,2,2048,3756,1211.73,145.87,9915.89,11288.5,0
tests\corpus\generated.jsonl,2,2048,939,1235.92,154.884,9927.31,11311.6,0
tests\corpus\generated.jsonl,2,311,2817,182.786,21.8076,1501.44,1733.96,0
tests\corpus\generated.jsonl,2,1168,5633,784.211,89.8818,5639.22,6444.62,0
tests\corpus\generated.jsonl,2,352,65248,331.788,43.9472,1716.15,1949.65,0
tests\corpus\generated.jsonl,2,2048,26282,1226.73,152.889,9872.06,11317.2,0
tests\corpus\generated.jsonl,2,2048,4691,1164.35,138.848,9912.78,11317.8,0
tests\corpus\generated.jsonl,2,1883,7507,1178.79,143.518,9122.57,10424.5,0
tests\corpus\generated.jsonl,2,121,72522,152.006,19.3933,605.399,663.81,0
tests\corpus\generated.jsonl,2,2048,28159,1238.67,152.872,9930.55,11340.7,0
tests\corpus\generated.jsonl,2,711,1878,440.823,53.7926,3448.69,3946.46,0
tests\corpus\generated.jsonl,2,656,46948,391.391,50.6443,3149.16,3630.66,0
tests\corpus\generated.jsonl,2,356,72541,343.176,46.0183,1745.14,1967.08,0
tests\corpus\generated.jsonl,2,2048,13157,1341.46,162.942,9876.96,11333.9,0
tests\corpus\generated.jsonl,2,881,1877,488.239,63.1508,4238.72,4880.45,0
tests\corpus\generated.jsonl,2,1169,45069,727.762,91.8591,5651.9,6479.51,0
tests\corpus\generated.jsonl,2,699,1876,449.413,52.7215,3384.8,3889.92,0
tests\corpus\generated.jsonl,2,121,72537,166.278,20.3988,605.65,669.45,0
tests\corpus\generated.jsonl,2,2048,26298,1282.83,157.919,9875.64,11345.5,0
tests\corpus\generated.jsonl,2,1819,4691,1029.21,123.328,8770.53,10034.2,0
tests\corpus\generated.jsonl,2,591,72539,515.069,69.5657,2881.68,3277.46,0
tests\corpus\generated.jsonl,2,2048,28175,1215.78,156.886,9885.5,11313.1,0
tests\corpus\generated.jsonl,2,2048,939,1172.08,142.845,9937.04,11341.3,0
tests\corpus\generated.jsonl,2,2048,4695,1268.49,160.917,9893.22,11295.9,0
tests\corpus\generated.jsonl,2,542,1878,309.983,37.3301,2609.03,3011.05,0
tests\corpus\generated.jsonl,2,934,53518,685.037,80.3753,4512.91,5179.17,0
tests\corpus\generated.jsonl,2,121,72539,164.63,21.3988,604.857,668.3,0
tests\corpus\generated.jsonl,2,2048,13141,1275.76,157.917,9872.52,11310.5,0
tests\corpus\generated.jsonl,2,532,1173,369.823,50.3577,2582.49,2931.52,0
tests\corpus\generated.jsonl,2,2048,4691,1194.76,146.876,9868.65,11341.8,0
tests\corpus\generated.jsonl,2,1350,4691,780.015,93.2779,6518.28,7448.04,0
tests\corpus\generated.jsonl,2,356,72539,350.04,44.0183,1753.95,1970.3,0
tests\corpus\generated.jsonl,2,2048,939,1216.25,148.873,9899.38,11320.7,0
tests\corpus\generated.jsonl,2,2048,1878,1211.24,145.87,9912.51,11286.3,0
tests\corpus\generated.jsonl,2,1651,4695,979.396,120.973,7991.94,9137.12,0
tests\corpus\generated.jsonl,2,1170,4694,705.014,88.8431,5661.58,6465.95,0
tests\corpus\generated.jsonl,2,934,92955,693.392,78.3698,4534.1,5170.77,0
tests\corpus\generated.jsonl,2,239,72523,212.693,27.6897,1166.13,1330.75,0
tests\corpus\generated.jsonl,2,1401,57270,856.037,111.382,6781.31,7756.37,0
tests\corpus\generated.jsonl,2,120,88491,150.849,19.3933,595.057,657.822,0
tests\corpus\generated.jsonl,1,113,936,25.1269,4.06528,524.618,646.079,0
tests\corpus\generated.jsonl,2,233,88490,198.391,26.6842,1125.48,1299.21,0
tests\corpus\generated.jsonl,2,233,88488,206.103,26.687,1129.24,1298.76,0
tests\corpus\generated.jsonl,2,120,88486,150.028,20.3933,596.195,662.079,0
tests\corpus\generated.jsonl,1,113,30964,31.2853,5.07027,522.18,641.86,0
tests\corpus\generated.jsonl,2,230,37549,144.727,18.6621,1103.22,1286.35,0
tests\corpus\generated.jsonl,2,233,88481,199.105,25.687,1122.18,1294.32,0
tests\corpus\generated.jsonl,2,233,88480,189.226,27.6814,1122.77,1300.3,0
tests\corpus\generated.jsonl,2,121,72508,162.209,20.3961,608.577,669.895,0
tests\corpus\generated.jsonl,2,346,18755,183.167,22.8781,1644.71,1927.29,0
tests\corpus\generated.jsonl,1,4,16304,25.8687,3.06528,26.8638,23.5456,0
tests\corpus\generated.jsonl,2,929,934,542.004,66.2985,4496.87,5151.28,0
tests\corpus\generated.jsonl,2,233,88473,205.149,27.687,1125.42,1303.06,0
tests\corpus\generated.jsonl,2,234,72502,209.469,27.6897,1132.32,1313.29,0
tests\corpus\generated.jsonl,2,121,72501,162.565,19.3988,606.045,664.369,0
tests\corpus\generated.jsonl,2,2048,935,1215.64,148.873,9903.19,11307.5,0
tests\corpus\generated.jsonl,2,2038,1870,1197.22,145.862,9850.17,11275.2,0
tests\corpus\generated.jsonl,2,233,88441,197.461,26.6842,1127.29,1304.7,0
tests\corpus\generated.jsonl,1,4,831,25.0961,4.06528,25.162,23.6057,0
tests\corpus\generated.jsonl,2,230,57231,164.652,19.6704,1105.98,1288.86,0
tests\corpus\generated.jsonl,2,121,72483,165.592,20.3988,609.275,661.633,0
tests\corpus\generated.jsonl,2,2048,4675,1236.26,153.879,9917.62,11332.8,0
tests\corpus\generated.jsonl,2,168,1870,76.2265,10.4956,792.721,934.422,0
tests\corpus\generated.jsonl,2,585,1168,444.983,60.5331,2839.94,3235.22,0
tests\corpus\generated.jsonl,2,580,4674,320.254,37.4723,2779.02,3210.93,0
tests\corpus\generated.jsonl,2,932,934,566.885,66.304,4527.17,5167.69,0
tests\corpus\generated.jsonl,2,233,88419,200.66,27.6842,1130.01,1300.33,0
tests\corpus\generated.jsonl,2,59,3270,74.4375,9.22128,284.112,339.538,0
tests\corpus\generated.jsonl,2,186,93831,94.9463,11.5033,887.713,1043.05,0
tests\corpus\generated.jsonl,2,120,88431,160.272,21.3961,601.779,659.394,0
tests\corpus\generated.jsonl,2,814,9363,445.407,54.992,3920.23,4531.31,0
tests\corpus\generated.jsonl,2,230,31624,170.613,24.6732,1103.04,1287.82,0
tests\corpus\generated.jsonl,2,590,88426,504.434,68.5629,2867.04,3257.14,0
tests\corpus\generated.jsonl,2,2048,17780,1296.33,155.917,9895.15,11300.5,0
tests\corpus\generated.jsonl,2,532,1642,398.91,52.3715,2593.44,2940.69,0
tests\corpus\generated.jsonl,2,2048,28106,1161.42,153.864,9891.31,11325.5,0
tests\corpus\generated.jsonl,2,2048,939,1158.07,141.848,9888.68,11308.1,0
tests\corpus\generated.jsonl,2,2048,4695,1266.73,153.887,9948.06,11324.4,0
tests\corpus\generated.jsonl,1,74,235,24.7689,4.06528,344.357,421.602,0
tests\corpus\generated.jsonl,2,2048,52509,1327.98,161.931,9926.74,11331.9,0
tests\corpus\generated.jsonl,2,414,1173,295.805,42.0651,1990.22,2282.42,0
tests\corpus\generated.jsonl,2,1052,3752,564.313,69.5145,5063.66,5827.49,0
tests\corpus\generated.jsonl,2,934,128565,698.763,79.3753,4525.96,5171.53,0
tests\corpus\generated.jsonl,2,120,88424,151.745,21.3933,602.802,667.487,0
tests\corpus\generated.jsonl,2,2048,13139,1249.44,155.898,9894.07,11348.1,0
tests\corpus\generated.jsonl,2,1116,1877,667.401,79.6871,5406.61,6176.42,0
tests\corpus\generated.jsonl,2,355,88425,348.383,45.0183,1746.42,1964.71,0
tests\corpus\generated.jsonl,2,2048,939,1184.34,149.87,9888.25,11341.8,0
tests\corpus\generated.jsonl,2,2048,3756,1148.86,142.848,9910.95,11295,0
tests\corpus\generated.jsonl,2,2048,4695,1250.54,156.892,9923.36,11330.9,0
tests\corpus\generated.jsonl,1,74,235,24.7689,3.06528,345.075,421.871,0
tests\corpus\generated.jsonl,2,1168,46877,700.292,86.8425,5651,6462.32,0
tests\corpus\generated.jsonl,2,1168,48754,683.936,88.8398,5647.97,6474.39,0
tests\corpus\generated.jsonl,2,1169,79744,761.408,95.8757,5655.95,6474.21,0
tests\corpus\generated.jsonl,2,587,50865,520.925,65.5629,2867.85,3242.71,0
tests\corpus\generated.jsonl,2,2048,17831,1341.98,164.936,9896.23,11308,0
tests\corpus\generated.jsonl,2,1349,7505,833.105,99.3055,6511.99,7447.28,0
tests\corpus\generated.jsonl,2,239,144990,201.287,27.687,1160.61,1329.82,0
tests\corpus\generated.jsonl,2,1168,59077,802.784,95.8812,5662.28,6464.21,0
tests\corpus\generated.jsonl,2,120,88424,157.342,19.3933,607.806,660.26,0
tests\corpus\generated.jsonl,2,2048,1878,1213.89,145.873,9912.78,11323.8,0
tests\corpus\generated.jsonl,2,2048,4695,1140.45,137.837,9925.36,11286.8,0
tests\corpus\generated.jsonl,2,1183,939,706.908,86.8431,5732.97,6559.02,0
tests\corpus\generated.jsonl,2,1167,1876,693.164,85.8431,5637.56,6439.14,0
tests\corpus\generated.jsonl,2,1171,145461,753.407,91.8674,5678.61,6471.53,0
tests\corpus\generated.jsonl,2,587,2111,448.459,59.5275,2868.15,3253.23,0
tests\corpus\generated.jsonl,2,2048,13140,1307.33,152.906,9931.4,11323.1,0
tests\corpus\generated.jsonl,2,2048,7506,1229.81,149.881,9924.1,11301.1,0
tests\corpus\generated.jsonl,2,539,1878,390.031,49.3715,2613.99,2987.14,0
tests\corpus\generated.jsonl,2,2048,93820,1206.23,148.859,9946.18,11294.9,0
tests\corpus\generated.jsonl,2,2048,1878,1262.08,156.895,9955.52,11318.8,0
tests\corpus\generated.jsonl,2,1491,3756,865.448,105.59,7212.44,8225.82,0
tests\corpus\generated.jsonl,2,1169,139829,782.843,93.8702,5683.15,6477.66,0
tests\corpus\generated.jsonl,2,2048,39436,1432.94,168.98,9924.85,11289.2,0
tests\corpus\generated.jsonl,2,649,1173,450.087,59.6614,3154.21,3586.05,0
tests\corpus\generated.jsonl,2,1990,4690,1080.07,134.749,9624.73,11010.4,0
tests\corpus\generated.jsonl,2,353,143111,297.066,40.9962,1725.27,1942.7,0
tests\corpus\generated.jsonl,2,2048,14094,1236.88,149.873,9930.53,11302.6,0
tests\corpus\generated.jsonl,2,2048,1878,1222.73,149.876,9935.9,11311.9,0
tests\corpus\generated.jsonl,2,2048,1878,1234.38,151.881,9948.12,11302.5,0
tests\corpus\generated.jsonl,2,1951,4695,1139.39,141.64,9446.05,10775.4,0
tests\corpus\generated.jsonl,2,1169,47884,793.479,94.8785,5675.86,6482.5,0
tests\corpus\generated.jsonl,1,5,144992,31.6862,5.07027,34.222,29.9918,0
tests\corpus\generated.jsonl,2,1168,3753,695.685,85.8403,5654.39,6479.09,0
tests\corpus\generated.jsonl,2,1169,35681,781.233,93.8812,5662.22,6481.84,0
tests\corpus\generated.jsonl,2,1168,66653,770.306,90.8674,5671.6,6478.3,0
tests\corpus\generated.jsonl,2,353,143110,297.569,38.9934,1739.67,1959.21,0
tests\corpus\generated.jsonl,2,1990,17831,1278.75,152.832,9638,11024.6,0
tests\corpus\generated.jsonl,2,357,144988,359.417,44.0183,1768.98,1980.32,0
tests\corpus\generated.jsonl,2,2048,14078,1225.01,151.868,9926.88,11352,0
tests\corpus\generated.jsonl,2,2048,1878,1172.98,144.859,9921.27,11321.9,0
tests\corpus\generated.jsonl,2,1651,4695,968.171,118.956,8021.06,9140.54,0
tests\corpus\generated.jsonl,2,352,159070,338.527,43.9472,1725.14,1954.2,0
tests\corpus\generated.jsonl,2,1990,26280,1155.88,142.785,9614.23,10993.2,0
tests\corpus\generated.jsonl,2,1169,3752,665.917,86.8348,5648.11,6473.11,0
tests\corpus\generated.jsonl,2,2048,17829,1320.27,162.925,9937.1,11332.3,0
tests\corpus\generated.jsonl,2,1467,4690,854.997,100.499,7118.27,8124.37,0
tests\corpus\generated.jsonl,2,356,72518,351.981,44.0183,1753.97,1976.62,0
tests\corpus\generated.jsonl,2,2048,28156,1220.76,153.886,9885.46,11309.5,0
tests\corpus\generated.jsonl,2,2048,939,1188.51,143.854,9928.02,11324.5,0
tests\corpus\generated.jsonl,2,2048,3756,1244.93,152.892,9932.52,11294.3,0
tests\corpus\generated.jsonl,2,371,3756,256.947,31.9774,1786.34,2058.6,0
tests\corpus\generated.jsonl,2,421,187713,221.76,29.0969,2025.78,2333.19,0
tests\corpus\generated.jsonl,2,230,38497,153.575,20.6676,1095.07,1289.88,0
tests\corpus\generated.jsonl,2,357,145006,357.44,43.0211,1761.47,1975.66,0
tests\corpus\generated.jsonl,2,1755,26296,1093.3,130.233,8447.53,9693.59,0
tests\corpus\generated.jsonl,1,5,145005,31.6862,5.07027,32.9909,29.5144,0
tests\corpus\generated.jsonl,2,1167,4707,723.105,91.8597,5635.21,6443.3,0
tests\corpus\generated.jsonl,2,1169,171752,809.709,98.8978,5652.96,6467.84,0
tests\corpus\generated.jsonl,2,118,143107,127.432,17.3823,586.362,652.662,0
tests\corpus\generated.jsonl,2,2048,4690,1208.19,144.859,9926.64,11312,0
tests\corpus\generated.jsonl,2,2048,939,1179.71,143.862,9911.53,11306.4,0
tests\corpus\generated.jsonl,2,2048,939,1316.19,158.917,9941.41,11286.1,0
tests\corpus\generated.jsonl,2,2048,4695,1224.64,146.873,9933.52,11312.2,0
tests\corpus\generated.jsonl,2,492,7276,391.824,50.3032,2390.07,2717.38,0
tests\corpus\generated.jsonl,2,1990,13139,1233.53,144.81,9635.51,11016.4,0
tests\corpus\generated.jsonl,1,5,144988,31.6862,4.07027,33.3791,29.1693,0
tests\corpus\generated.jsonl,2,2048,57265,1272.49,161.908,9924.26,11301.4,0
tests\corpus\generated.jsonl,2,2048,4690,1217.09,148.876,9931.06,11287.3,0
tests\corpus\generated.jsonl,2,1059,7505,585.401,73.5966,5094.13,5870.53,0
tests\corpus\generated.jsonl,2,474,72533,397.949,50.2399,2307,2625.64,0
tests\corpus\generated.jsonl,2,1638,188645,1073.61,129.011,7942.17,9039.31,0
tests\corpus\generated.jsonl,2,357,144985,350.371,44.0156,1764.68,1986.23,0
tests\corpus\generated.jsonl,2,2048,14078,1219.73,152.876,9913.81,11315.5,0
tests\corpus\generated.jsonl,2,2048,4695,1157.31,141.845,9919.27,11297.4,0
tests\corpus\generated.jsonl,2,244,939,156.087,18.6626,1180.93,1361.31,0
tests\corpus\generated.jsonl,2,118,231605,144.348,19.3906,585.659,650.148,0
tests\corpus\generated.jsonl,2,2048,13140,1317.31,154.912,9932.37,11326.1,0
tests\corpus\generated.jsonl,2,177,1877,79.4078,9.49283,850.765,987.032,0
tests\corpus\generated.jsonl,2,588,231605,516.661,66.5629,2867.19,3252.7,0
tests\corpus\generated.jsonl,2,582,18770,303.805,37.4634,2802.69,3246.54,0
tests\corpus\generated.jsonl,1,5,144985,31.6862,4.07027,32.7909,29.9159,0
tests\corpus\generated.jsonl,2,2048,4690,1179.1,151.87,9916.67,11314.8,0
tests\corpus\generated.jsonl,2,1465,4690,826.974,103.502,7081.39,8105.89,0
tests\corpus\generated.jsonl,2,121,72516,158.439,20.3988,602.121,668.222,0
tests\corpus\generated.jsonl,2,2048,28156,1183.44,154.853,9939.38,11339.5,0
tests\corpus\generated.jsonl,2,1117,1878,621.567,76.6677,5426.19,6190.32,0
tests\corpus\generated.jsonl,2,233,88488,218.031,28.687,1137.59,1313.66,0
tests\corpus\generated.jsonl,2,120,88486,150.312,19.3906,605.698,669.566,0
tests\corpus\generated.jsonl,2,345,21582,212.585,25.8864,1650.87,1930.34,0
tests\corpus\generated.jsonl,2,233,88483,199.808,26.6842,1129.84,1302.46,0
tests\corpus\generated.jsonl,2,233,176887,193.767,26.6814,1128.32,1303.08,0
tests\corpus\generated.jsonl,2,120,176885,149.154,20.3906,602.718,665.359,0
tests\corpus\generated.jsonl,2,346,9373,179.677,21.8731,1642.35,1930.72,0
tests\corpus\generated.jsonl,2,234,72505,206.943,26.6897,1128.67,1305.87,0
tests\corpus\generated.jsonl,2,234,72504,208.818,27.687,1136.05,1307.37,0
tests\corpus\generated.jsonl,2,120,88475,162.095,19.3933,611.575,667.419,0
tests\corpus\generated.jsonl,2,1749,935,979.302,119.167,8446.39,9696.58,0
tests\corpus\generated.jsonl,1,5,176537,31.7373,5.07027,31.7596,29.6956,0
tests\corpus\generated.jsonl,2,1162,2804,716.03,87.8541,5609.16,6439.05,0
tests\corpus\generated.jsonl,2,231,231575,197.922,26.6842,1113.93,1292.87,0
tests\corpus\generated.jsonl,2,62,72487,100.34,11.2346,310.057,348.553,0
tests\corpus\generated.jsonl,1,5,44,19.0885,2.05654,23.5202,37.2563,0
tests\corpus\generated.jsonl,1,6,84,19.2537,2.05654,25.728,41.3506,0
tests\corpus\generated.jsonl,2,293,234,221.016,29.4576,1444.81,1648.75,0
tests\corpus\generated.jsonl,2,345,467,210.064,28.4871,1644.51,1971.75,0
tests\corpus\generated.jsonl,2,349,700,272.762,36.5179,1703.25,1967.95,0
tests\corpus\generated.jsonl,2,580,934,304.47,33.7759,2788.19,3300.23,0
tests\corpus\generated.jsonl,2,229,1168,153.555,22.3707,1101.23,1310.83,0
tests\corpus\generated.jsonl,2,930,933,531.351,67.2177,4495.22,5272.55,0
tests\corpus\generated.jsonl,2,291,2335,232.797,29.4689,1403.9,1659.84,0
tests\corpus\generated.jsonl,2,874,950,516.517,63.1504,4221.87,4939.06,0
tests\corpus\generated.jsonl,2,116,1184,109.71,14.2241,574.668,646.587,0
tests\corpus\generated.jsonl,2,2048,935,1203.27,149.558,9907.34,11591.8,0
tests\corpus\generated.jsonl,2,2038,935,1188.92,143.556,9861.99,11485.8,0
tests\corpus\generated.jsonl,2,584,1169,398.415,55.8209,2848.26,3278.69,0
tests\corpus\generated.jsonl,1,112,935,25.1267,4.06145,516.227,656.31,0
tests\corpus\generated.jsonl,2,229,4676,133.222,16.3623,1098.47,1310.52,0
tests\corpus\generated.jsonl,2,229,4677,142.813,16.3623,1106.45,1319.03,0
tests\corpus\generated.jsonl,2,229,4678,140.07,16.3623,1109.06,1323.48,0
tests\corpus\generated.jsonl,2,228,4679,141.185,15.3623,1100.86,1305.88,0
tests\corpus\generated.jsonl,2,229,4680,139.092,16.3623,1102.81,1319.44,0
tests\corpus\generated.jsonl,1,4,5044,25.5641,4.06145,26.6254,22.8376,0
tests\corpus\generated.jsonl,2,586,1174,460.635,60.8517,2848.91,3289.68,0
tests\corpus\generated.jsonl,2,819,939,482.205,54.0663,3951.64,4648.48,0
tests\corpus\generated.jsonl,2,228,11243,144.984,18.3651,1098.26,1299.5,0
tests\corpus\generated.jsonl,2,229,8427,158.697,17.3707,1106.64,1308.38,0
tests\corpus\generated.jsonl,2,229,8428,155.937,18.3707,1100.31,1303.75,0
tests\corpus\generated.jsonl,2,229,8429,158.361,19.3735,1102.26,1310.67,0
tests\corpus\generated.jsonl,2,462,8430,324.532,38.6638,2224.46,2617.45,0
tests\corpus\generated.jsonl,2,586,1173,437.145,60.8377,2850.78,3314.35,0
tests\corpus\generated.jsonl,2,348,1877,181.772,21.473,1657.51,1991.88,0
tests\corpus\generated.jsonl,2,231,234,141.157,20.3651,1111.37,1325.58,0
tests\corpus\generated.jsonl,2,351,1173,278.622,36.5179,1717.7,1972.09,0
tests\corpus\generated.jsonl,2,583,3753,311.652,39.7844,2782.4,3296.19,0
tests\corpus\generated.jsonl,2,117,7269,135.636,17.2382,577.4,649.6,0
tests\corpus\generated.jsonl,2,1053,4691,611.914,72.3425,5082.45,5942.35,0
tests\corpus\generated.jsonl,2,699,1875,394.63,49.9064,3373.45,3949.38,0
tests\corpus\generated.jsonl,2,230,14303,182.786,24.3819,1111.15,1323.85,0
tests\corpus\generated.jsonl,2,117,14304,130.672,16.2325,584.069,654.12,0
tests\corpus\generated.jsonl,2,1286,4690,709.498,81.6314,6215.19,7275.23,0
tests\corpus\generated.jsonl,2,230,17813,175.261,21.3784,1112.74,1316.95,0
tests\corpus\generated.jsonl,2,230,14295,179.395,23.3791,1114.43,1319.06,0
tests\corpus\generated.jsonl,2,934,8444,605.521,70.2458,4530.27,5275.86,0
tests\corpus\generated.jsonl,2,117,14300,130.757,16.2325,585.734,653.736,0
tests\corpus\generated.jsonl,2,2048,939,1187.12,146.564,9886.27,11541,0
tests\corpus\generated.jsonl,2,2048,4695,1170.88,141.542,9941.79,11542.5,0
tests\corpus\generated.jsonl,2,1651,939,963.016,119.09,7992.86,9311.77,0
tests\corpus\generated.jsonl,2,352,13608,318.757,40.5348,1731.39,1984.24,0
tests\corpus\generated.jsonl,2,2048,13140,1286.96,159.606,9893.26,11548.3,0
tests\corpus\generated.jsonl,2,1116,3753,641.763,77.4183,5397.38,6289.79,0
tests\corpus\generated.jsonl,2,1167,8447,801.067,94.5501,5654.29,6579.65,0
tests\corpus\generated.jsonl,2,2048,17830,1329.61,163.619,9952.01,11539.8,0
tests\corpus\generated.jsonl,2,998,1877,578.889,71.3019,4814.24,5629.53,0
tests\corpus\generated.jsonl,2,587,14313,417.091,57.8265,2870.21,3301.44,0
tests\corpus\generated.jsonl,2,2048,939,1192.6,143.556,9926.75,11563.6,0
tests\corpus\generated.jsonl,2,2048,3756,1181.96,140.553,9928.38,11528,0
tests\corpus\generated.jsonl,2,711,3756,457.241,53.9639,3459.01,4014.6,0
tests\corpus\generated.jsonl,2,1169,1877,685.122,87.5024,5663.93,6614.24,0
tests\corpus\generated.jsonl,2,465,24402,305.916,38.6575,2248.32,2642.44,0
tests\corpus\generated.jsonl,2,117,14312,115.158,14.2269,578.869,650.709,0
tests\corpus\generated.jsonl,2,2048,13139,1308.32,156.609,9912.1,11542.4,0
tests\corpus\generated.jsonl,2,2048,4691,1189.63,145.553,9931.32,11565,0
tests\corpus\generated.jsonl,2,8,1407,33.7222,5.0965,42.3004,50.3232,0
tests\corpus\generated.jsonl,2,1637,7505,987.693,117.098,7937.28,9224.53,0
tests\corpus\generated.jsonl,2,117,14312,117.814,15.2269,585.206,658.524,0
tests\corpus\generated.jsonl,2,2048,28156,1205.23,154.569,9909.44,11582,0
tests\corpus\generated.jsonl,2,1416,939,843.381,101.814,6875.73,7987.94,0
tests\corpus\generated.jsonl,2,186,46921,97.6186,12.283,890.835,1066.58,0
tests\corpus\generated.jsonl,2,352,28641,293.191,40.5257,1728.46,1995.32,0
tests\corpus\generated.jsonl,2,2048,18789,1168.72,143.532,9942.22,11613.1,0
tests\corpus\generated.jsonl,2,647,3772,366.439,44.8629,3140.72,3660.73,0
tests\corpus\generated.jsonl,2,1169,32866,734.03,91.527,5660.13,6618.09,0
tests\corpus\generated.jsonl,2,463,37559,278.322,34.6406,2240.91,2641.55,0
tests\corpus\generated.jsonl,2,587,42953,457.383,62.8482,2860.13,3317.92,0
tests\corpus\generated.jsonl,2,2048,13156,1307.36,159.612,9916.86,11579.6,0
tests\corpus\generated.jsonl,2,1584,4691,906.741,113,7673.07,8955.07,0
tests\corpus\generated.jsonl,2,2048,23477,1240.59,157.577,9955.13,11553.9,0
tests\corpus\generated.jsonl,2,2042,1878,1218.83,151.572,9898.77,11510,0
tests\corpus\generated.jsonl,2,1064,46944,613.406,77.3769,5130.33,6031.09,0
tests\corpus\generated.jsonl,2,587,42954,459.745,60.8454,2873.35,3307.66,0
tests\corpus\generated.jsonl,2,2048,13139,1267.71,160.601,9902.8,11586.3,0
tests\corpus\generated.jsonl,2,646,4694,369.402,44.8657,3124.25,3642.27,0
tests\corpus\generated.jsonl,2,352,43657,318.474,41.5313,1745.15,1999.22,0
tests\corpus\generated.jsonl,2,2048,26295,1226.82,153.58,9910.12,11572.5,0
tests\corpus\generated.jsonl,2,2048,4691,1254.87,153.595,9904.26,11523.6,0
tests\corpus\generated.jsonl,2,1413,4691,843.704,107.831,6826.6,7946.27,0
tests\corpus\generated.jsonl,2,121,72500,151.366,20.2459,609.105,679.774,0
tests\corpus\generated.jsonl,2,2048,939,1250.17,149.581,9924.5,11525,0
tests\corpus\generated.jsonl,2,2048,1878,1174.42,143.55,9923.91,11522.7,0
tests\corpus\generated.jsonl,2,2048,4695,1202.63,143.564,9946.86,11497.8,0
tests\corpus\generated.jsonl,2,1012,1878,555.311,68.2878,4894.6,5715.15,0
tests\corpus\generated.jsonl,2,699,23465,451.863,54.9281,3403.49,3962.34,0
tests\corpus\generated.jsonl,2,474,72519,379.389,50.6883,2299.52,2677.68,0
tests\corpus\generated.jsonl,2,1167,63839,724.107,91.5213,5643.92,6574.26,0
tests\corpus\generated.jsonl,2,465,11264,290.659,36.6441,2252.4,2634,0
tests\corpus\generated.jsonl,2,2048,57266,1247.03,156.583,9931.05,11560.4,0
tests\corpus\generated.jsonl,2,2043,4691,1237.5,150.581,9905.64,11481.2,0
tests\corpus\generated.jsonl,2,2046,23463,1257.62,155.589,9908.42,11529.8,0
tests\corpus\generated.jsonl,2,313,16426,260.787,34.4794,1531.72,1751.89,0
tests\corpus\generated.jsonl,2,2048,14079,1203.36,148.558,9923.68,11534.6,0
tests\corpus\generated.jsonl,2,2048,4695,1138.1,135.525,9945.83,11555.1,0
tests\corpus\generated.jsonl,2,948,4695,572.655,68.2317,4596.56,5344.72,0
tests\corpus\generated.jsonl,2,117,91506,139.57,17.2375,586.612,656.828,0
tests\corpus\generated.jsonl,2,1819,13141,1128.05,137.313,8804.99,10287.4,0
tests\corpus\generated.jsonl,2,421,46945,243.946,30.6028,2016.94,2377.75,0
tests\corpus\generated.jsonl,2,230,93633,185.82,26.3924,1097.55,1305.45,0
tests\corpus\generated.jsonl,2,356,72534,360.509,45.5888,1749.88,1988.66,0
tests\corpus\generated.jsonl,2,2048,17848,1322.06,162.628,9892.26,11550,0
tests\corpus\generated.jsonl,2,2048,7523,1325.23,156.62,9916.57,11523.5,0
tests\corpus\generated.jsonl,2,2048,1878,1221.57,152.575,9920.61,11506.5,0
tests\corpus\generated.jsonl,2,2048,3756,1213.97,146.561,9930.78,11517.6,0
tests\corpus\generated.jsonl,2,2014,4695,1105.97,133.487,9741.07,11365.4,0
tests\corpus\generated.jsonl,2,1168,71364,791.388,95.5522,5650.57,6597.21,0
tests\corpus\generated.jsonl,1,4,130,24.616,4.06145,26.0551,23.3887,0
tests\corpus\generated.jsonl,2,1167,7510,665.371,80.4884,5650.39,6589.75,0
tests\corpus\generated.jsonl,2,1169,59146,811.513,100.569,5633.19,6608.81,0
tests\corpus\generated.jsonl,2,469,15971,322.44,39.6582,2278.9,2662.62,0
tests\corpus\generated.jsonl,2,2048,57269,1273.42,158.605,9923.1,11533.8,0
tests\corpus\generated.jsonl,2,1467,7506,931.189,110.885,7101.77,8305.37,0
tests\corpus\generated.jsonl,2,121,72537,165.088,21.2515,608.382,675.191,0
tests\corpus\generated.jsonl,2,2048,14079,1210.34,152.567,9918.31,11556,0
tests\corpus\generated.jsonl,2,2048,3756,1160.29,138.539,9925.04,11560.5,0
tests\corpus\generated.jsonl,2,2048,4695,1203.11,145.561,9935.58,11525.9,0
tests\corpus\generated.jsonl,2,542,1878,300.24,35.7086,2619.96,3081.17,0
tests\corpus\generated.jsonl,2,1168,18773,602.509,83.4708,5623.27,6588.06,0
tests\corpus\generated.jsonl,2,700,10326,453.275,52.9316,3391.31,3945,0
tests\corpus\generated.jsonl,2,121,72521,167.389,19.2515,611.413,673.796,0
tests\corpus\generated.jsonl,2,2048,26282,1205.49,154.586,9872.93,11563.9,0
tests\corpus\generated.jsonl,2,2048,4691,1210.03,149.57,9912.6,11548.8,0
tests\corpus\generated.jsonl,2,1412,7506,911.441,110.856,6836.53,7971.75,0
tests\corpus\generated.jsonl,2,121,72521,165.583,21.2515,609.151,680.594,0
tests\corpus\generated.jsonl,2,2048,28158,1212.44,154.575,9903.48,11532.6,0
tests\corpus\generated.jsonl,2,2048,939,1208.14,145.553,9940.91,11560.5,0
tests\corpus\generated.jsonl,2,1417,3756,812.629,101.811,6855.32,7962.88,0
tests\corpus\generated.jsonl,2,934,119233,637.449,77.2647,4521.13,5258.17,0
tests\corpus\generated.jsonl,2,121,72523,162.323,20.2515,604.593,669.586,0
tests\corpus\generated.jsonl,2,2048,26281,1308.85,157.611,9922.56,11569.6,0
tests\corpus\generated.jsonl,2,532,1173,401.524,52.7592,2595.9,2984.63,0
tests\corpus\generated.jsonl,1,112,938,25.1275,4.06145,516.227,656.31,0
tests\corpus\generated.jsonl,2,120,88474,152.841,20.2459,599.118,665.05,0
tests\corpus\generated.jsonl,1,113,936,25.1269,4.06145,524.667,667.249,0
tests\corpus\generated.jsonl,2,233,88473,198.729,27.3952,1122.29,1322.64,0
tests\corpus\generated.jsonl,2,233,88471,195.001,26.3896,1127.67,1329.61,0
tests\corpus\generated.jsonl,2,120,88469,160.137,20.2459,610.151,671.245,0
tests\corpus\generated.jsonl,1,113,30964,31.2853,5.06635,522.218,660.662,0
tests\corpus\generated.jsonl,2,230,94820,173.853,20.3812,1110.7,1311.07,0
tests\corpus\generated.jsonl,2,233,88464,199.309,27.3924,1128.9,1332.28,0
tests\corpus\generated.jsonl,2,233,88463,204.151,26.3924,1132.05,1335.16,0
tests\corpus\generated.jsonl,2,120,88462,163.086,21.2487,606.087,667.48,0
tests\corpus\generated.jsonl,2,346,18755,175.996,23.4723,1646.34,1988.05,0
tests\corpus\generated.jsonl,2,230,51622,155.156,20.3728,1104.11,1313.51,0
tests\corpus\generated.jsonl,2,234,72505,209.49,26.398,1131.08,1334.71,0
tests\corpus\generated.jsonl,2,121,72504,163.696,20.2515,605.99,670.027,0
tests\corpus\generated.jsonl,2,346,934,172.322,20.473,1643.06,1977.28,0
tests\corpus\generated.jsonl,2,233,88456,197.882,26.3924,1123.6,1320.69,0
tests\corpus\generated.jsonl,2,234,72502,212.112,26.398,1135.15,1331.69,0
tests\corpus\generated.jsonl,2,121,72501,171.649,22.2515,615.215,675.111,0
tests\corpus\generated.jsonl,2,877,935,527.804,63.1532,4229.09,4972.22,0
tests\corpus\generated.jsonl,2,2048,140785,1149.74,143.538,9913.88,11551,0
tests\corpus\generated.jsonl,2,2048,1870,1297.14,154.601,9958.59,11551.7,0
tests\corpus\generated.jsonl,2,1934,3740,1097.57,131.425,9349.43,10900.7,0
tests\corpus\generated.jsonl,1,4,3168,25.4434,4.06145,26.0676,23.0315,0
tests\corpus\generated.jsonl,2,1163,3739,677.43,80.4912,5639.67,6558.89,0
tests\corpus\generated.jsonl,2,351,144056,346.269,45.5481,1726.61,1981.14,0
tests\corpus\generated.jsonl,2,814,7478,444.562,52.0494,3931.3,4630.28,0
tests\corpus\generated.jsonl,2,230,14971,142.336,17.3623,1112.33,1311.49,0
tests\corpus\generated.jsonl,2,120,88431,151.562,20.2431,605.718,675.662,0
tests\corpus\generated.jsonl,2,814,3737,467.069,54.0606,3922.56,4631.11,0
tests\corpus\generated.jsonl,2,464,146157,348.804,49.6771,2235.54,2629.12,0
tests\corpus\generated.jsonl,2,357,144989,345.243,41.5804,1754.06,2002.72,0
tests\corpus\generated.jsonl,2,2048,17780,1256.01,158.605,9882.43,11542.7,0
tests\corpus\generated.jsonl,2,532,2580,390.323,51.7535,2595.75,2994.87,0
tests\corpus\generated.jsonl,2,2048,28106,1217.83,153.569,9917.6,11534.5,0
tests\corpus\generated.jsonl,2,2048,1878,1137.15,141.536,9910.63,11520,0
tests\corpus\generated.jsonl,2,2048,4695,1204.68,145.558,9958.11,11523.4,0
tests\corpus\generated.jsonl,2,428,7276,322.763,39.6287,2089.61,2421.44,0
tests\corpus\generated.jsonl,2,2048,26229,1257.91,153.589,9921.77,11550.9,0
tests\corpus\generated.jsonl,2,1115,3753,633.028,75.407,5415.93,6282.48,0
tests\corpus\generated.jsonl,2,700,54386,488.093,57.9534,3385.86,3970.53,0
tests\corpus\generated.jsonl,2,122,144990,169.971,20.2515,618.212,685.404,0
tests\corpus\generated.jsonl,2,2048,4691,1220.89,149.584,9890.71,11550.2,0
tests\corpus\generated.jsonl,2,1114,7506,667.449,83.4379,5379.18,6278.84,0
tests\corpus\generated.jsonl,2,122,144987,173.422,19.2515,620.356,677.97,0
tests\corpus\generated.jsonl,2,2048,939,1206.12,147.567,9903.98,11573.1,0
tests\corpus\generated.jsonl,2,2048,939,1154.59,143.539,9960.83,11578.1,0
tests\corpus\generated.jsonl,2,2048,4695,1203.43,148.556,9965.17,11540.1,0
tests\corpus\generated.jsonl,2,543,3756,312.593,35.7114,2629.88,3079.72,0
tests\corpus\generated.jsonl,2,1169,75037,712.759,89.5129,5676.62,6616.88,0
tests\corpus\generated.jsonl,2,1168,106028,858.963,100.58,5658.01,6607.45,0
tests\corpus\generated.jsonl,2,1169,120106,738.518,89.5185,5679.03,6602.25,0
tests\corpus\generated.jsonl,1,4,5057,25.5648,4.06145,26.0457,23.1233,0
tests\corpus\generated.jsonl,2,2048,4691,1226.53,155.572,9942.09,11589.1,0
tests\corpus\generated.jsonl,2,1464,4691,875.249,111.877,7046.05,8240.21,0
tests\corpus\generated.jsonl,2,357,144989,341.572,42.5832,1748.94,1994.31,0
tests\corpus\generated.jsonl,2,2048,939,1190.35,145.561,9885.12,11563.8,0
tests\corpus\generated.jsonl,2,2048,939,1213.53,146.564,9943.04,11562.2,0
tests\corpus\generated.jsonl,2,1950,4695,1186.1,144.45,9496.92,11033.5,0
tests\corpus\generated.jsonl,2,895,140770,495.217,62.1357,4341.13,5058.71,0
tests\corpus\generated.jsonl,2,2048,57218,1310.11,161.605,9957.09,11543.4,0
tests\corpus\generated.jsonl,2,414,2345,296.706,41.5853,2017.42,2343.13,0
tests\corpus\generated.jsonl,2,2048,26298,1294.04,154.611,9903,11517.5,0
tests\corpus\generated.jsonl,2,1349,4691,750.712,94.7156,6540.03,7619.6,0
tests\corpus\generated.jsonl,2,357,144990,347.022,45.586,1751.49,2012.71,0
tests\corpus\generated.jsonl,2,2048,28175,1210.31,154.575,9887.16,11519.5,0
tests\corpus\generated.jsonl,2,2048,1878,1165.42,144.547,9929.04,11562.2,0
tests\corpus\generated.jsonl,2,2048,4695,1199.53,147.558,9956.79,11524.7,0
tests\corpus\generated.jsonl,2,778,1878,441.415,53.0172,3774.03,4414.88,0
tests\corpus\generated.jsonl,2,1168,1876,698.974,85.5024,5668.01,6600.08,0
tests\corpus\generated.jsonl,2,2048,153908,1307.3,157.611,9962.3,11525.7,0
tests\corpus\generated.jsonl,2,650,1173,453.733,63.9022,3171.05,3669.44,0
tests\corpus\generated.jsonl,2,2048,17831,1288.24,157.608,9909.22,11528.9,0
tests\corpus\generated.jsonl,2,1114,4691,635.784,76.4211,5385.04,6269.79,0
tests\corpus\generated.jsonl,2,122,144991,156.085,19.2487,609.429,674.082,0
tests\corpus\generated.jsonl,2,2048,14078,1220.2,154.57,9901,11547.4,0
tests\corpus\generated.jsonl,2,2048,939,1202.98,144.556,9960.89,11543.1,0
tests\corpus\generated.jsonl,2,2048,4695,1195.82,146.567,9938.37,11499.8,0
tests\corpus\generated.jsonl,2,1012,4695,575.794,70.2962,4896.64,5703.46,0
tests\corpus\generated.jsonl,2,229,51639,149.411,18.37,1102.39,1319.48,0
tests\corpus\generated.jsonl,2,122,144994,160.427,20.2459,624.27,683.01,0
tests\corpus\generated.jsonl,2,2048,26280,1292.89,153.591,9947.94,11570.2,0
tests\corpus\generated.jsonl,2,1116,7508,636.376,73.407,5434.63,6287.98,0
tests\corpus\generated.jsonl,2,1168,49760,808.373,97.555,5661.84,6596.21,0
tests\corpus\generated.jsonl,2,353,143113,303.094,40.5663,1725.71,1985.48,0
tests\corpus\generated.jsonl,2,1991,4691,1157.18,140.509,9646.2,11225.9,0
tests\corpus\generated.jsonl,2,356,72521,340.703,42.5804,1750.48,1995.38,0
tests\corpus\generated.jsonl,2,2048,14078,1221.9,154.567,9907.17,11576.6,0
tests\corpus\generated.jsonl,2,2048,1878,1172.56,147.553,9926.61,11553,0
tests\corpus\generated.jsonl,2,1651,4695,958.694,116.084,8012.21,9340.52,0
tests\corpus\generated.jsonl,2,231,231572,203.114,27.3924,1119.31,1326.17,0
tests\corpus\generated.jsonl,2,122,144994,158.296,19.2487,614.998,679.644,0
tests\corpus\generated.jsonl,2,817,18772,430.975,54.0403,3958.36,4646.96,0
tests\corpus\generated.jsonl,1,5,144994,31.6862,5.06635,32.9047,29.3536,0
tests\corpus\generated.jsonl,2,1168,3753,698.399,79.4912,5689.13,6619.36,0
tests\corpus\generated.jsonl,2,60,231582,85.0435,10.1505,297.113,352.528,0
tests\corpus\generated.jsonl,2,1111,4691,630.202,77.407,5397.32,6305.33,0
tests\corpus\generated.jsonl,2,935,938,557.148,68.2289,4532.65,5284.66,0
tests\corpus\generated.jsonl,2,120,88452,157.326,20.2459,608.152,668.953,0
tests\corpus\generated.jsonl,2,880,4690,499.051,62.1476,4233.02,4972.43,0
tests\corpus\generated.jsonl,2,1594,140766,934.267,114,7724.99,9024.96,0
tests\corpus\generated.jsonl,2,357,145005,357.311,45.5888,1755.11,2010.34,0
tests\corpus\generated.jsonl,2,2048,28172,1225.1,156.575,9890.79,11530.3,0
tests\corpus\generated.jsonl,2,2048,939,1163.06,143.556,9889.73,11545.5,0
tests\corpus\generated.jsonl,2,2048,4695,1213.26,150.581,9907.42,11516.3,0
tests\corpus\generated.jsonl,2,777,939,443.02,54.02,3751.58,4413.76,0
tests\corpus\generated.jsonl,2,353,231606,331.947,44.5776,1729.23,1989.55,0
tests\corpus\generated.jsonl,2,817,18788,455.527,57.0571,3938.09,4636.94,0
tests\corpus\generated.jsonl,1,5,144993,31.6862,5.06635,32.4601,28.9044,0
tests\corpus\generated.jsonl,2,1168,3753,697.617,82.494,5680.09,6613.14,0
tests\corpus\generated.jsonl,2,118,231607,153.643,19.2459,590.98,662.434,0
tests\corpus\generated.jsonl,2,2048,26295,1290.38,159.608,9908.52,11569.5,0
tests\corpus\generated.jsonl,2,1350,4690,769.489,93.7324,6509.78,7586.07,0
tests\corpus\generated.jsonl,2,353,143111,307.753,41.5663,1734.28,1984.84,0
tests\corpus\generated.jsonl,2,2048,14078,1224.02,157.586,9872.3,11547.3,0
tests\corpus\generated.jsonl,2,2048,939,1208.34,147.572,9881.23,11499.3,0
tests\corpus\generated.jsonl,2,2048,1878,1238.12,153.584,9915.23,11520.1,0
tests\corpus\generated.jsonl,2,776,4695,440.136,53.02,3744.52,4379.9,0
tests\corpus\generated.jsonl,2,353,231605,321.3,42.5747,1723.09,1970.26,0
tests\corpus\generated.jsonl,2,1876,8449,1225.34,145.422,9085.08,10592.5,0
tests\corpus\generated.jsonl,1,5,44,19.0885,3.05483,23.5002,37.1753,0
tests\corpus\generated.jsonl,1,6,83,19.2506,2.05483,25.7264,45.7122,0
tests\corpus\generated.jsonl,2,10,80,34.7842,5.09667,40.2654,63.2393,0
tests\corpus\generated.jsonl,1,107,232,24.7656,3.05955,498.288,623.566,0
tests\corpus\generated.jsonl,2,115,234,115.06,15.2298,568.969,645.81,0
tests\corpus\generated.jsonl,2,701,235,484.212,61.9688,3397.92,3940.71,0
tests\corpus\generated.jsonl,1,113,939,25.1278,3.05955,522.334,657.596,0
tests\corpus\generated.jsonl,2,933,938,564.09,66.26,4513.92,5260.77,0
tests\corpus\generated.jsonl,2,116,1172,123.739,16.2327,575.866,647.691,0
tests\corpus\generated.jsonl,1,114,939,25.1278,4.05955,531.122,665.951,0
tests\corpus\generated.jsonl,2,935,938,537.736,65.2454,4534.19,5288.1,0
tests\corpus\generated.jsonl,2,585,1173,436.383,60.8636,2835.83,3285.25,0
tests\corpus\generated.jsonl,2,1052,3753,610.384,72.3739,5079.24,5938.91,0
tests\corpus\generated.jsonl,2,1169,3754,704.045,88.547,5662.28,6590.71,0
tests\corpus\generated.jsonl,2,586,1174,430.379,58.8578,2847.39,3300.67,0
tests\corpus\generated.jsonl,2,2048,939,1247.22,149.656,9887.07,11494,0
tests\corpus\generated.jsonl,2,2048,4695,1191.75,142.616,9932.83,11507.6,0
tests\corpus\generated.jsonl,2,1181,4695,724.83,87.5558,5719.26,6645.3,0
tests\corpus\generated.jsonl,2,230,234,153.989,20.3743,1114.79,1312.92,0
tests\corpus\generated.jsonl,2,933,8450,608.14,70.2803,4516.36,5253,0
tests\corpus\generated.jsonl,2,1168,3754,673.067,80.5296,5653.61,6576.92,0
tests\corpus\generated.jsonl,2,1168,3752,686.767,79.5296,5664.39,6575.29,0
tests\corpus\generated.jsonl,2,2048,4690,1197.87,142.619,9952.95,11506.3,0
tests\corpus\generated.jsonl,2,1466,4690,873.283,106.909,7082.06,8261.94,0
tests\corpus\generated.jsonl,2,117,14312,111.832,14.2269,582.546,659.849,0
tests\corpus\generated.jsonl,2,2048,9383,1212.67,147.639,9900.45,11501.4,0
tests\corpus\generated.jsonl,2,1117,939,609.858,75.4372,5403.98,6295.13,0
tests\corpus\generated.jsonl,2,230,14311,173.099,23.3859,1106.57,1319.2,0
tests\corpus\generated.jsonl,2,59,14309,74.8855,9.14614,284.038,341.377,0
tests\corpus\generated.jsonl,2,171,4707,82.5435,10.279,815.228,973.474,0
tests\corpus\generated.jsonl,2,117,14322,121.25,15.2298,583.772,654.175,0
tests\corpus\generated.jsonl,1,113,949,25.1305,4.05955,524.601,661.148,0
tests\corpus\generated.jsonl,2,230,14321,158.408,22.3801,1104.98,1308.19,0
tests\corpus\generated.jsonl,1,4,1545,25.257,4.05955,26.6181,22.899,0
tests\corpus\generated.jsonl,2,349,1180,279.14,36.526,1712.36,1956.76,0
tests\corpus\generated.jsonl,2,346,22530,194.862,23.4929,1644.31,1967.4,0
tests\corpus\generated.jsonl,2,230,14315,169.762,22.383,1110.26,1307.87,0
tests\corpus\generated.jsonl,2,230,20652,160.125,20.3819,1109.31,1310.45,0
tests\corpus\generated.jsonl,2,117,14313,120.855,14.2298,587.954,656.951,0
tests\corpus\generated.jsonl,2,1749,935,999.364,122.262,8421.11,9846.63,0
tests\corpus\generated.jsonl,1,4,4349,25.5256,4.05955,25.9159,22.7008,0
tests\corpus\generated.jsonl,2,1162,1869,688.816,83.5412,5608.12,6537.77,0
tests\corpus\generated.jsonl,2,230,8436,152.128,18.3743,1109.78,1305.74,0
tests\corpus\generated.jsonl,1,4,1064,25.1602,4.05955,25.6065,22.3728,0
tests\corpus\generated.jsonl,2,230,14299,165.353,23.383,1103.28,1307.23,0
tests\corpus\generated.jsonl,2,230,14298,175.258,23.383,1117.39,1314.56,0
tests\corpus\generated.jsonl,2,117,14297,117.945,14.2298,585.692,654.083,0
tests\corpus\generated.jsonl,2,346,3738,176.776,19.4795,1648.23,1969.15,0
tests\corpus\generated.jsonl,2,350,4437,288.197,38.5318,1715.85,1971.84,0
tests\corpus\generated.jsonl,2,814,4671,451.288,53.081,3915.03,4611.21,0
tests\corpus\generated.jsonl,2,230,10536,181.778,24.3859,1115.84,1318.52,0
tests\corpus\generated.jsonl,2,8,27794,41.9671,7.10321,45.8021,47.6528,0
tests\corpus\generated.jsonl,2,2048,4670,1192.58,143.616,9941.75,11539.6,0
tests\corpus\generated.jsonl,2,2048,935,1284.27,157.671,9918.34,11534.3,0
tests\corpus\generated.jsonl,2,2048,935,1222.02,144.63,9925.79,11532.9,0
tests\corpus\generated.jsonl,2,623,3740,335.538,42.8387,3003.48,3522.1,0
tests\corpus\generated.jsonl,2,352,28574,290.688,40.5365,1718.94,1986.37,0
tests\corpus\generated.jsonl,2,2048,18722,1122.65,143.6,9881.14,11515.5,0
tests\corpus\generated.jsonl,2,1354,2816,813.19,96.7865,6555.75,7616.65,0
tests\corpus\generated.jsonl,2,351,28573,298.235,41.5394,1718.17,1973.15,0
tests\corpus\generated.jsonl,2,1990,26229,1176.88,145.593,9609.06,11193.4,0
tests\corpus\generated.jsonl,1,4,15110,25.849,3.05955,27.447,22.5133,0
tests\corpus\generated.jsonl,2,2048,4690,1187.26,149.622,9936.55,11542.4,0
tests\corpus\generated.jsonl,2,1465,4690,842.92,103.889,7079.42,8244.31,0
tests\corpus\generated.jsonl,2,230,14294,160.695,21.3801,1099.81,1312.88,0
tests\corpus\generated.jsonl,2,230,14295,168.679,23.3801,1113.99,1316.75,0
tests\corpus\generated.jsonl,2,117,14296,131.673,16.2327,587.531,662.724,0
tests\corpus\generated.jsonl,2,2048,939,1229.56,151.642,9899.93,11554.6,0
tests\corpus\generated.jsonl,2,2048,939,1218.62,144.639,9913.71,11493.7,0
tests\corpus\generated.jsonl,2,2048,1878,1278.87,159.68,9927.81,11528.1,0
tests\corpus\generated.jsonl,2,542,1878,320.305,39.7364,2616.92,3056.22,0
tests\corpus\generated.jsonl,2,1169,2816,714.955,84.5529,5670.76,6584.54,0
tests\corpus\generated.jsonl,2,230,13374,188.298,25.3917,1110.56,1320.24,0
tests\corpus\generated.jsonl,2,352,14313,306.892,39.5434,1726.77,1990.14,0
tests\corpus\generated.jsonl,2,583,3754,313.55,38.7968,2800.53,3304.49,0
tests\corpus\generated.jsonl,2,1169,3753,677.651,82.5325,5673.19,6585.93,0
tests\corpus\generated.jsonl,2,1167,44058,744.076,93.5605,5663.97,6573.17,0
tests\corpus\generated.jsonl,2,2048,57199,1246.37,163.65,9959.99,11544.1,0
tests\corpus\generated.jsonl,2,998,1877,632.19,74.3524,4832.92,5619.85,0
tests\corpus\generated.jsonl,2,587,14313,443.322,59.8549,2870.09,3296.02,0
tests\corpus\generated.jsonl,2,2048,1878,1206.33,149.639,9908.69,11526.3,0
tests\corpus\generated.jsonl,2,2048,3756,1184.24,138.622,9945.55,11504.1,0
tests\corpus\generated.jsonl,2,711,4695,443.965,53.9816,3459.99,4028.65,0
tests\corpus\generated.jsonl,1,4,7407,25.6639,4.05955,27.5419,22.8413,0
tests\corpus\generated.jsonl,2,1168,1877,677.321,84.5412,5655.08,6574.38,0
tests\corpus\generated.jsonl,2,1169,7510,721.141,84.55,5685.31,6578.87,0
tests\corpus\generated.jsonl,2,230,38456,163.704,19.3848,1107.09,1314.06,0
tests\corpus\generated.jsonl,2,59,14312,86.3271,11.149,290.765,346.883,0
tests\corpus\generated.jsonl,2,186,46879,99.3203,12.2866,892.636,1065.97,0
tests\corpus\generated.jsonl,1,5,45611,31.3859,5.06428,32.015,28.0423,0
tests\corpus\generated.jsonl,2,2048,57214,1250.85,161.644,9969.95,11538.3,0
tests\corpus\generated.jsonl,2,2048,4706,1217.98,145.627,9982.37,11499.3,0
tests\corpus\generated.jsonl,2,2048,939,1274.96,156.671,9919.3,11546.8,0
tests\corpus\generated.jsonl,2,2048,939,1171.16,142.619,9935.35,11514.5,0
tests\corpus\generated.jsonl,2,2048,4695,1220.89,148.639,9947.89,11512.4,0
tests\corpus\generated.jsonl,2,1253,939,730.317,87.6522,6079.91,7072.22,0
tests\corpus\generated.jsonl,2,586,14329,440.218,59.8578,2866.79,3304.14,0
tests\corpus\generated.jsonl,2,1755,26295,1029.53,124.267,8491.32,9890.21,0
tests\corpus\generated.jsonl,2,228,56287,138.96,17.3703,1096.55,1299.6,0
tests\corpus\generated.jsonl,2,121,72464,167.836,21.252,617.693,675.671,0
tests\corpus\generated.jsonl,2,1990,26296,1224.84,143.593,9684.02,11242.4,0
tests\corpus\generated.jsonl,2,1168,37556,682.092,86.5344,5661.15,6598.37,0
tests\corpus\generated.jsonl,1,5,58302,31.4496,4.06428,33.3581,28.2405,0
tests\corpus\generated.jsonl,2,1637,7505,988.396,117.154,7950.77,9213.61,0
tests\corpus\generated.jsonl,2,474,72466,381.892,51.7039,2308.93,2682.87,0
tests\corpus\generated.jsonl,2,117,21132,128.188,17.2374,586.623,668.956,0
tests\corpus\generated.jsonl,2,2048,28172,1185.19,152.615,9926.98,11553.8,0
tests\corpus\generated.jsonl,2,2048,939,1152.08,139.595,9981.61,11556.8,0
tests\corpus\generated.jsonl,2,947,4695,553.946,67.2571,4603.95,5348.79,0
tests\corpus\generated.jsonl,2,587,55623,543.327,65.9032,2878.87,3303.65,0
tests\corpus\generated.jsonl,2,2048,13139,1293.47,159.674,9927.02,11564.3,0
tests\corpus\generated.jsonl,2,879,4692,502.751,62.1734,4247.78,4964.94,0
tests\corpus\generated.jsonl,2,230,43186,160.998,19.3819,1108.22,1308.56,0
tests\corpus\generated.jsonl,2,234,72469,206.102,26.4023,1135.77,1332.92,0
tests\corpus\generated.jsonl,2,234,72470,209.605,26.3993,1145.16,1338.31,0
tests\corpus\generated.jsonl,2,120,88420,155.421,21.2462,611.571,673.941,0
tests\corpus\generated.jsonl,2,1521,4691,870.362,101.961,7381.86,8596.78,0
tests\corpus\generated.jsonl,2,351,2345,264.847,35.5172,1734.38,1992.72,0
tests\corpus\generated.jsonl,2,2048,9383,1222.01,149.642,9922.55,11530.1,0
tests\corpus\generated.jsonl,2,2048,939,1186.51,144.625,9915.45,11533.1,0
tests\corpus\generated.jsonl,2,2048,3756,1277.27,155.665,9967.58,11532.8,0
tests\corpus\generated.jsonl,2,1951,4695,1110.18,136.487,9475.94,11018.3,0
tests\corpus\generated.jsonl,2,1169,6572,721.7,89.5645,5650.71,6585.54,0
tests\corpus\generated.jsonl,2,464,37543,273.819,38.6545,2244.69,2629.04,0
tests\corpus\generated.jsonl,2,468,88422,366.589,47.698,2270.68,2636.43,0
tests\corpus\generated.jsonl,2,121,72517,165.166,19.252,609.927,673.313,0
tests\corpus\generated.jsonl,2,2048,13140,1302.6,163.688,9895.6,11518.2,0
tests\corpus\generated.jsonl,2,1584,4691,889.351,110.045,7669.25,8907.44,0
tests\corpus\generated.jsonl,2,1936,9383,1230.15,151.557,9375.05,10887.6,0
tests\corpus\generated.jsonl,2,891,46941,543.968,68.1955,4297.6,5022.7,0
tests\corpus\generated.jsonl,2,121,72534,157.869,20.252,607.534,672.348,0
tests\corpus\generated.jsonl,2,2048,939,1186.23,145.619,9879.5,11533.7,0
tests\corpus\generated.jsonl,2,2048,1878,1179.96,145.627,9871.05,11494.2,0
tests\corpus\generated.jsonl,2,243,3756,166.068,19.3801,1177,1376.27,0
tests\corpus\generated.jsonl,2,352,117769,356.127,44.5655,1726.99,1985.45,0
tests\corpus\generated.jsonl,2,2048,13155,1269.79,160.683,9867.2,11524.3,0
tests\corpus\generated.jsonl,2,1114,4692,656.914,77.4518,5396.13,6280.4,0
tests\corpus\generated.jsonl,2,1169,33802,744.049,92.575,5643.86,6572.19,0
tests\corpus\generated.jsonl,2,1168,26296,768.223,95.5837,5647.39,6602.46,0
tests\corpus\generated.jsonl,2,2048,78867,1399.49,168.731,9927.87,11511.9,0
tests\corpus\generated.jsonl,2,2040,1878,1243.01,154.654,9858.32,11467.7,0
tests\corpus\generated.jsonl,2,2048,14079,1205.41,151.63,9895.21,11514.2,0
tests\corpus\generated.jsonl,2,2048,60085,1276.24,157.681,9887.27,11513.6,0
tests\corpus\generated.jsonl,2,262,4695,167.476,21.4132,1267.16,1486.83,0
tests\corpus\generated.jsonl,2,699,54451,517.491,58.9909,3374.73,3937.13,0
tests\corpus\generated.jsonl,2,356,72535,347.314,45.5957,1749.1,1993.3,0
tests\corpus\generated.jsonl,2,2048,13141,1224.14,152.654,9868.35,11529.4,0
tests\corpus\generated.jsonl,2,531,3518,405.421,53.7857,2562.83,2965.76,0
tests\corpus\generated.jsonl,2,2048,4691,1266.24,151.648,9916.98,11534.8,0
tests\corpus\generated.jsonl,2,1350,4691,763.154,89.7604,6521.91,7596.19,0
tests\corpus\generated.jsonl,2,591,72518,520.984,67.8973,2895.12,3308.26,0
tests\corpus\generated.jsonl,2,2048,14079,1214.31,151.633,9892.26,11517.4,0
tests\corpus\generated.jsonl,2,2048,939,1171.87,144.627,9871.5,11504.6,0
tests\corpus\generated.jsonl,2,2048,4695,1210.91,149.639,9912.7,11506.2,0
tests\corpus\generated.jsonl,2,542,3756,315.433,36.7305,2613.54,3073.96,0
tests\corpus\generated.jsonl,2,700,93887,423.852,54.9416,3395.02,3965.75,0
tests\corpus\generated.jsonl,2,122,144988,159.602,19.252,614.864,679.445,0
tests\corpus\generated.jsonl,2,2048,26282,1267.4,152.655,9914.2,11567.6,0
tests\corpus\generated.jsonl,2,645,4692,372.333,43.8863,3112.72,3649.84,0
tests\corpus\generated.jsonl,2,998,38499,712.642,86.4035,4822.75,5604.83,0
tests\corpus\generated.jsonl,2,2046,4691,1186.5,144.616,9896.58,11529.3,0
tests\corpus\generated.jsonl,2,121,72517,164.86,21.2549,607.157,684.731,0
tests\corpus\generated.jsonl,2,2048,28158,1184.64,150.623,9899.01,11533.1,0
tests\corpus\generated.jsonl,2,2048,939,1190.92,146.619,9915.88,11533.9,0
tests\corpus\generated.jsonl,2,2048,4695,1197.62,154.639,9910.62,11513.2,0
tests\corpus\generated.jsonl,2,137,7277,111.179,13.2604,656.569,781.863,0
tests\corpus\generated.jsonl,2,186,140768,88.0131,12.2837,886.318,1064.79,0
tests\corpus\generated.jsonl,2,1169,45069,700.956,89.5518,5642.79,6600.4,0
tests\corpus\generated.jsonl,2,587,147585,489.859,65.8886,2853.22,3306,0
tests\corpus\generated.jsonl,2,1988,13156,1174.49,143.58,9615.1,11210.4,0
tests\corpus\generated.jsonl,2,120,88487,163.156,20.252,604.874,671.602,0
tests\corpus\generated.jsonl,1,113,936,25.1269,4.05955,524.601,661.148,0
tests\corpus\generated.jsonl,2,233,88486,195.379,27.3993,1124.91,1329.74,0
tests\corpus\generated.jsonl,2,233,88484,203.016,28.3993,1132.4,1338.33,0
tests\corpus\generated.jsonl,2,120,88482,161.137,20.252,603.176,673.987,0
tests\corpus\generated.jsonl,1,113,30980,31.2854,5.06428,521.912,657.536,0
tests\corpus\generated.jsonl,2,230,20653,154.176,19.379,1107.45,1319.5,0
tests\corpus\generated.jsonl,2,233,88477,190.582,26.3964,1126.98,1329.99,0
tests\corpus\generated.jsonl,2,234,72522,216.729,26.4052,1136.96,1328.82,0
tests\corpus\generated.jsonl,2,8,21719,37.5078,7.10031,43.737,46.462,0
tests\corpus\generated.jsonl,2,225,4677,132.509,16.3685,1076.45,1281.63,0
tests\corpus\generated.jsonl,2,238,144984,202.274,26.4023,1155.36,1345.54,0
tests\corpus\generated.jsonl,2,463,56329,268.087,35.6545,2231.21,2618.88,0
tests\corpus\generated.jsonl,2,121,72517,162.865,21.252,611.217,676.964,0
tests\corpus\generated.jsonl,2,346,28155,186.716,24.4871,1643.65,1969.89,0
tests\corpus\generated.jsonl,2,233,88469,188.288,25.3964,1121.68,1320.59,0
tests\corpus\generated.jsonl,2,355,144984,314.124,41.5841,1737.18,1990.65,0
tests\corpus\generated.jsonl,2,2048,935,1203.57,149.636,9879.14,11551,0
tests\corpus\generated.jsonl,2,2038,1870,1233.16,150.645,9833.16,11430.7,0
tests\corpus\generated.jsonl,2,236,72499,210.941,26.4052,1148.75,1347.96,0
tests\corpus\generated.jsonl,2,353,143120,290.172,42.5696,1729.24,1995.23,0
tests\corpus\generated.jsonl,2,2048,4675,1199.68,149.633,9884.94,11535.6,0
tests\corpus\generated.jsonl,2,168,4675,81.099,10.279,797.899,953.825,0
tests\corpus\generated.jsonl,2,697,141716,463.99,57.9706,3354.39,3930.59,0
tests\corpus\generated.jsonl,2,355,144988,326.592,42.5899,1736.89,1988.87,0
tests\corpus\generated.jsonl,2,346,11213,201.038,23.4882,1656.19,1983.01,0
tests\corpus\generated.jsonl,2,120,88435,164.685,21.252,608.195,677.732,0
tests\corpus\generated.jsonl,2,814,4673,435.757,52.0752,3903.81,4604.92,0
tests\corpus\generated.jsonl,2,229,72239,160.539,21.3819,1098.4,1305.94,0
tests\corpus\generated.jsonl,2,121,72472,168.661,20.2549,610.731,669.192,0
tests\corpus\generated.jsonl,2,814,4672,458.639,53.0781,3929.58,4607.81,0
tests\corpus\generated.jsonl,2,351,466,283.182,38.526,1728.96,1980.3,0
tests\corpus\generated.jsonl,2,2048,17764,1333.06,166.702,9887.21,11544.4,0
tests\corpus\generated.jsonl,2,881,938,513.077,60.1763,4247.05,4962.7,0
tests\corpus\generated.jsonl,2,355,176845,338.139,44.5899,1744.49,1980.52,0
tests\corpus\generated.jsonl,2,2048,939,1217.51,145.63,9912.12,11525.5,0
tests\corpus\generated.jsonl,2,2048,939,1232.37,146.645,9893.92,11494.2,0
tests\corpus\generated.jsonl,2,1886,1878,1108.19,136.433,9120.65,10600.8,0
tests\corpus\generated.jsonl,2,935,150149,579.221,72.2705,4511.11,5274.66,0
tests\corpus\generated.jsonl,2,239,72455,208.621,28.4052,1159.79,1352.3,0
tests\corpus\generated.jsonl,2,1168,45000,737.79,92.5605,5663.5,6581.93,0
tests\corpus\generated.jsonl,2,699,137947,478.379,59.9735,3372.74,3947.36,0
tests\corpus\generated.jsonl,2,357,144988,337.428,42.5899,1758.1,2011.49,0
tests\corpus\generated.jsonl,2,346,18745,180.75,22.4813,1651.8,1973.79,0
tests\corpus\generated.jsonl,2,122,144986,162.094,22.252,614.775,680.971,0
tests\corpus\generated.jsonl,2,2048,4691,1193.1,145.625,9889.59,11509.3,0
tests\corpus\generated.jsonl,2,1584,7506,928.142,113.068,7649.01,8916.92,0
tests\corpus\generated.jsonl,2,122,144984,164.883,19.2549,612.323,679.031,0
tests\corpus\generated.jsonl,2,2048,14079,1260.39,153.648,9924.96,11540.9,0
tests\corpus\generated.jsonl,2,2048,3756,1222.69,148.636,9916.08,11543.6,0
tests\corpus\generated.jsonl,2,2048,4695,1244.19,154.651,9917.55,11490.8,0
tests\corpus\generated.jsonl,2,543,1878,303.726,37.7247,2618.35,3067.78,0
tests\corpus\generated.jsonl,2,1169,132305,823.362,98.6098,5654.61,6606.45,0
tests\corpus\generated.jsonl,2,117,3285,129.294,17.2356,580.639,660.943,0
tests\corpus\generated.jsonl,2,2048,13141,1300.39,158.677,9900.44,11529.8,0
tests\corpus\generated.jsonl,2,532,3518,406.126,52.777,2589.91,2994.35,0
tests\corpus\generated.jsonl,2,1115,4691,643.472,80.4547,5382.38,6311.09,0
tests\corpus\generated.jsonl,2,2048,140764,1137.79,143.6,9934.96,11519.7,0
tests\corpus\generated.jsonl,2,2048,939,1280.31,157.671,9933.16,11549.3,0
tests\corpus\generated.jsonl,2,2048,1878,1267.07,155.665,9904.03,11530.4,0
tests\corpus\generated.jsonl,2,2024,4695,1147.28,147.613,9775.17,11404.8,0
tests\corpus\generated.jsonl,1,4,5295,25.5767,4.05955,26.653,22.8117,0
tests\corpus\generated.jsonl,2,1169,4694,705.97,84.5441,5663.57,6581.7,0
tests\corpus\generated.jsonl,2,934,97577,554.465,72.256,4519.2,5287.58,0
tests\corpus\generated.jsonl,2,122,144991,159.607,21.252,612.619,684.624,0
tests\corpus\generated.jsonl,2,2048,26297,1228.65,151.652,9874.64,11543,0
tests\corpus\generated.jsonl,2,2048,4691,1120.51,139.59,9910.26,11532.1,0
tests\corpus\generated.jsonl,2,1177,7506,736.146,88.5529,5699.07,6637.02,0
tests\corpus\generated.jsonl,2,239,144987,215.225,26.4052,1167.77,1351.62,0
tests\corpus\generated.jsonl,2,1873,188645,1227.95,153.478,9081.5,10569.4,0
tests\corpus\generated.jsonl,2,122,144989,162.302,20.252,613.682,688.419,0
tests\corpus\generated.jsonl,2,2048,28174,1218.82,154.644,9874.64,11527.2,0
tests\corpus\generated.jsonl,2,2048,939,1134.11,137.595,9879.14,11509.8,0
tests\corpus\generated.jsonl,2,478,939,302.528,36.6672,2306.9,2700.16,0
tests\corpus\generated.jsonl,2,118,231537,144.063,19.2491,580.877,654.294,0
tests\corpus\generated.jsonl,2,2048,26297,1284.31,158.679,9881.08,11503.7,0
tests\corpus\generated.jsonl,2,297,2345,208.573,30.4638,1447.16,1666.25,0
tests\corpus\generated.jsonl,2,2048,13141,1308.15,161.694,9869.89,11501.9,0
tests\corpus\generated.jsonl,2,2048,4691,1138.5,135.587,9922.52,11505.9,0
tests\corpus\generated.jsonl,2,944,7506,586.883,71.2716,4558.01,5320.41,0
tests\corpus\generated.jsonl,2,122,144989,162.537,20.2549,610.996,677.52,0
tests\corpus\generated.jsonl,2,2048,28158,1225.34,156.652,9870.6,11496.2,0
tests\corpus\generated.jsonl,2,2048,1878,1206.5,148.639,9882.91,11515.4,0
tests\corpus\generated.jsonl,2,2048,4695,1254.14,152.648,9919.09,11487.9,0
tests\corpus\generated.jsonl,2,542,939,293.429,37.7247,2606.72,3068.65,0
tests\corpus\generated.jsonl,2,588,231537,485.453,66.8915,2848.17,3307.07,0
tests\corpus\generated.jsonl,2,2048,26282,1310.85,158.679,9915.27,11517.6,0
tests\corpus\generated.jsonl,2,881,4692,493.127,60.1618,4250.16,4966.38,0
tests\corpus\generated.jsonl,2,699,164232,436.023,55.9503,3376.74,3953.67,0
tests\corpus\generated.jsonl,2,357,144991,322.967,42.5899,1744.22,2004.08,0
tests\corpus\generated.jsonl,2,2048,13141,1313.83,156.674,9907.48,11512.2,0
tests\corpus\generated.jsonl,2,2048,1878,1180.61,147.625,9878.41,11503.6,0
tests\corpus\generated.jsonl,2,1479,939,930.642,113.971,7155.91,8295.79,0
tests\corpus\generated.jsonl,2,2048,140771,1067.46,143.589,9848.77,11502.8,0
tests\corpus\generated.jsonl,2,956,1878,585.468,71.2745,4601.16,5359.62,0
tests\corpus\generated.jsonl,2,230,231571,193.529,26.3993,1104.03,1307.53,0
tests\corpus\generated.jsonl,2,122,145010,147.856,19.2491,609.842,674.997,0
tests\corpus\generated.jsonl,2,1497,26297,899.929,110.964,7207.37,8428,0
tests\corpus\generated.jsonl,1,5,44,19.0885,3.05198,23.5016,38.6051,0
tests\corpus\generated.jsonl,1,6,150,24.6529,4.05656,25.7269,43.7483,0
tests\corpus\generated.jsonl,2,260,235,176.596,22.7669,1246.7,1482.47,0
tests\corpus\generated.jsonl,2,350,469,288.409,38.9501,1711.66,1984.26,0
tests\corpus\generated.jsonl,1,111,468,24.9472,4.05656,510.862,652.677,0
tests\corpus\generated.jsonl,2,464,938,287.858,34.2327,2235.4,2646.06,0
tests\corpus\generated.jsonl,2,350,1173,286.301,36.9473,1710.44,1986.04,0
tests\corpus\generated.jsonl,2,818,938,469.43,53.0896,3935.89,4665.24,0
tests\corpus\generated.jsonl,2,116,2346,119.151,15.3811,571.431,657.004,0
tests\corpus\generated.jsonl,1,113,939,25.1278,4.05656,522.877,666.081,0
tests\corpus\generated.jsonl,2,587,703,444.315,55.5852,2859.17,3332.48,0
tests\corpus\generated.jsonl,2,586,2815,342.811,39.5405,2819.08,3359.54,0
tests\corpus\generated.jsonl,2,934,938,561.41,68.4253,4483.54,5313.53,0
tests\corpus\generated.jsonl,2,2048,939,1233.59,150.113,9893.83,11627.9,0
tests\corpus\generated.jsonl,2,2039,1878,1279.69,157.135,9837,11568.6,0
tests\corpus\generated.jsonl,2,2045,4695,1241.08,151.121,9860.26,11635.2,0
tests\corpus\generated.jsonl,2,1364,939,785.447,95.4402,6556.39,7742.5,0
tests\corpus\generated.jsonl,2,464,11263,289.262,36.2383,2231.3,2653.41,0
tests\corpus\generated.jsonl,1,4,11394,25.7757,3.05656,26.5007,22.3447,0
tests\corpus\generated.jsonl,2,698,3754,410.443,50.7818,3362.25,3968.79,0
tests\corpus\generated.jsonl,2,352,7040,293.151,37.9585,1708.53,1991.45,0
tests\corpus\generated.jsonl,2,2048,13140,1322.44,157.152,9886.74,11665.6,0
tests\corpus\generated.jsonl,2,1115,4690,610.186,72.7911,5363.26,6323.27,0
tests\corpus\generated.jsonl,2,699,1876,411.824,49.7818,3369.82,3980.97,0
tests\corpus\generated.jsonl,2,117,14312,117.909,14.3811,577.751,667.833,0
tests\corpus\generated.jsonl,2,1522,4691,868.315,104.814,7336.18,8685.51,0
tests\corpus\generated.jsonl,2,117,14313,119.652,15.3839,575.707,654.154,0
tests\corpus\generated.jsonl,2,2048,9383,1182.6,145.087,9867.88,11621.3,0
tests\corpus\generated.jsonl,2,2048,939,1171.26,144.096,9848.31,11631.4,0
tests\corpus\generated.jsonl,2,1889,939,1130.81,137.791,9115.99,10719.9,0
tests\corpus\generated.jsonl,2,352,15720,326.844,39.9725,1712.22,2004.56,0
tests\corpus\generated.jsonl,2,817,18772,439.438,54.0774,3933.53,4677.02,0
tests\corpus\generated.jsonl,2,1169,3753,690.982,86.9688,5640.74,6658.91,0
tests\corpus\generated.jsonl,2,1168,17830,796.675,94.0153,5648.16,6644.6,0
tests\corpus\generated.jsonl,2,352,3282,316.069,41.9669,1718.41,2009.69,0
tests\corpus\generated.jsonl,2,1991,4690,1130.53,140.004,9595.73,11343.1,0
tests\corpus\generated.jsonl,2,699,19705,507.585,57.8255,3389.36,3991.63,0
tests\corpus\generated.jsonl,2,465,14312,341.839,44.2635,2237.52,2660.42,0
tests\corpus\generated.jsonl,2,2048,26278,1345.55,162.162,9933.34,11654.5,0
tests\corpus\generated.jsonl,2,2041,1878,1258.34,154.132,9863.16,11581.5,0
tests\corpus\generated.jsonl,2,361,23463,194.877,24.9848,1722.31,2078.67,0
tests\corpus\generated.jsonl,2,352,14313,312.746,39.9641,1719.8,2022.1,0
tests\corpus\generated.jsonl,2,2048,18773,1179.71,147.089,9908.04,11662.5,0
tests\corpus\generated.jsonl,2,414,939,208.605,26.0607,1992.65,2356.33,0
tests\corpus\generated.jsonl,2,1169,3755,687.268,84.9716,5652.46,6655.62,0
tests\corpus\generated.jsonl,2,997,9387,646.819,80.5973,4825.01,5700.88,0
tests\corpus\generated.jsonl,2,172,4708,80.8645,10.5088,819.777,989.277,0
tests\corpus\generated.jsonl,2,2048,17846,1428.54,167.193,9960.8,11636.4,0
tests\corpus\generated.jsonl,2,1467,4706,833.027,101.656,7109.72,8373.48,0
tests\corpus\generated.jsonl,2,700,1876,433.461,48.7902,3391.83,3990.25,0
tests\corpus\generated.jsonl,2,352,42485,336.641,40.9742,1732.44,1998.09,0
tests\corpus\generated.jsonl,2,2048,939,1201.78,147.093,9937,11664.1,0
tests\corpus\generated.jsonl,2,1351,1878,774.207,95.4346,6528.02,7689.17,0
tests\corpus\generated.jsonl,2,230,14327,170.178,21.6892,1108.81,1323.69,0
tests\corpus\generated.jsonl,2,117,42951,129.775,16.3857,588.876,662.861,0
tests\corpus\generated.jsonl,1,112,935,25.1267,4.05656,516.335,661.168,0
tests\corpus\generated.jsonl,2,230,42948,181.588,23.6938,1116.18,1330.21,0
tests\corpus\generated.jsonl,2,230,14321,173.716,21.6892,1112.33,1323.1,0
tests\corpus\generated.jsonl,2,230,14319,166.318,21.6864,1112.04,1327.73,0
tests\corpus\generated.jsonl,2,117,14317,117.834,15.3839,575.685,661.781,0
tests\corpus\generated.jsonl,2,346,9374,177.657,22.9054,1645.9,1995.42,0
tests\corpus\generated.jsonl,2,230,14315,159.399,21.6864,1103.17,1329.19,0
tests\corpus\generated.jsonl,2,230,14314,177.439,22.6892,1116.68,1343.64,0
tests\corpus\generated.jsonl,2,117,14313,130.991,15.3839,589.146,676.256,0
tests\corpus\generated.jsonl,2,580,935,296.001,35.5237,2769.37,3328.74,0
tests\corpus\generated.jsonl,2,351,49272,326.275,43.9715,1719.81,2007.8,0
tests\corpus\generated.jsonl,2,814,1869,472.512,55.098,3910.32,4648.33,0
tests\corpus\generated.jsonl,2,229,34719,168.61,19.691,1099.2,1313.86,0
tests\corpus\generated.jsonl,2,230,25333,157.522,18.6854,1108.23,1322.43,0
tests\corpus\generated.jsonl,2,230,14302,171.23,20.6892,1110.67,1318.77,0
tests\corpus\generated.jsonl,1,5,24054,31.2197,5.06114,31.7271,29.0652,0
tests\corpus\generated.jsonl,2,350,1168,270.682,37.9473,1707.99,1985.73,0
tests\corpus\generated.jsonl,1,113,935,25.1267,4.05656,522.776,665.753,0
tests\corpus\generated.jsonl,2,229,32834,156.866,19.6854,1104.05,1327.73,0
tests\corpus\generated.jsonl,2,230,14298,167.707,20.6892,1104.89,1327.85,0
tests\corpus\generated.jsonl,1,4,9486,25.7281,4.05656,26.042,21.8778,0
tests\corpus\generated.jsonl,2,230,14297,169.55,21.6892,1106.98,1332.88,0
tests\corpus\generated.jsonl,2,117,14296,128.038,15.3839,587.941,666.934,0
tests\corpus\generated.jsonl,2,346,1868,173.01,19.9026,1646.5,1994.11,0
tests\corpus\generated.jsonl,2,230,22506,154.428,18.6826,1109.43,1331.72,0
tests\corpus\generated.jsonl,2,230,28606,171.004,23.691,1109.55,1333.41,0
tests\corpus\generated.jsonl,2,117,14276,128.315,13.3839,586.463,659.136,0
tests\corpus\generated.jsonl,2,2048,4670,1175.2,141.085,9910.37,11657.3,0
tests\corpus\generated.jsonl,2,1335,7473,767.976,91.3514,6453.01,7597.84,0
tests\corpus\generated.jsonl,2,230,14262,175.612,23.692,1109.39,1331.78,0
tests\corpus\generated.jsonl,2,117,14261,119.178,13.3839,575.885,659.5,0
tests\corpus\generated.jsonl,2,2048,935,1248.7,151.11,9939.69,11671.9,0
tests\corpus\generated.jsonl,2,1804,3740,1035.34,124.524,8735.35,10281.5,0
tests\corpus\generated.jsonl,2,2048,57199,1221.95,159.12,9901.9,11636.3,0
tests\corpus\generated.jsonl,2,532,939,318.974,38.3852,2562.33,3053.54,0
tests\corpus\generated.jsonl,2,117,234,118.916,15.3811,580.379,671.216,0
tests\corpus\generated.jsonl,2,1051,18704,557.527,69.6237,5054.5,6011.51,0
tests\corpus\generated.jsonl,2,587,2580,454.235,60.5964,2852.09,3329.97,0
tests\corpus\generated.jsonl,2,583,3754,324.405,36.5321,2809.36,3345.76,0
tests\corpus\generated.jsonl,2,229,56258,141.186,18.677,1099.97,1326.96,0
tests\corpus\generated.jsonl,1,5,10200,25.747,3.05656,31.283,28.6329,0
tests\corpus\generated.jsonl,2,2048,26211,1298.4,157.131,9970.06,11698.8,0
tests\corpus\generated.jsonl,2,2048,4690,1215.79,149.101,9933.83,11628.9,0
tests\corpus\generated.jsonl,2,1060,1877,556.455,70.6995,5094.5,6062.12,0
tests\corpus\generated.jsonl,2,121,72448,160.502,21.4024,607.087,681.766,0
tests\corpus\generated.jsonl,2,2048,28088,1176.12,153.089,9920.69,11676.8,0
tests\corpus\generated.jsonl,2,2048,939,1188.29,145.087,9931.04,11664.1,0
tests\corpus\generated.jsonl,2,2048,4695,1256.06,158.152,9881.59,11635.3,0
tests\corpus\generated.jsonl,2,308,1878,168.866,18.8278,1473.27,1763.68,0
tests\corpus\generated.jsonl,2,230,25307,139.847,19.6826,1097.08,1326.19,0
tests\corpus\generated.jsonl,2,591,72450,488.516,68.6177,2871.07,3367.03,0
tests\corpus\generated.jsonl,2,348,2816,179.358,21.9054,1656.22,1999.9,0
tests\corpus\generated.jsonl,2,2048,57198,1219.29,154.106,9935.88,11677.9,0
tests\corpus\generated.jsonl,2,413,2345,319.452,40.1054,2013.74,2348.18,0
tests\corpus\generated.jsonl,2,2048,4690,1192.69,147.096,9901.24,11688.5,0
tests\corpus\generated.jsonl,2,1649,939,1009.59,121.178,7957.24,9334.88,0
tests\corpus\generated.jsonl,2,186,46874,101.7,13.519,888.063,1072.63,0
tests\corpus\generated.jsonl,2,120,88420,160.313,19.4024,603.861,671.515,0
tests\corpus\generated.jsonl,2,2048,14095,1273.84,159.146,9891.32,11662.3,0
tests\corpus\generated.jsonl,2,2048,4711,1142.98,139.079,9886.35,11592.3,0
tests\corpus\generated.jsonl,2,1416,3756,880.267,108.629,6818.65,8040.53,0
tests\corpus\generated.jsonl,2,587,19493,516.399,64.6289,2857.05,3321.02,0
tests\corpus\generated.jsonl,2,1755,13156,1128.18,132.439,8465.91,9969.91,0
tests\corpus\generated.jsonl,2,1169,21604,836.855,98.046,5641.13,6650.86,0
tests\corpus\generated.jsonl,2,1167,52507,774.225,95.0153,5629.25,6607.52,0
tests\corpus\generated.jsonl,2,1169,9384,735.455,85.98,5667.94,6640.79,0
tests\corpus\generated.jsonl,2,934,97571,573.882,70.4271,4517.04,5319.96,0
tests\corpus\generated.jsonl,2,473,88419,397.734,51.2848,2309.13,2693.12,0
tests\corpus\generated.jsonl,2,117,14329,120.924,14.3839,578.819,656.279,0
tests\corpus\generated.jsonl,2,2048,939,1264.19,150.124,9906.64,11609.1,0
tests\corpus\generated.jsonl,2,2048,1878,1172.38,142.085,9914.17,11609.1,0
tests\corpus\generated.jsonl,2,2048,4695,1227.2,149.107,9926.08,11581.2,0
tests\corpus\generated.jsonl,2,778,939,471.648,57.0203,3759.36,4432.86,0
tests\corpus\generated.jsonl,2,1169,15955,714.533,86.98,5635.95,6646.14,0
tests\corpus\generated.jsonl,2,231,1407,178.488,22.692,1115.27,1329.09,0
tests\corpus\generated.jsonl,2,121,72466,167.67,20.4052,608.506,673.678,0
tests\corpus\generated.jsonl,2,1989,26297,1251.41,150.067,9590.68,11295.6,0
tests\corpus\generated.jsonl,2,2048,17830,1338.12,162.165,9917.35,11610.5,0
tests\corpus\generated.jsonl,2,1467,4690,846.277,99.6676,7092.38,8327.57,0
tests\corpus\generated.jsonl,2,121,72450,160.964,20.4024,611.97,682.932,0
tests\corpus\generated.jsonl,2,2048,9383,1222.47,148.101,9910.37,11615.7,0
tests\corpus\generated.jsonl,2,2048,939,1180.59,141.085,9927.38,11616.3,0
tests\corpus\generated.jsonl,2,1886,4695,1119.19,131.702,9151.93,10693.9,0
tests\corpus\generated.jsonl,2,465,24402,304.181,37.2429,2248.13,2656.57,0
tests\corpus\generated.jsonl,2,120,88423,154.364,18.3997,601.323,671.267,0
tests\corpus\generated.jsonl,2,2048,13139,1284.83,157.152,9856.34,11646.1,0
tests\corpus\generated.jsonl,2,879,3753,513.334,65.2588,4231.66,4996.64,0
tests\corpus\generated.jsonl,2,230,100385,163.701,20.691,1101.88,1323.01,0
tests\corpus\generated.jsonl,2,234,72470,198.404,25.7078,1125.99,1338.77,0
tests\corpus\generated.jsonl,2,234,72471,204.647,26.7106,1125.89,1344.65,0
tests\corpus\generated.jsonl,2,121,72472,165.873,21.4052,607.23,683.019,0
tests\corpus\generated.jsonl,2,348,3753,173.81,20.9026,1659.83,2003.4,0
tests\corpus\generated.jsonl,2,2048,4690,1196.75,147.09,9940.33,11650.5,0
tests\corpus\generated.jsonl,2,997,6567,615.286,74.5722,4827.17,5672.58,0
tests\corpus\generated.jsonl,2,235,72488,213.799,27.7106,1141.21,1349.67,0
tests\corpus\generated.jsonl,2,120,88420,167.619,20.4024,609.957,673.405,0
tests\corpus\generated.jsonl,2,2048,939,1195.93,147.101,9908.35,11662.3,0
tests\corpus\generated.jsonl,2,2048,3756,1203.96,142.087,9944.22,11627,0
tests\corpus\generated.jsonl,2,1480,4695,923.78,112.773,7188.37,8439.11,0
tests\corpus\generated.jsonl,2,656,46945,380.707,48.7087,3145.9,3734.2,0
tests\corpus\generated.jsonl,2,464,63855,309.044,39.2485,2248.65,2653.04,0
tests\corpus\generated.jsonl,2,120,88422,147.261,19.3997,597.051,672.234,0
tests\corpus\generated.jsonl,2,2048,13156,1292.22,162.16,9848.24,11669.1,0
tests\corpus\generated.jsonl,2,880,7525,536.071,68.2728,4226.72,4993.41,0
tests\corpus\generated.jsonl,2,1169,65731,789.486,96.0293,5625.31,6629.95,0
tests\corpus\generated.jsonl,2,1168,23478,687.373,90.9817,5624.99,6652.64,0
tests\corpus\generated.jsonl,2,117,82136,131.494,18.3913,581.109,662.096,0
tests\corpus\generated.jsonl,2,2048,23477,1281.57,162.142,9888.12,11655.9,0
tests\corpus\generated.jsonl,2,2048,1878,1172.59,141.082,9907.86,11640.7,0
tests\corpus\generated.jsonl,2,2048,3756,1276.48,159.132,9927.57,11611.5,0
tests\corpus\generated.jsonl,2,1012,1878,572.609,69.5582,4886.83,5764.22,0
tests\corpus\generated.jsonl,2,1169,15032,744.617,92.0079,5627.5,6661.12,0
tests\corpus\generated.jsonl,2,117,469,118.856,14.3839,573.335,659.976,0
tests\corpus\generated.jsonl,2,2048,26295,1308.38,159.167,9882.91,11624.7,0
tests\corpus\generated.jsonl,2,532,3518,422.905,54.4439,2573.19,3006.73,0
tests\corpus\generated.jsonl,2,1990,4691,1132.08,137.01,9577.06,11302.1,0
tests\corpus\generated.jsonl,2,117,143104,131.211,17.3913,580.206,655.734,0
tests\corpus\generated.jsonl,2,2048,9383,1280.84,154.141,9888.97,11634.2,0
tests\corpus\generated.jsonl,2,2048,939,1191.79,142.099,9889.03,11581.1,0
tests\corpus\generated.jsonl,2,2048,939,1262.97,153.118,9944.48,11602.4,0
tests\corpus\generated.jsonl,2,2048,4695,1205.78,145.093,9922.71,11581,0
tests\corpus\generated.jsonl,2,138,4695,70.7939,8.43396,654.731,811.285,0
tests\corpus\generated.jsonl,2,229,111665,164.496,19.6938,1091.56,1310.81,0
tests\corpus\generated.jsonl,2,357,144985,349.304,45.0631,1743.74,2007.28,0
tests\corpus\generated.jsonl,2,2048,13140,1235.7,151.118,9882.26,11620.4,0
tests\corpus\generated.jsonl,2,880,4692,532.085,62.2588,4257.55,4982.69,0
tests\corpus\generated.jsonl,2,230,56326,143.267,18.6798,1108.56,1324.13,0
tests\corpus\generated.jsonl,2,122,144983,178.05,20.408,619.664,687.945,0
tests\corpus\generated.jsonl,2,1989,4691,1138.13,136.01,9579.15,11307.2,0
tests\corpus\generated.jsonl,2,352,143104,282.071,39.9603,1709.2,1995.74,0
tests\corpus\generated.jsonl,2,2048,14078,1226.61,152.104,9913.49,11619.9,0
tests\corpus\generated.jsonl,2,2048,1878,1170.96,143.085,9907.79,11602,0
tests\corpus\generated.jsonl,2,2048,939,1251.45,152.113,9948.34,11602.3,0
tests\corpus\generated.jsonl,2,1951,4695,1113.07,134.849,9428.32,11050.9,0
tests\corpus\generated.jsonl,2,1169,19711,811.7,94.0181,5666.84,6632.94,0
tests\corpus\generated.jsonl,1,5,144985,31.6862,5.06114,32.4343,28.9676,0
tests\corpus\generated.jsonl,2,2048,57266,1272.23,163.14,9922.5,11643.6,0
tests\corpus\generated.jsonl,2,414,1173,314.973,41.1054,2005.7,2346.24,0
tests\corpus\generated.jsonl,2,881,4691,524.867,64.2644,4229.59,5006.51,0
tests\corpus\generated.jsonl,2,1360,140760,756.436,95.428,6575.84,7739.59,0
tests\corpus\generated.jsonl,2,591,72533,522.501,69.6289,2885,3358.01,0
tests\corpus\generated.jsonl,2,2048,28174,1231.57,153.106,9918.07,11636.1,0
tests\corpus\generated.jsonl,2,2048,3756,1159.96,142.079,9909.86,11639.6,0
tests\corpus\generated.jsonl,2,2048,4695,1216.38,147.093,9961.38,11631.2,0
tests\corpus\generated.jsonl,2,542,1878,305.303,38.3796,2622.66,3114.44,0
tests\corpus\generated.jsonl,2,1169,159551,778.672,97.0181,5646.71,6657.32,0
tests\corpus\generated.jsonl,2,1169,116429,792.725,98.0265,5646.81,6640.79,0
tests\corpus\generated.jsonl,2,469,15971,290.481,36.2355,2271.26,2665.04,0
tests\corpus\generated.jsonl,2,933,57267,559.919,72.4215,4500.37,5332.96,0
tests\corpus\generated.jsonl,2,120,88486,158.653,22.4024,600.671,676.931,0
tests\corpus\generated.jsonl,1,113,936,25.1269,3.05656,524.841,670.164,0
tests\corpus\generated.jsonl,2,233,88485,195.186,26.705,1123.87,1341.64,0
tests\corpus\generated.jsonl,2,233,176907,194.339,28.705,1123.89,1343.8,0
tests\corpus\generated.jsonl,2,120,88481,149.885,20.3997,597.822,676.261,0
tests\corpus\generated.jsonl,1,113,30980,31.2854,5.06114,522.411,665.486,0
tests\corpus\generated.jsonl,2,231,143115,183.64,24.6994,1114.56,1323.96,0
tests\corpus\generated.jsonl,2,233,88476,205.949,27.7078,1129.98,1340.42,0
tests\corpus\generated.jsonl,2,234,72521,205.073,27.7078,1131.08,1349.46,0
tests\corpus\generated.jsonl,2,120,88474,150.559,19.3969,602.49,672.51,0
tests\corpus\generated.jsonl,2,346,18772,183.704,23.91,1644.76,1988.86,0
tests\corpus\generated.jsonl,2,118,143114,144.376,17.3941,592.96,666.653,0
tests\corpus\generated.jsonl,2,814,934,443.327,53.0812,3909.56,4641.43,0
tests\corpus\generated.jsonl,2,233,88468,197.297,27.705,1126.12,1339.38,0
tests\corpus\generated.jsonl,2,355,144984,341.767,44.0547,1742.02,2022.88,0
tests\corpus\generated.jsonl,2,2048,935,1237.89,151.121,9883.87,11647.6,0
tests\corpus\generated.jsonl,2,2038,1870,1163.41,143.085,9827.87,11568.7,0
tests\corpus\generated.jsonl,2,236,72498,210.865,25.7106,1148.81,1354.28,0
tests\corpus\generated.jsonl,2,353,143120,313.37,42.0351,1744.58,2011.27,0
tests\corpus\generated.jsonl,2,2048,4675,1212.9,145.093,9923.92,11657,0
tests\corpus\generated.jsonl,2,168,935,81.8236,11.5088,799.849,965.114,0
tests\corpus\generated.jsonl,2,230,10278,151.216,18.6781,1112.1,1334.62,0
tests\corpus\generated.jsonl,2,233,88440,194.656,26.705,1124.12,1341.43,0
tests\corpus\generated.jsonl,2,120,88439,159.072,20.3997,609.039,681.402,0
tests\corpus\generated.jsonl,2,580,1869,308.593,38.5321,2766.8,3320.4,0
tests\corpus\generated.jsonl,2,231,155732,171.654,20.6938,1114.79,1333.92,0
tests\corpus\generated.jsonl,2,120,88434,149.863,21.3997,597.624,673.268,0
tests\corpus\generated.jsonl,2,814,9348,456.814,55.0896,3909.77,4644.49,0
tests\corpus\generated.jsonl,2,229,112595,141.045,17.6798,1100.02,1311.55,0
tests\corpus\generated.jsonl,2,63,72471,99.1205,12.2332,310.194,363.471,0
tests\corpus\generated.jsonl,2,872,3737,516.058,66.2616,4203.87,4959.36,0
tests\corpus\generated.jsonl,1,4,15550,25.8564,3.05656,26.042,21.8778,0
tests\corpus\generated.jsonl,2,462,934,265.291,32.2243,2221.81,2636.24,0
tests\corpus\generated.jsonl,2,357,144986,367.127,46.0631,1752.11,2026.39,0
tests\corpus\generated.jsonl,2,2048,17764,1330.3,165.181,9861.98,11617,0
tests\corpus\generated.jsonl,2,532,1642,396.141,53.4271,2585.12,3003.81,0
tests\corpus\generated.jsonl,2,2048,939,1225.47,150.115,9881.99,11663.2,0
tests\corpus\generated.jsonl,2,2048,1878,1243.05,145.107,9931.9,11590.4,0
tests\corpus\generated.jsonl,2,2048,4695,1198.76,148.096,9936.95,11614.1,0
tests\corpus\generated.jsonl,2,428,7276,345.676,40.1858,2095.54,2426.12,0
tests\corpus\generated.jsonl,2,2048,26213,1290.5,153.151,9898.62,11649.3,0
tests\corpus\generated.jsonl,2,1115,4692,652.245,80.8135,5372.9,6325.13,0
tests\corpus\generated.jsonl,2,465,209223,309.621,39.2541,2234.56,2649.72,0
tests\corpus\generated.jsonl,2,357,144987,367.222,45.0631,1756.43,2016.1,0
tests\corpus\generated.jsonl,2,2048,4691,1223.46,149.11,9894.93,11637,0
tests\corpus\generated.jsonl,2,1114,2815,669.823,81.8275,5365.19,6314.27,0
tests\corpus\generated.jsonl,2,122,144984,170.218,20.408,611.837,683.132,0
tests\corpus\generated.jsonl,2,2048,939,1209,144.104,9892.38,11615.6,0
tests\corpus\generated.jsonl,2,1181,3756,727.54,85.9744,5733.09,6724.03,0
tests\corpus\generated.jsonl,2,2048,140765,1099.58,144.061,9918.35,11588.2,0
tests\corpus\generated.jsonl,2,1426,1878,844.354,105.601,6895.67,8111.39,0
tests\corpus\generated.jsonl,2,118,231533,163.773,19.4024,594.978,671.477,0
tests\corpus\generated.jsonl,2,2048,13157,1277.93,155.138,9893.64,11633.9,0
tests\corpus\generated.jsonl,2,178,939,86.1561,9.5088,854.334,1016.6,0
tests\corpus\generated.jsonl,2,588,231533,503.064,65.6261,2858.9,3327.98,0
tests\corpus\generated.jsonl,2,2048,13157,1233.89,154.121,9884.34,11613,0
tests\corpus\generated.jsonl,2,2048,4691,1174.21,143.093,9889.54,11612.1,0
tests\corpus\generated.jsonl,2,2048,939,1273.57,156.135,9925.24,11599.3,0
tests\corpus\generated.jsonl,2,2048,939,1208.62,148.101,9928.94,11610.7,0
tests\corpus\generated.jsonl,2,2013,4695,1095.52,137.985,9720.54,11422.2,0
tests\corpus\generated.jsonl,2,118,231533,161.019,20.4024,593.2,661.512,0
tests\corpus\generated.jsonl,2,2048,26297,1280.74,151.126,9929.69,11678.7,0
tests\corpus\generated.jsonl,2,177,4693,90.8576,11.5116,848.081,1015.66,0
tests\corpus\generated.jsonl,2,588,231533,521.177,66.6289,2871.67,3329.5,0
tests\corpus\generated.jsonl,2,2048,26297,1273.69,150.123,9936.24,11666.9,0
tests\corpus\generated.jsonl,2,2048,4691,1159.52,145.087,9893.17,11638.1,0
tests\corpus\generated.jsonl,2,2048,939,1265.03,157.129,9931.91,11624.1,0
tests\corpus\generated.jsonl,2,2048,1878,1258.08,154.124,9939.52,11623.8,0
tests\corpus\generated.jsonl,2,2048,4695,1169.16,146.082,9924.11,11647.9,0
tests\corpus\generated.jsonl,2,1139,3756,632.421,77.8688,5511.36,6467.7,0
tests\corpus\generated.jsonl,2,118,231536,157.037,19.4024,587.462,660.412,0
tests\corpus\generated.jsonl,2,1370,26281,872.013,102.467,6639.35,7794.14,0
tests\corpus\generated.jsonl,1,5,44,19.0885,3.05596,23.519,37.1971,0
tests\corpus\generated.jsonl,1,6,85,19.2567,2.05596,25.7268,45.4649,0
tests\corpus\generated.jsonl,2,272,235,228.579,30.811,1326.09,1522.01,0
tests\corpus\generated.jsonl,2,347,469,202.353,26.9293,1657.26,1970.85,0
tests\corpus\generated.jsonl,2,351,703,276.226,38.9791,1704.42,1961.61,0
tests\corpus\generated.jsonl,2,583,938,326.503,37.5627,2800.22,3290.02,0
tests\corpus\generated.jsonl,2,585,1173,437.974,57.6196,2856.63,3285.43,0
tests\corpus\generated.jsonl,2,583,938,314.487,36.5591,2794.19,3288.92,0
tests\corpus\generated.jsonl,2,350,1173,272.377,37.972,1717.05,1964,0
tests\corpus\generated.jsonl,2,818,938,454.439,51.1137,3957.17,4625.76,0
tests\corpus\generated.jsonl,2,116,2346,114.833,15.3898,581.344,651.643,0
tests\corpus\generated.jsonl,1,113,939,25.1278,4.0607,523.509,657.298,0
tests\corpus\generated.jsonl,2,934,938,578.05,67.4677,4530.5,5254.24,0
tests\corpus\generated.jsonl,2,2048,939,1298.66,155.265,9923.48,11440.6,0
tests\corpus\generated.jsonl,2,2042,1878,1199.16,148.205,9882.02,11428.9,0
tests\corpus\generated.jsonl,2,2045,4695,1157,139.166,9906.72,11468.7,0
tests\corpus\generated.jsonl,2,1364,6573,789.428,96.4946,6616.76,7655.18,0
tests\corpus\generated.jsonl,2,935,938,566.126,67.4606,4542.31,5263.9,0
tests\corpus\generated.jsonl,2,762,13141,555.279,65.038,3697.64,4286.61,0
tests\corpus\generated.jsonl,2,642,3770,364.503,46.7308,3091.29,3605.12,0
tests\corpus\generated.jsonl,2,700,1892,443.449,53.8379,3387.47,3958.26,0
tests\corpus\generated.jsonl,2,586,14330,473.478,60.648,2851.01,3278.6,0
tests\corpus\generated.jsonl,2,2048,4707,1239.09,152.226,9909.16,11483.5,0
tests\corpus\generated.jsonl,2,2048,939,1184.16,142.187,9913.94,11479,0
tests\corpus\generated.jsonl,2,2048,939,1287.68,156.251,9928.11,11448.3,0
tests\corpus\generated.jsonl,2,2048,1878,1214.91,150.205,9926.94,11486.4,0
tests\corpus\generated.jsonl,2,1310,4695,709.467,85.3087,6341.54,7347.6,0
tests\corpus\generated.jsonl,1,4,2008,25.325,4.0607,25.4822,23.2557,0
tests\corpus\generated.jsonl,2,1169,4694,679.867,81.0081,5671.26,6573.3,0
tests\corpus\generated.jsonl,2,587,10561,494.04,63.6587,2863.22,3305.8,0
tests\corpus\generated.jsonl,2,2048,13141,1288.02,151.244,9909.41,11484.2,0
tests\corpus\generated.jsonl,2,2048,4691,1143.62,146.176,9905.35,11492.8,0
tests\corpus\generated.jsonl,2,1178,4691,717.822,87.0401,5711.74,6605.72,0
tests\corpus\generated.jsonl,2,352,14314,295.951,38.9827,1730.51,1971.13,0
tests\corpus\generated.jsonl,2,2048,14079,1194.4,151.198,9898.49,11495.8,0
tests\corpus\generated.jsonl,2,2048,939,1218.42,145.198,9932.88,11487.8,0
tests\corpus\generated.jsonl,2,2048,4695,1220.16,149.205,9937.25,11458.1,0
tests\corpus\generated.jsonl,2,777,3756,434.38,53.0421,3750.59,4365.91,0
tests\corpus\generated.jsonl,2,1170,4694,678.946,81.0116,5667.1,6561.86,0
tests\corpus\generated.jsonl,2,1168,9388,673.365,85.0116,5661.24,6577.13,0
tests\corpus\generated.jsonl,2,117,21119,117.326,17.3981,578.269,649.504,0
tests\corpus\generated.jsonl,2,2048,26282,1245.83,151.231,9906.91,11490.5,0
tests\corpus\generated.jsonl,2,2048,4691,1173.23,147.187,9912.33,11507.2,0
tests\corpus\generated.jsonl,2,944,7506,587.821,73.4784,4577.7,5301.43,0
tests\corpus\generated.jsonl,2,587,14314,439.486,59.6231,2873.42,3307.93,0
tests\corpus\generated.jsonl,2,2048,28158,1210.77,156.206,9901.74,11515.3,0
tests\corpus\generated.jsonl,2,2048,939,1183.9,144.183,9929.68,11490.3,0
tests\corpus\generated.jsonl,2,947,1878,561.064,73.4606,4592.83,5342.04,0
tests\corpus\generated.jsonl,2,2048,13139,1290.4,156.254,9942.45,11500.1,0
tests\corpus\generated.jsonl,2,414,1173,311.723,41.1295,2021.52,2328.47,0
tests\corpus\generated.jsonl,2,2048,26280,1246.2,152.216,9923.19,11533.7,0
tests\corpus\generated.jsonl,2,532,3518,418.128,56.4834,2581.93,2972.37,0
tests\corpus\generated.jsonl,2,1991,4691,1102.37,137.087,9609.94,11166.8,0
tests\corpus\generated.jsonl,2,997,26279,631.229,80.6441,4830.42,5618.48,0
tests\corpus\generated.jsonl,2,656,46944,368.472,46.7248,3166.9,3698.93,0
tests\corpus\generated.jsonl,2,2048,57287,1265.81,156.216,9976.17,11501,0
tests\corpus\generated.jsonl,2,2043,939,1248.75,154.237,9892.92,11437.5,0
tests\corpus\generated.jsonl,2,1534,46947,915.305,111.914,7421.13,8591.76,0
tests\corpus\generated.jsonl,2,2048,52577,1335.8,160.27,9959.45,11490.4,0
tests\corpus\generated.jsonl,2,293,3753,179.248,20.8471,1406.93,1650.21,0
tests\corpus\generated.jsonl,2,934,40374,625.354,75.5009,4522.51,5237.32,0
tests\corpus\generated.jsonl,2,763,57284,522.742,65.0215,3705.36,4301.38,0
tests\corpus\generated.jsonl,2,641,4690,340.034,44.713,3095.85,3601.24,0
tests\corpus\generated.jsonl,2,699,28171,423.102,51.8285,3375.65,3921.91,0
tests\corpus\generated.jsonl,2,239,72536,211.345,28.7335,1162.85,1337.75,0
tests\corpus\generated.jsonl,2,1402,57268,851.905,106.603,6788.58,7849.81,0
tests\corpus\generated.jsonl,2,121,72536,161.771,20.4194,608.775,664.831,0
tests\corpus\generated.jsonl,2,2048,9383,1218.01,152.205,9926.7,11508,0
tests\corpus\generated.jsonl,2,1117,1878,642.552,75.8471,5429.81,6258.28,0
tests\corpus\generated.jsonl,2,230,57267,158.232,19.6979,1111.95,1310.3,0
tests\corpus\generated.jsonl,2,229,57265,160.75,19.7015,1099.13,1296.09,0
tests\corpus\generated.jsonl,2,230,57263,147.886,17.6908,1114.75,1310.39,0
tests\corpus\generated.jsonl,2,230,57261,155.723,17.6944,1112.06,1310.16,0
tests\corpus\generated.jsonl,2,230,57259,158.878,19.7015,1110.34,1316.08,0
tests\corpus\generated.jsonl,2,229,57257,153.087,17.6944,1105.31,1298.04,0
tests\corpus\generated.jsonl,2,121,72525,160.643,20.423,602.022,668.341,0
tests\corpus\generated.jsonl,2,347,8435,200.765,22.9293,1657.71,1981.9,0
tests\corpus\generated.jsonl,2,234,72524,214.384,27.7299,1137.61,1331.98,0
tests\corpus\generated.jsonl,2,121,72523,167.497,20.423,610.423,667.965,0
tests\corpus\generated.jsonl,2,580,935,327.076,36.5591,2787.31,3271.68,0
tests\corpus\generated.jsonl,2,230,3736,141.383,16.6861,1115.55,1311.92,0
tests\corpus\generated.jsonl,2,121,72518,174.453,19.423,616.334,668.68,0
tests\corpus\generated.jsonl,2,814,1869,483.191,54.1315,3936.41,4585.35,0
tests\corpus\generated.jsonl,2,1166,2802,719.58,84.0401,5649.7,6534.01,0
tests\corpus\generated.jsonl,2,230,48791,152.608,18.6944,1109.51,1312.66,0
tests\corpus\generated.jsonl,2,234,72505,205.934,25.7299,1129.22,1323.79,0
tests\corpus\generated.jsonl,2,234,72504,210.839,27.7264,1141.01,1329.03,0
tests\corpus\generated.jsonl,2,121,72503,168.431,20.423,610.423,668.958,0
tests\corpus\generated.jsonl,2,346,4671,175.907,19.9187,1647.82,1964.89,0
tests\corpus\generated.jsonl,2,231,79777,165.572,18.7015,1118.4,1311.34,0
tests\corpus\generated.jsonl,2,230,57231,158.333,18.7015,1110.34,1305.95,0
tests\corpus\generated.jsonl,2,121,72498,158.465,19.423,602.19,664.739,0
tests\corpus\generated.jsonl,2,1748,4670,1008.44,121.45,8467.78,9834.77,0
tests\corpus\generated.jsonl,2,696,1868,404.959,51.8166,3362.53,3930.06,0
tests\corpus\generated.jsonl,2,355,72471,362.44,47.0946,1751.48,1990.17,0
tests\corpus\generated.jsonl,2,2048,935,1214.44,146.201,9920.92,11484.9,0
tests\corpus\generated.jsonl,2,2038,1870,1153.32,143.169,9868.88,11439.4,0
tests\corpus\generated.jsonl,2,234,72455,193.086,25.7228,1127.96,1317.07,0
tests\corpus\generated.jsonl,2,233,88427,208.255,26.7264,1132.96,1320.71,0
tests\corpus\generated.jsonl,2,120,88426,151.127,19.4123,607.776,664.887,0
tests\corpus\generated.jsonl,2,2048,18705,1107.59,145.149,9917.47,11514.9,0
tests\corpus\generated.jsonl,2,649,939,362.094,44.7201,3144.77,3656.42,0
tests\corpus\generated.jsonl,2,1168,43120,759.599,92.0662,5654.3,6541.98,0
tests\corpus\generated.jsonl,2,1168,3753,651.342,82.0045,5653.81,6562.33,0
tests\corpus\generated.jsonl,2,1169,30901,781.986,92.0733,5672.83,6582.98,0
tests\corpus\generated.jsonl,2,934,44996,596.894,72.4867,4515.56,5241.98,0
tests\corpus\generated.jsonl,2,239,88422,216.104,27.7299,1171.38,1347.54,0
tests\corpus\generated.jsonl,2,1167,4690,683.152,83.0152,5654.66,6540.88,0
tests\corpus\generated.jsonl,2,700,32778,440.252,53.8391,3382.53,3942.63,0
tests\corpus\generated.jsonl,2,121,72449,159.137,20.4194,608.563,676.398,0
tests\corpus\generated.jsonl,2,2048,28088,1176.59,155.192,9899.33,11501.5,0
tests\corpus\generated.jsonl,2,2048,1878,1151.67,142.176,9902.14,11478.7,0
tests\corpus\generated.jsonl,2,2048,4695,1213.49,147.194,9969.47,11481.2,0
tests\corpus\generated.jsonl,2,371,939,257.108,29.033,1793.29,2095.99,0
tests\corpus\generated.jsonl,2,1125,46877,699.512,85.9519,5462.12,6335.67,0
tests\corpus\generated.jsonl,2,1168,3771,691.081,86.0259,5649.71,6575.95,0
tests\corpus\generated.jsonl,2,2048,39367,1390.11,165.305,9957.17,11499.3,0
tests\corpus\generated.jsonl,2,414,1173,334.27,42.1472,2011.76,2326.86,0
tests\corpus\generated.jsonl,2,2048,4690,1192.32,149.194,9913.89,11502.8,0
tests\corpus\generated.jsonl,2,2048,939,1168.95,139.18,9928.71,11492,0
tests\corpus\generated.jsonl,2,2048,1878,1235.49,156.226,9930.44,11468.8,0
tests\corpus\generated.jsonl,2,2048,4695,1172.92,144.183,9923.1,11484.6,0
tests\corpus\generated.jsonl,2,1309,4695,729.79,89.3301,6320.37,7354.15,0
tests\corpus\generated.jsonl,2,230,91005,169.143,19.7015,1115.17,1316.06,0
tests\corpus\generated.jsonl,2,591,72467,523.358,66.6741,2893.95,3306.17,0
tests\corpus\generated.jsonl,2,1520,26297,862.661,106.893,7344.56,8560.23,0
tests\corpus\generated.jsonl,1,4,6467,25.6286,3.0607,25.6647,22.0974,0
tests\corpus\generated.jsonl,2,1168,3752,689.273,83.0223,5655.27,6555.93,0
tests\corpus\generated.jsonl,2,1168,92880,824.365,95.1017,5662,6545.33,0
tests\corpus\generated.jsonl,1,5,33228,31.3036,5.06544,31.5903,29.0956,0
tests\corpus\generated.jsonl,2,2048,4690,1285.31,159.247,9944.55,11511.3,0
tests\corpus\generated.jsonl,2,997,1877,589.721,69.6216,4816.42,5589.56,0
tests\corpus\generated.jsonl,2,239,72466,198.759,27.7264,1159.47,1344.54,0
tests\corpus\generated.jsonl,2,352,14313,288.617,38.9791,1729.45,1972.16,0
tests\corpus\generated.jsonl,2,2048,1878,1201.03,145.194,9917.05,11501.3,0
tests\corpus\generated.jsonl,2,2048,3756,1151.88,140.176,9927.52,11445.3,0
tests\corpus\generated.jsonl,2,1885,4695,1098.29,134.797,9137.53,10586.3,0
tests\corpus\generated.jsonl,2,230,13374,177.087,20.711,1106.65,1301.14,0
tests\corpus\generated.jsonl,2,356,72451,352.748,43.0804,1765.73,1996.39,0
tests\corpus\generated.jsonl,2,1755,26281,1068.76,128.49,8504.09,9863.15,0
tests\corpus\generated.jsonl,2,1168,3752,671.968,82.0116,5658.19,6551.67,0
tests\corpus\generated.jsonl,2,1169,75029,706.352,87.0342,5660.79,6557.9,0
tests\corpus\generated.jsonl,2,939,31908,615.745,73.4902,4556.88,5257.54,0
tests\corpus\generated.jsonl,2,1403,114465,918.834,111.635,6808.43,7884.42,0
tests\corpus\generated.jsonl,2,121,72450,158.601,20.4159,616.397,672.79,0
tests\corpus\generated.jsonl,2,2048,939,1212.67,141.19,9953.14,11499.9,0
tests\corpus\generated.jsonl,2,2048,1878,1149.94,143.169,9942.28,11492.6,0
tests\corpus\generated.jsonl,2,1886,4695,1055.27,128.768,9158.99,10554.8,0
tests\corpus\generated.jsonl,2,1170,138886,721.346,88.0413,5676.43,6584.76,0
tests\corpus\generated.jsonl,2,230,9856,167.675,21.7003,1118.24,1313.97,0
tests\corpus\generated.jsonl,2,122,144989,164.045,19.4194,618.005,676.055,0
tests\corpus\generated.jsonl,2,1989,26280,1178.99,141.113,9637.74,11165,0
tests\corpus\generated.jsonl,2,1701,26279,1089.39,129.436,8261.19,9552.77,0
tests\corpus\generated.jsonl,2,1830,140761,1005.97,125.652,8880.16,10256.1,0
tests\corpus\generated.jsonl,2,121,72501,153.435,19.4159,606.437,663.715,0
tests\corpus\generated.jsonl,2,2048,939,1234.44,149.222,9913.87,11499.5,0
tests\corpus\generated.jsonl,2,2048,1878,1206.52,144.198,9931.05,11470.2,0
tests\corpus\generated.jsonl,2,2048,4695,1186.23,149.19,9944.83,11491.1,0
tests\corpus\generated.jsonl,2,1012,4695,571.041,68.6038,4902.73,5692.27,0
tests\corpus\generated.jsonl,2,1169,46944,758.541,92.0697,5653.49,6572.8,0
tests\corpus\generated.jsonl,2,230,135131,162.88,19.7015,1108.78,1309.57,0
tests\corpus\generated.jsonl,2,356,144986,341.798,45.0839,1748.94,1996.12,0
tests\corpus\generated.jsonl,2,1755,26296,1072.13,131.497,8493.86,9870.43,0
tests\corpus\generated.jsonl,2,1168,37557,703.43,89.0235,5679.85,6587.48,0
tests\corpus\generated.jsonl,2,353,143106,312.078,41.0626,1738.64,1988.65,0
tests\corpus\generated.jsonl,2,1990,4690,1135.9,140.101,9622.43,11180.5,0
tests\corpus\generated.jsonl,2,121,72533,162.904,19.423,607.221,668.577,0
tests\corpus\generated.jsonl,2,2048,939,1198.95,147.198,9917.05,11529.7,0
tests\corpus\generated.jsonl,2,2048,1878,1204.1,150.201,9925.76,11498.2,0
tests\corpus\generated.jsonl,2,1887,4695,1082.44,129.772,9166.86,10609.4,0
tests\corpus\generated.jsonl,2,352,12435,309.803,40.9969,1724.66,1976.54,0
tests\corpus\generated.jsonl,2,2048,13139,1217.83,151.226,9899.35,11469.8,0
tests\corpus\generated.jsonl,2,1114,7509,623.038,78.8542,5376.56,6263.13,0
tests\corpus\generated.jsonl,2,1169,131374,706.584,87.0306,5656.76,6570.33,0
tests\corpus\generated.jsonl,2,2048,30985,1418.11,170.32,9965.92,11511.1,0
tests\corpus\generated.jsonl,2,998,1877,605.715,75.6251,4830.23,5623.94,0
tests\corpus\generated.jsonl,2,121,72517,153.269,18.4159,604.178,660.959,0
tests\corpus\generated.jsonl,2,2048,28156,1228.76,156.224,9896.61,11458.7,0
tests\corpus\generated.jsonl,2,2048,1878,1142.62,140.176,9894.52,11463.3,0
tests\corpus\generated.jsonl,2,2048,4695,1190.38,147.194,9942.35,11449.5,0
tests\corpus\generated.jsonl,2,308,4695,174.146,20.8435,1485.34,1752.83,0
tests\corpus\generated.jsonl,2,464,37559,282.173,35.2561,2245.25,2615.71,0
tests\corpus\generated.jsonl,2,122,144985,171.24,20.423,620.421,679.925,0
tests\corpus\generated.jsonl,2,2048,13140,1282.16,158.254,9904.2,11470.7,0
tests\corpus\generated.jsonl,2,880,7509,505.479,60.2889,4262.82,4931.87,0
tests\corpus\generated.jsonl,2,1169,170793,841.317,98.1088,5671.75,6585.88,0
tests\corpus\generated.jsonl,2,117,143105,129.885,14.4017,584.06,642.809,0
tests\corpus\generated.jsonl,2,2048,4690,1254.94,149.23,9920.93,11484,0
tests\corpus\generated.jsonl,2,2048,939,1162.91,140.176,9927.04,11478.2,0
tests\corpus\generated.jsonl,2,1479,939,915.613,110.845,7196.98,8284.39,0
tests\corpus\generated.jsonl,2,2048,140761,1125.61,144.138,9952.88,11496.2,0
tests\corpus\generated.jsonl,2,1895,1878,1134.11,136.886,9196.42,10609.6,0
tests\corpus\generated.jsonl,2,465,191460,317.082,36.2774,2249.79,2617.67,0
tests\corpus\generated.jsonl,2,357,144986,341.091,45.0839,1761.37,2001.54,0
tests\corpus\generated.jsonl,2,2048,13156,1253.61,150.219,9938.88,11495.9,0
tests\corpus\generated.jsonl,2,645,7525,365.901,45.7237,3122.84,3624.54,0
tests\corpus\generated.jsonl,2,1168,21602,780.423,93.0697,5675.78,6566.33,0
tests\corpus\generated.jsonl,2,352,143104,282.927,37.9803,1724.75,1966.14,0
tests\corpus\generated.jsonl,2,2048,23478,1223.34,157.22,9899.58,11462,0
tests\corpus\generated.jsonl,2,2048,1878,1135.47,143.151,9951.32,11477.9,0
tests\corpus\generated.jsonl,2,2048,3756,1213.96,150.212,9947.64,11431.4,0
tests\corpus\generated.jsonl,2,1951,4695,1084.74,133.915,9466.92,10947.1,0
tests\corpus\generated.jsonl,1,4,9284,25.7225,3.0607,27.0316,23.7121,0
tests\corpus\generated.jsonl,2,1168,3755,682.353,82.0116,5680.63,6550.87,0
tests\corpus\generated.jsonl,2,465,42250,305.139,36.2632,2262.88,2621.35,0
tests\corpus\generated.jsonl,2,122,144986,168.373,20.423,619.16,670.036,0
tests\corpus\generated.jsonl,2,1988,13140,1185.78,143.115,9635.24,11157.4,0
tests\corpus\generated.jsonl,2,120,88485,148.117,20.4159,596.2,662.683,0
tests\corpus\generated.jsonl,1,113,936,25.1269,3.0607,525.345,664.799,0
tests\corpus\generated.jsonl,2,234,88484,201.991,27.7264,1132.39,1323.6,0
tests\corpus\generated.jsonl,2,230,57260,159.935,18.7015,1111.37,1311.76,0
tests\corpus\generated.jsonl,2,120,176904,157.481,19.4159,609.051,668.608,0
tests\corpus\generated.jsonl,1,113,30979,31.2854,5.06544,522.917,657.459,0
tests\corpus\generated.jsonl,2,231,143114,174.666,25.7086,1118.73,1318.83,0
tests\corpus\generated.jsonl,2,233,88475,200.457,27.7228,1129.87,1323.64,0
tests\corpus\generated.jsonl,2,234,72520,218.256,26.7299,1140.53,1336.29,0
tests\corpus\generated.jsonl,2,121,72519,161.081,20.4194,604.758,664.139,0
tests\corpus\generated.jsonl,2,346,18755,177.782,23.9163,1654.16,1973.03,0
tests\corpus\generated.jsonl,2,117,143113,127.412,16.3981,588.431,652.956,0
tests\corpus\generated.jsonl,2,814,933,472.459,56.135,3912.51,4611.09,0
tests\corpus\generated.jsonl,2,233,88466,193.362,27.7228,1123.06,1327.07,0
tests\corpus\generated.jsonl,2,8,108072,37.9246,6.1406,43.1235,46.8287,0
tests\corpus\generated.jsonl,2,2048,935,1257.48,150.219,9959.55,11508.9,0
tests\corpus\generated.jsonl,2,2048,1870,1228.7,153.212,9953.33,11506.9,0
tests\corpus\generated.jsonl,2,2048,4675,1176.74,142.176,9937.3,11518.4,0
tests\corpus\generated.jsonl,2,158,60038,90.489,11.4511,751.825,903.198,0
tests\corpus\generated.jsonl,2,233,88444,200.518,25.7228,1129.79,1321.82,0
tests\corpus\generated.jsonl,2,233,176864,206.651,27.7228,1138.44,1335.17,0
tests\corpus\generated.jsonl,2,121,217457,158.217,21.4159,609.95,675.41,0
tests\corpus\generated.jsonl,2,346,7480,177.973,18.9116,1661.28,1978.34,0
tests\corpus\generated.jsonl,2,231,231549,189.423,25.7193,1115.88,1314.66,0
tests\corpus\generated.jsonl,2,234,72466,210.311,27.7264,1140.85,1340.04,0
tests\corpus\generated.jsonl,2,120,88437,150.992,20.4123,606.531,667.033,0
tests\corpus\generated.jsonl,2,580,1869,298.495,35.5449,2786.09,3274.6,0
tests\corpus\generated.jsonl,2,118,231544,146.677,18.4123,590.895,649.846,0
tests\corpus\generated.jsonl,2,1048,7478,583.932,68.6719,5084.24,5922.05,0
tests\corpus\generated.jsonl,2,118,231540,160.796,18.4159,597.795,659.1,0
tests\corpus\generated.jsonl,2,1047,9347,573.159,69.6719,5060.15,5920.89,0
tests\corpus\generated.jsonl,2,230,126666,155.279,19.6944,1111.9,1320.81,0
tests\corpus\generated.jsonl,2,591,72449,510.699,67.6741,2881.34,3312.57,0
tests\corpus\generated.jsonl,2,1520,17763,902.76,112.918,7339.72,8538.86,0
tests\corpus\generated.jsonl,2,352,143106,311.339,40.9945,1720.49,1970.14,0
tests\corpus\generated.jsonl,2,2048,28088,1183.37,153.199,9886.42,11495.3,0
tests\corpus\generated.jsonl,2,2048,1878,1185.88,146.187,9929.93,11494.7,0
tests\corpus\generated.jsonl,2,2048,3756,1244.07,153.226,9936.43,11462.6,0
tests\corpus\generated.jsonl,2,777,4695,450.794,53.0492,3754.76,4371.03,0
tests\corpus\generated.jsonl,2,353,231515,316.487,43.0768,1722.51,1967.49,0
tests\corpus\generated.jsonl,2,2048,26211,1273.03,154.252,9904.1,11502.5,0
tests\corpus\generated.jsonl,2,2048,140759,1170.56,147.181,9931.54,11464.5,0
tests\corpus\generated.jsonl,2,2048,4707,1228.43,151.208,9952.06,11480.1,0
tests\corpus\generated.jsonl,2,1020,7522,600.497,72.6358,4914.47,5713.04,0
tests\corpus\generated.jsonl,2,122,144981,170.589,20.423,619.022,671.814,0
tests\corpus\generated.jsonl,2,2048,939,1200.77,146.194,9897.22,11504.1,0
tests\corpus\generated.jsonl,2,2048,1878,1189.62,144.19,9927.68,11473.5,0
tests\corpus\generated.jsonl,2,2048,4695,1204.52,145.19,9956.28,11465.1,0
tests\corpus\generated.jsonl,2,543,3756,311.911,36.4088,2620.05,3067.61,0
tests\corpus\generated.jsonl,2,118,231531,149.992,19.4123,594.208,653.476,0
tests\corpus\generated.jsonl,2,994,4694,570.484,67.6003,4830.83,5587.4,0
tests\corpus\generated.jsonl,1,6,84,19.2537,2.06044,25.7267,42.1776,0
tests\corpus\generated.jsonl,1,5,44,19.0885,3.06044,23.5158,36.7177,0
tests\corpus\generated.jsonl,1,58,233,24.7667,4.06547,262.52,327.769,0
tests\corpus\generated.jsonl,2,115,234,108.754,14.3766,570.369,637.006,0
tests\corpus\generated.jsonl,2,701,235,478.846,62.7663,3400.44,3872.54,0
tests\corpus\generated.jsonl,1,114,939,25.1278,4.06547,528.144,646.656,0
tests\corpus\generated.jsonl,2,352,468,262.228,37.9248,1724.95,1950.29,0
tests\corpus\generated.jsonl,2,583,938,336.396,38.4965,2810.02,3237.58,0
tests\corpus\generated.jsonl,2,116,1172,120.604,16.3822,575.85,637.205,0
tests\corpus\generated.jsonl,1,115,939,25.1278,4.06547,537.165,656.123,0
tests\corpus\generated.jsonl,2,933,938,554.301,65.3436,4522.39,5147.75,0
tests\corpus\generated.jsonl,2,585,1173,437.154,58.5443,2861.08,3221.47,0
tests\corpus\generated.jsonl,2,817,3753,471.143,55.0325,3945.26,4536.39,0
tests\corpus\generated.jsonl,2,1166,4691,717.957,86.8909,5647.21,6438.33,0
tests\corpus\generated.jsonl,2,116,1173,131.015,15.3878,573.086,634.856,0
tests\corpus\generated.jsonl,2,2048,939,1213.14,146.954,9905.93,11279.2,0
tests\corpus\generated.jsonl,2,2048,1878,1189.54,145.937,9936.42,11286.1,0
tests\corpus\generated.jsonl,2,1887,4695,1047.94,132.532,9157,10393.1,0
tests\corpus\generated.jsonl,2,352,6807,315.075,39.9445,1734.61,1959.17,0
tests\corpus\generated.jsonl,2,1990,8449,1241.46,145.893,9635.18,10982,0
tests\corpus\generated.jsonl,2,352,8917,295.657,38.9361,1735.28,1953.36,0
tests\corpus\generated.jsonl,2,2048,13140,1281.55,154.971,9939.64,11314.4,0
tests\corpus\generated.jsonl,2,2048,4691,1124.48,134.895,9955.03,11291.6,0
tests\corpus\generated.jsonl,2,944,1877,590.675,75.3633,4577.04,5213.78,0
tests\corpus\generated.jsonl,2,117,14314,119.526,15.3822,578.335,646.949,0
tests\corpus\generated.jsonl,2,2048,14079,1220.22,152.952,9900.13,11282.5,0
tests\corpus\generated.jsonl,2,2048,1878,1166.38,145.932,9924.47,11298.1,0
tests\corpus\generated.jsonl,2,2048,4695,1214.02,148.94,9976.49,11305.9,0
tests\corpus\generated.jsonl,2,308,3756,175.574,19.8133,1489.18,1721.23,0
tests\corpus\generated.jsonl,2,117,3286,126.393,15.3822,584.169,643.016,0
tests\corpus\generated.jsonl,2,2048,26281,1253.34,150.959,9934.43,11332.4,0
tests\corpus\generated.jsonl,2,297,2345,230.305,30.8386,1464.52,1640.1,0
tests\corpus\generated.jsonl,2,2048,26281,1272.56,151.968,9947.37,11317.5,0
tests\corpus\generated.jsonl,2,2048,4691,1134.05,138.904,9954.02,11310.1,0
tests\corpus\generated.jsonl,2,944,7506,597.085,74.3633,4584.88,5214.6,0
tests\corpus\generated.jsonl,2,59,14314,71.3821,9.22103,287.094,336.779,0
tests\corpus\generated.jsonl,2,1110,7523,699.329,83.755,5361.14,6126.25,0
tests\corpus\generated.jsonl,2,352,28643,307.849,43.9467,1719.93,1951.36,0
tests\corpus\generated.jsonl,2,2048,28174,1206.84,158.957,9876.66,11287,0
tests\corpus\generated.jsonl,2,2048,1878,1135.85,142.915,9894.19,11288.3,0
tests\corpus\generated.jsonl,2,129,7293,169.818,20.4712,646.611,707.331,0
tests\corpus\generated.jsonl,2,2048,26297,1299.45,153.982,9936.65,11307.2,0
tests\corpus\generated.jsonl,2,297,2345,219.026,31.833,1463.89,1651.31,0
tests\corpus\generated.jsonl,2,2048,26297,1308.44,157.002,9893.63,11284.6,0
tests\corpus\generated.jsonl,2,2048,4691,1166.56,140.926,9921.61,11276,0
tests\corpus\generated.jsonl,2,945,7506,598.407,73.3605,4586.11,5228.78,0
tests\corpus\generated.jsonl,2,117,14330,127.531,15.385,583.498,639.971,0
tests\corpus\generated.jsonl,2,2048,11262,1277.18,152.991,9888.28,11266.8,0
tests\corpus\generated.jsonl,2,2048,939,1154.75,143.935,9880.01,11280.1,0
tests\corpus\generated.jsonl,2,2048,1878,1219.63,149.954,9933.68,11259.1,0
tests\corpus\generated.jsonl,2,542,939,308.033,37.3437,2626.49,3009.63,0
tests\corpus\generated.jsonl,2,934,22544,659.598,75.388,4534.26,5173.82,0
tests\corpus\generated.jsonl,2,351,28642,324.836,42.9552,1720.17,1943.32,0
tests\corpus\generated.jsonl,2,2048,13141,1354.56,158.999,9948.98,11311.7,0
tests\corpus\generated.jsonl,2,298,2346,208.766,29.8302,1460.81,1647.22,0
tests\corpus\generated.jsonl,2,2048,4691,1182.98,142.926,9933.49,11297.8,0
tests\corpus\generated.jsonl,2,1350,4691,759.888,88.3098,6553.34,7436.81,0
tests\corpus\generated.jsonl,2,352,14314,282.865,37.9305,1732.16,1951.81,0
tests\corpus\generated.jsonl,2,2048,14079,1197.8,149.94,9904.4,11286.3,0
tests\corpus\generated.jsonl,2,2048,939,1129.54,137.918,9899.87,11261.5,0
tests\corpus\generated.jsonl,2,2048,1878,1261.7,153.971,9945.64,11279.7,0
tests\corpus\generated.jsonl,2,777,939,431.207,53.9491,3755.79,4292.17,0
tests\corpus\generated.jsonl,2,1168,22529,743.559,89.9043,5665.31,6463.62,0
tests\corpus\generated.jsonl,2,1169,18772,643.191,83.8594,5667.88,6453.48,0
tests\corpus\generated.jsonl,2,2048,57270,1343.35,166.999,9973.64,11305.4,0
tests\corpus\generated.jsonl,2,2048,4691,1197.62,148.937,9936.77,11260.4,0
tests\corpus\generated.jsonl,2,1060,7506,589.436,69.6294,5121.57,5859.8,0
tests\corpus\generated.jsonl,2,473,72522,390.408,50.255,2302.72,2619.05,0
tests\corpus\generated.jsonl,2,2048,57271,1288.44,159.982,9926.37,11265.6,0
tests\corpus\generated.jsonl,2,2042,939,1246.99,151.963,9915.24,11254.1,0
tests\corpus\generated.jsonl,2,1081,46948,634.006,80.6569,5204.87,5979.99,0
tests\corpus\generated.jsonl,2,2048,70426,1307.59,158.99,9944.82,11293.6,0
tests\corpus\generated.jsonl,2,415,2346,294.954,41.0692,2023.31,2296.58,0
tests\corpus\generated.jsonl,2,2048,26297,1272.7,151.968,9939.48,11317,0
tests\corpus\generated.jsonl,2,2048,4691,1142.52,138.898,9972.23,11339.6,0
tests\corpus\generated.jsonl,2,944,2815,594.273,73.3661,4576.61,5214.18,0
tests\corpus\generated.jsonl,2,474,72538,403.095,51.2607,2309.97,2622.22,0
tests\corpus\generated.jsonl,2,117,28644,128.374,17.3844,589.678,648.071,0
tests\corpus\generated.jsonl,2,2048,28174,1227.1,152.945,9930.27,11314.2,0
tests\corpus\generated.jsonl,2,2048,939,1208.17,147.957,9907.61,11273.6,0
tests\corpus\generated.jsonl,2,2048,1878,1202.42,153.946,9954.72,11304.1,0
tests\corpus\generated.jsonl,1,74,235,24.7689,3.06547,345.543,421.261,0
tests\corpus\generated.jsonl,2,352,7042,282.425,40.9417,1709.86,1939.01,0
tests\corpus\generated.jsonl,2,2048,26297,1249.05,150.968,9921.56,11295.6,0
tests\corpus\generated.jsonl,2,1115,4692,613.409,77.7128,5403.13,6160.75,0
tests\corpus\generated.jsonl,1,4,5996,25.609,4.06547,25.9781,24.3435,0
tests\corpus\generated.jsonl,2,2048,4691,1178.47,144.918,9978.36,11315.2,0
tests\corpus\generated.jsonl,2,1465,4691,858.135,102.557,7109.91,8090.96,0
tests\corpus\generated.jsonl,2,121,72537,161.206,21.4013,609.87,670.182,0
tests\corpus\generated.jsonl,2,2048,9384,1228.18,149.954,9928.85,11285.3,0
tests\corpus\generated.jsonl,2,1117,939,639.756,79.7213,5400.95,6155.52,0
tests\corpus\generated.jsonl,2,233,88494,208.33,27.6965,1131.46,1305.67,0
tests\corpus\generated.jsonl,2,120,88492,147.208,20.3957,601.245,657.626,0
tests\corpus\generated.jsonl,1,112,935,25.1267,3.06547,516.7,637.316,0
tests\corpus\generated.jsonl,2,230,57265,152.506,18.6741,1106.97,1288.04,0
tests\corpus\generated.jsonl,2,233,88489,187.807,27.6937,1119.56,1291.26,0
tests\corpus\generated.jsonl,2,233,88487,202.47,27.6937,1132.14,1303.49,0
tests\corpus\generated.jsonl,2,120,88485,160.683,20.4013,603.64,658.699,0
tests\corpus\generated.jsonl,2,346,9374,181.407,22.8883,1646.39,1926.58,0
tests\corpus\generated.jsonl,2,234,72510,183.727,24.6909,1124.12,1290.33,0
tests\corpus\generated.jsonl,2,234,72509,203.183,26.6965,1133.44,1300.37,0
tests\corpus\generated.jsonl,2,121,72508,154.187,20.3985,608.389,667.601,0
tests\corpus\generated.jsonl,2,580,935,301.947,34.4824,2779.51,3202.11,0
tests\corpus\generated.jsonl,2,462,69451,289.737,38.2129,2221.78,2553.75,0
tests\corpus\generated.jsonl,2,121,72500,165.9,19.4013,615.327,666.841,0
tests\corpus\generated.jsonl,2,581,1868,321.744,39.4909,2798.86,3239.23,0
tests\corpus\generated.jsonl,2,229,75079,139.764,16.6656,1102.96,1276.24,0
tests\corpus\generated.jsonl,2,121,72495,155.735,21.4013,605.068,665.347,0
tests\corpus\generated.jsonl,2,817,2802,481.372,57.0353,3952.18,4529.66,0
tests\corpus\generated.jsonl,2,930,934,563.669,67.3492,4503.55,5136.75,0
tests\corpus\generated.jsonl,2,120,88459,164.223,20.4013,606.846,658.236,0
tests\corpus\generated.jsonl,2,346,5603,187.106,19.8855,1656.41,1927.23,0
tests\corpus\generated.jsonl,1,4,11827,25.7854,3.06547,26.9735,23.6934,0
tests\corpus\generated.jsonl,2,230,57233,148.427,18.6712,1109.96,1286.56,0
tests\corpus\generated.jsonl,2,121,72484,165.256,20.4013,615.85,665.209,0
tests\corpus\generated.jsonl,2,580,3737,312.539,35.488,2786.07,3214.39,0
tests\corpus\generated.jsonl,1,4,15811,25.8608,3.06547,25.8659,24.1733,0
tests\corpus\generated.jsonl,2,2048,4671,1165.76,143.921,9957.04,11304.7,0
tests\corpus\generated.jsonl,2,984,1869,586.719,72.427,4751.99,5417.91,0
tests\corpus\generated.jsonl,2,120,88440,160.583,20.3985,609.879,662.665,0
tests\corpus\generated.jsonl,2,2048,935,1202.01,147.94,9929.79,11311.7,0
tests\corpus\generated.jsonl,2,1804,3740,1080.83,130.41,8743.63,9924.72,0
tests\corpus\generated.jsonl,2,121,72454,152.527,20.4013,597.666,663.955,0
tests\corpus\generated.jsonl,2,2048,18705,1148.21,147.934,9887.09,11284,0
tests\corpus\generated.jsonl,2,415,939,220.084,27.0382,2006.77,2292.93,0
tests\corpus\generated.jsonl,2,2048,26211,1310.5,161.999,9946.44,11287.8,0
tests\corpus\generated.jsonl,2,293,1877,163.563,20.8133,1399.08,1623.84,0
tests\corpus\generated.jsonl,2,934,71278,610.517,71.3711,4522.03,5163.1,0
tests\corpus\generated.jsonl,2,239,88408,197.148,27.6965,1155.81,1317.59,0
tests\corpus\generated.jsonl,2,1168,4690,676.433,82.8684,5669.64,6450.4,0
tests\corpus\generated.jsonl,2,59,73389,74.4343,10.2261,284.809,334.326,0
tests\corpus\generated.jsonl,2,1125,93821,648.465,80.79,5463.14,6222.53,0
tests\corpus\generated.jsonl,2,700,90064,456.677,53.7573,3392.66,3880.9,0
tests\corpus\generated.jsonl,2,121,72467,147.085,20.3957,610.68,660.369,0
tests\corpus\generated.jsonl,2,2048,9399,1195.17,143.932,9924.69,11279.3,0
tests\corpus\generated.jsonl,2,2048,1878,1194.45,148.946,9910.5,11281.4,0
tests\corpus\generated.jsonl,2,2048,4695,1261.26,153.971,9943.38,11271.3,0
tests\corpus\generated.jsonl,2,309,939,167.596,20.8105,1487.04,1721.91,0
tests\corpus\generated.jsonl,2,117,6103,139.173,15.3878,587.737,652.229,0
tests\corpus\generated.jsonl,2,1051,3755,581.494,71.5629,5057.24,5810.08,0
tests\corpus\generated.jsonl,2,1168,32796,722.057,87.8987,5658.52,6431.82,0
tests\corpus\generated.jsonl,2,587,36786,520.507,65.5914,2859.68,3225.42,0
tests\corpus\generated.jsonl,2,1818,13155,1108.55,136.427,8803.3,10039.3,0
tests\corpus\generated.jsonl,2,1110,4690,601.657,70.6988,5381.34,6124.18,0
tests\corpus\generated.jsonl,2,700,41242,441.266,53.7489,3404.94,3881.46,0
tests\corpus\generated.jsonl,2,121,72465,165.399,21.4013,616.121,662.968,0
tests\corpus\generated.jsonl,2,2048,9383,1189.38,146.937,9898.31,11295.9,0
tests\corpus\generated.jsonl,2,2048,939,1189.48,144.937,9933.96,11283.2,0
tests\corpus\generated.jsonl,2,2048,4695,1260.7,157.968,9943.37,11298.5,0
tests\corpus\generated.jsonl,2,1480,939,880.772,107.646,7160.89,8165.64,0
tests\corpus\generated.jsonl,2,1169,131382,697.64,88.8847,5660.96,6476.99,0
tests\corpus\generated.jsonl,2,586,8683,493.024,64.5752,2855.09,3232.2,0
tests\corpus\generated.jsonl,2,2048,13140,1295.7,152.982,9930.42,11301.1,0
tests\corpus\generated.jsonl,2,2048,4690,1108.67,141.901,9931.81,11311.2,0
tests\corpus\generated.jsonl,2,595,1173,452.471,61.5527,2909.71,3273.82,0
tests\corpus\generated.jsonl,2,2048,14078,1183.48,151.937,9915.86,11292.6,0
tests\corpus\generated.jsonl,2,2048,939,1227.35,147.952,9945.28,11302.2,0
tests\corpus\generated.jsonl,2,2048,939,1236.52,154.96,9952.02,11309.4,0
tests\corpus\generated.jsonl,2,1715,3756,1047.31,127.205,8288.57,9449.58,0
tests\corpus\generated.jsonl,2,1169,113530,800.986,95.9465,5633.95,6452.35,0
tests\corpus\generated.jsonl,1,5,144991,31.6862,5.0705,32.2465,29.4502,0
tests\corpus\generated.jsonl,2,1167,3753,706.609,86.8909,5648.39,6460.93,0
tests\corpus\generated.jsonl,2,1174,101326,700.116,90.8931,5679.77,6457.28,0
tests\corpus\generated.jsonl,2,2048,4690,1177.55,145.923,9966.12,11311.2,0
tests\corpus\generated.jsonl,2,1936,7506,1151.35,137.718,9368.67,10664,0
tests\corpus\generated.jsonl,2,590,88406,491.388,67.5746,2880.45,3248.7,0
tests\corpus\generated.jsonl,2,1820,939,1058.73,129.404,8807.35,10040.9,0
tests\corpus\generated.jsonl,2,2048,140766,1177.25,147.928,9907.15,11285.4,0
tests\corpus\generated.jsonl,2,1191,1878,691.827,87.9574,5744.13,6574.66,0
tests\corpus\generated.jsonl,2,1169,7527,722.634,89.9049,5628.97,6452.23,0
tests\corpus\generated.jsonl,2,1169,21605,815.162,97.9521,5640.39,6442.33,0
tests\corpus\generated.jsonl,2,1167,23481,738.412,93.9099,5641.24,6450.97,0
tests\corpus\generated.jsonl,2,1169,9401,716.471,90.8993,5634.49,6455.49,0
tests\corpus\generated.jsonl,2,118,143108,131.039,16.3872,589.956,648.233,0
tests\corpus\generated.jsonl,2,2048,4690,1159.5,142.915,9896.63,11284.9,0
tests\corpus\generated.jsonl,2,2048,939,1186.64,141.929,9917.28,11291.8,0
tests\corpus\generated.jsonl,2,2048,1878,1243.22,154.963,9917.11,11280.6,0
tests\corpus\generated.jsonl,2,2048,4695,1196.48,151.949,9895.76,11272.8,0
tests\corpus\generated.jsonl,2,1311,1878,745.888,92.1767,6320.1,7233.52,0
tests\corpus\generated.jsonl,2,230,161430,154.545,18.6769,1104.32,1289.37,0
tests\corpus\generated.jsonl,2,122,144990,172.5,20.4041,621.845,682.947,0
tests\corpus\generated.jsonl,2,1989,26297,1183.21,144.882,9576.54,10963.2,0
tests\corpus\generated.jsonl,2,1168,7508,727.166,88.8965,5646.97,6454.43,0
tests\corpus\generated.jsonl,2,1169,48819,724.129,90.9071,5638.33,6468.27,0
tests\corpus\generated.jsonl,1,4,4118,25.5115,3.06547,26.7074,24.8916,0
tests\corpus\generated.jsonl,2,2048,4690,1200.24,146.935,9925.9,11290.5,0
tests\corpus\generated.jsonl,2,997,1877,610.497,72.4935,4828.81,5523.32,0
tests\corpus\generated.jsonl,2,121,72534,152.729,20.3985,610.453,664.684,0
tests\corpus\generated.jsonl,2,2048,28172,1195.27,156.948,9887.42,11293.4,0
tests\corpus\generated.jsonl,2,2048,3756,1178.83,147.943,9882.27,11306,0
tests\corpus\generated.jsonl,2,1182,4695,706.605,86.8881,5713.3,6528.78,0
tests\corpus\generated.jsonl,2,1169,112589,702.935,88.8875,5666.5,6470.44,0
tests\corpus\generated.jsonl,1,5,144989,31.6862,5.0705,33.2458,30.7285,0
tests\corpus\generated.jsonl,2,228,56327,135.152,17.6656,1090.72,1268.76,0
tests\corpus\generated.jsonl,2,357,144987,331.45,43.0273,1756.52,1978,0
tests\corpus\generated.jsonl,2,1755,26280,1012.56,127.257,8444.08,9705.51,0
tests\corpus\generated.jsonl,2,2048,4690,1237.94,152.957,9913.09,11295.7,0
tests\corpus\generated.jsonl,2,1465,4690,864.109,105.566,7069.07,8103.77,0
tests\corpus\generated.jsonl,2,121,72517,164.655,19.4041,607.733,660.127,0
tests\corpus\generated.jsonl,2,2048,28156,1217.9,156.945,9917.86,11333,0
tests\corpus\generated.jsonl,2,2048,1878,1177.02,145.937,9883.1,11289.3,0
tests\corpus\generated.jsonl,2,2048,4695,1232.72,157.963,9903.59,11288.6,0
tests\corpus\generated.jsonl,2,1013,1878,579.105,71.4907,4878.57,5604.67,0
tests\corpus\generated.jsonl,2,1168,209295,772.555,94.9212,5654.49,6466.54,0
tests\corpus\generated.jsonl,1,5,144987,31.6862,4.0705,32.5095,29.52,0
tests\corpus\generated.jsonl,2,586,42937,461.341,63.5577,2856.3,3241.63,0
tests\corpus\generated.jsonl,2,177,15955,114.084,13.5163,845.708,1000.53,0
tests\corpus\generated.jsonl,2,1595,140761,816.968,112.834,7693.25,8823.71,0
tests\corpus\generated.jsonl,2,1168,23479,724.473,92.8959,5653.94,6454.02,0
tests\corpus\generated.jsonl,2,118,143106,135.374,17.3872,594.934,651.817,0
tests\corpus\generated.jsonl,2,2048,17846,1375.84,164.013,9924.94,11335.4,0
tests\corpus\generated.jsonl,2,2048,939,1203.34,142.943,9934.15,11298.1,0
tests\corpus\generated.jsonl,2,2048,1878,1244.08,152.957,9953.53,11303.4,0
tests\corpus\generated.jsonl,2,2048,4695,1217.09,147.949,9936.43,11290.7,0
tests\corpus\generated.jsonl,2,137,4695,71.9092,9.43007,651.958,778.935,0
tests\corpus\generated.jsonl,2,118,231603,154.937,19.3985,590.801,650.723,0
tests\corpus\generated.jsonl,2,2048,8449,1278.4,156.985,9903.72,11331.7,0
tests\corpus\generated.jsonl,2,297,2345,212.458,30.8358,1452.68,1635.72,0
tests\corpus\generated.jsonl,2,2048,26296,1311.19,154.987,9920.36,11314.8,0
tests\corpus\generated.jsonl,2,179,939,83.86,9.50222,866.674,1005.37,0
tests\corpus\generated.jsonl,2,2048,4690,1193.5,149.94,9947.65,11304.4,0
tests\corpus\generated.jsonl,2,997,1877,597.581,71.4964,4830.77,5510.66,0
tests\corpus\generated.jsonl,2,121,72532,169.105,19.4041,612.408,664.525,0
tests\corpus\generated.jsonl,2,2048,1878,1200.99,145.943,9931.67,11324.3,0
tests\corpus\generated.jsonl,2,2048,3756,1170.5,143.921,9956.01,11285,0
tests\corpus\generated.jsonl,2,2048,4695,1212.12,153.952,9942.61,11313.8,0
tests\corpus\generated.jsonl,2,308,1878,170.31,20.8133,1475.46,1704.54,0
tests\corpus\generated.jsonl,2,588,231602,511.232,65.583,2874.41,3238.18,0
tests\corpus\generated.jsonl,2,2048,13140,1292.08,155.982,9917.94,11324.3,0
tests\corpus\generated.jsonl,2,881,3753,487.31,59.1768,4265.31,4857.13,0
tests\corpus\generated.jsonl,2,1160,144517,781.857,93.9212,5616.24,6420.82,0
tests\corpus\generated.jsonl,2,230,143113,171.199,24.6797,1110.53,1292.71,0
tests\corpus\generated.jsonl,2,233,88474,193.789,26.6909,1129.2,1305.37,0
tests\corpus\generated.jsonl,2,355,144981,356.062,46.0329,1752.83,1975.95,0
tests\corpus\generated.jsonl,2,346,18754,181.813,21.8877,1650.66,1928.45,0
tests\corpus\generated.jsonl,2,118,143112,127.478,18.3872,588.108,652.166,0
tests\corpus\generated.jsonl,2,814,934,449.488,54.0297,3910.05,4512.92,0
tests\corpus\generated.jsonl,2,233,88466,198.769,26.6937,1127.42,1295.02,0
tests\corpus\generated.jsonl,2,233,176889,199.767,27.6937,1129.84,1305.65,0
tests\corpus\generated.jsonl,2,119,231577,155.842,20.3985,599.34,651.399,0
tests\corpus\generated.jsonl,2,2048,935,1210.07,146.937,9936.05,11336.3,0
tests\corpus\generated.jsonl,2,2038,1870,1199.7,145.937,9874.35,11233,0
tests\corpus\generated.jsonl,2,236,72479,200.293,25.6937,1148.16,1313.29,0
tests\corpus\generated.jsonl,2,353,143117,311.206,42.0133,1736.65,1953.87,0
tests\corpus\generated.jsonl,2,2048,4675,1232.08,152.957,9911.82,11337.1,0
tests\corpus\generated.jsonl,2,168,1870,81.831,12.505,794.842,935.295,0
tests\corpus\generated.jsonl,2,231,231549,193.104,26.6937,1112.55,1292.13,0
tests\corpus\generated.jsonl,2,234,72465,213.28,26.6965,1140.6,1308.37,0
tests\corpus\generated.jsonl,2,120,88436,155.824,20.3985,606.263,663.649,0
tests\corpus\generated.jsonl,2,149,3739,96.1629,9.44131,705.611,846.773,0
tests\corpus\generated.jsonl,1,5,44,19.0885,3.07101,23.4816,36.8348,0
tests\corpus\generated.jsonl,1,6,84,19.2537,2.07101,25.7292,40.9265,0
tests\corpus\generated.jsonl,2,189,234,101.654,14.3886,903.225,1065.5,0
tests\corpus\generated.jsonl,2,229,233,162.336,21.5133,1102.13,1301.16,0
tests\corpus\generated.jsonl,2,115,234,113.093,13.3043,572.902,641.499,0
tests\corpus\generated.jsonl,1,111,466,24.9461,4.07732,510.826,637.403,0
tests\corpus\generated.jsonl,2,349,467,265.394,35.7022,1708.18,1956.04,0
tests\corpus\generated.jsonl,1,114,934,25.1264,4.07732,527.62,658.171,0
tests\corpus\generated.jsonl,2,349,1168,273.785,38.7134,1700.33,1956.25,0
tests\corpus\generated.jsonl,2,814,934,471.349,53.4786,3920.2,4569.73,0
tests\corpus\generated.jsonl,2,229,935,150.125,17.5021,1106.64,1292.7,0
tests\corpus\generated.jsonl,2,462,934,279.649,34.888,2227.14,2583.29,0
tests\corpus\generated.jsonl,2,229,2337,166.043,20.5133,1108.3,1301.66,0
tests\corpus\generated.jsonl,2,116,2338,116.059,14.3043,584.341,649.59,0
tests\corpus\generated.jsonl,1,112,936,25.1269,4.07732,516.155,644.873,0
tests\corpus\generated.jsonl,2,462,3506,337.738,44.9254,2225.37,2588.97,0
tests\corpus\generated.jsonl,2,351,1172,268.08,37.7059,1722.38,1955.9,0
tests\corpus\generated.jsonl,2,348,937,168.178,21.6461,1659.19,1961.32,0
tests\corpus\generated.jsonl,2,229,4678,134.89,15.4946,1102.93,1292.9,0
tests\corpus\generated.jsonl,2,229,2345,160.327,20.5095,1107.7,1302.47,0
tests\corpus\generated.jsonl,2,996,939,623.77,77.8377,4823.13,5573.19,0
tests\corpus\generated.jsonl,2,1879,1894,1187.78,143.329,9131.51,10460.9,0
tests\corpus\generated.jsonl,2,2048,1878,1182.7,146.556,9919.41,11415.5,0
tests\corpus\generated.jsonl,2,763,4711,475.72,58.4024,3685.28,4235.7,0
tests\corpus\generated.jsonl,2,1345,4695,767.505,96.3983,6506.95,7499.98,0
tests\corpus\generated.jsonl,2,1170,1877,684.854,87.0803,5666.61,6554.54,0
tests\corpus\generated.jsonl,2,351,469,276.164,37.7171,1708.3,1955.32,0
tests\corpus\generated.jsonl,2,818,9404,466.735,56.4748,3942.62,4579.59,0
tests\corpus\generated.jsonl,2,117,3988,126.513,17.3155,579.899,650.401,0
tests\corpus\generated.jsonl,2,1052,3753,565.349,68.8458,5060.44,5862.71,0
tests\corpus\generated.jsonl,2,231,3752,138.147,18.4983,1113.19,1306.68,0
tests\corpus\generated.jsonl,2,230,14324,165.908,22.517,1107.17,1301.95,0
tests\corpus\generated.jsonl,2,230,14325,162.236,23.5133,1107.8,1299.68,0
tests\corpus\generated.jsonl,2,117,14326,119.344,15.308,581.86,654.657,0
tests\corpus\generated.jsonl,2,1520,4691,816.241,102.652,7318.63,8490.73,0
tests\corpus\generated.jsonl,2,2048,11261,1336.87,162.646,9969.09,11437.7,0
tests\corpus\generated.jsonl,2,2042,1878,1270.17,156.62,9879.72,11350.7,0
tests\corpus\generated.jsonl,2,2044,14078,1228.38,156.594,9871.17,11388,0
tests\corpus\generated.jsonl,2,78,11496,82.0926,11.2438,386.648,427.454,0
tests\corpus\generated.jsonl,2,2048,3756,1222.17,147.594,9872.79,11376.9,0
tests\corpus\generated.jsonl,2,179,939,83.2104,9.37735,853.725,1006.21,0
tests\corpus\generated.jsonl,2,1169,1877,671.639,86.0766,5645.12,6517.7,0
tests\corpus\generated.jsonl,2,117,12436,138.94,17.3192,586.345,651.033,0
tests\corpus\generated.jsonl,2,2048,13140,1341.52,164.665,9886.06,11391.4,0
tests\corpus\generated.jsonl,2,532,3518,412.382,52.0576,2584.34,2948.57,0
tests\corpus\generated.jsonl,2,1990,4691,1101.62,137.466,9610.91,11099,0
tests\corpus\generated.jsonl,2,228,3751,132.594,16.4946,1090.65,1281.76,0
tests\corpus\generated.jsonl,2,2048,26278,1312.28,162.645,9929.67,11363.9,0
tests\corpus\generated.jsonl,2,2042,939,1196.64,149.571,9884.53,11352.9,0
tests\corpus\generated.jsonl,1,126,23462,31.2133,5.08362,584.825,726.409,0
tests\corpus\generated.jsonl,2,352,14313,285.106,37.7097,1737.5,1960.44,0
tests\corpus\generated.jsonl,2,2048,4695,1190.89,146.549,9924.87,11403,0
tests\corpus\generated.jsonl,2,413,1878,218.926,29.7671,1987.66,2311.18,0
tests\corpus\generated.jsonl,1,4,2478,25.3796,4.07732,26.9532,23.1161,0
tests\corpus\generated.jsonl,2,698,23464,438.012,54.2841,3382.85,3904.34,0
tests\corpus\generated.jsonl,1,4,16086,25.8652,4.07732,26.0125,23.3623,0
tests\corpus\generated.jsonl,2,586,14312,454.71,59.1599,2860.97,3252.5,0
tests\corpus\generated.jsonl,2,2048,26279,1292.88,159.63,9902.27,11401.2,0
tests\corpus\generated.jsonl,2,532,3518,398.267,52.0538,2579.27,2953.38,0
tests\corpus\generated.jsonl,2,2048,4691,1160.03,145.545,9907.97,11397.7,0
tests\corpus\generated.jsonl,2,1584,7506,956.731,113.807,7669.77,8823.09,0
tests\corpus\generated.jsonl,2,352,14314,265.19,36.7022,1722.04,1963.22,0
tests\corpus\generated.jsonl,2,2048,14079,1217.6,150.579,9901.09,11365.7,0
tests\corpus\generated.jsonl,2,2048,1878,1158.76,145.541,9924.77,11389.8,0
tests\corpus\generated.jsonl,2,1480,4695,905.854,106.648,7194.36,8220.6,0
tests\corpus\generated.jsonl,2,891,46946,563.618,69.6282,4305.13,4967.57,0
tests\corpus\generated.jsonl,2,117,704,124.877,15.308,585.58,657.766,0
tests\corpus\generated.jsonl,2,2048,26296,1279.41,162.637,9878.44,11398.7,0
tests\corpus\generated.jsonl,2,297,2345,232.341,29.638,1459.32,1646.55,0
tests\corpus\generated.jsonl,2,2048,26296,1268.11,157.622,9895.88,11404,0
tests\corpus\generated.jsonl,2,2048,4691,1129.24,140.526,9902.96,11402.7,0
tests\corpus\generated.jsonl,2,944,2815,620.346,74.7429,4566.77,5260.55,0
tests\corpus\generated.jsonl,1,4,8341,25.6947,3.07732,25.9873,23.2901,0
tests\corpus\generated.jsonl,2,2048,939,1283.76,154.616,9922.42,11396,0
tests\corpus\generated.jsonl,2,2040,939,1209.62,148.567,9901.37,11352,0
tests\corpus\generated.jsonl,2,1535,46947,951.422,119.737,7404.5,8565.95,0
tests\corpus\generated.jsonl,2,1167,18789,646.461,85.0754,5635.97,6479.64,0
tests\corpus\generated.jsonl,2,700,54452,514.848,61.3364,3390.06,3924.92,0
tests\corpus\generated.jsonl,1,5,17276,31.1338,5.08362,32.6153,28.9765,0
tests\corpus\generated.jsonl,2,2048,26297,1317.49,163.645,9924.83,11413.5,0
tests\corpus\generated.jsonl,2,2048,4691,1237.52,151.59,9924.41,11397.2,0
tests\corpus\generated.jsonl,2,1529,7506,876.561,109.69,7362.97,8523.9,0
tests\corpus\generated.jsonl,2,121,72532,162.385,20.3405,607.02,667.966,0
tests\corpus\generated.jsonl,2,2048,14079,1192.87,152.575,9882.81,11396.4,0
tests\corpus\generated.jsonl,2,2048,1878,1211.78,148.575,9899.55,11388.9,0
tests\corpus\generated.jsonl,2,2048,4695,1249.09,151.586,9943.89,11428.8,0
tests\corpus\generated.jsonl,2,542,3756,317.649,41.0053,2594.98,3024.4,0
tests\corpus\generated.jsonl,2,1170,5633,789.343,95.155,5658.34,6502.59,0
tests\corpus\generated.jsonl,1,4,6468,25.6287,4.07732,27.1112,23.0574,0
tests\corpus\generated.jsonl,2,1168,3754,729.346,86.1177,5643.36,6517.46,0
tests\corpus\generated.jsonl,2,1169,50701,779.272,99.1613,5642.03,6522.61,0
tests\corpus\generated.jsonl,2,464,81687,343.521,40.9317,2238.62,2589.72,0
tests\corpus\generated.jsonl,1,5,44728,31.3808,5.08362,32.5985,29.677,0
tests\corpus\generated.jsonl,2,2048,4691,1154.09,148.553,9899.71,11393.9,0
tests\corpus\generated.jsonl,2,1465,7506,907.794,110.613,7070.88,8174.14,0
tests\corpus\generated.jsonl,2,121,72519,165.138,20.3405,606.871,668.795,0
tests\corpus\generated.jsonl,2,2048,939,1247.62,150.594,9906.55,11399.2,0
tests\corpus\generated.jsonl,2,2048,939,1167.34,146.564,9878.99,11384.4,0
tests\corpus\generated.jsonl,2,2048,939,1266.6,153.597,9952.15,11388.9,0
tests\corpus\generated.jsonl,2,543,939,316.048,38.9978,2611.61,3028.4,0
tests\corpus\generated.jsonl,2,1169,45069,778.634,94.1389,5661.43,6511.36,0
tests\corpus\generated.jsonl,2,700,1876,427.568,51.274,3393.61,3903.13,0
tests\corpus\generated.jsonl,2,474,72521,396.199,50.9616,2307.29,2648.49,0
tests\corpus\generated.jsonl,2,1935,57270,1239.13,158.467,9375.91,10772.1,0
tests\corpus\generated.jsonl,2,421,93890,234.777,31.8226,2021.9,2359.84,0
tests\corpus\generated.jsonl,2,2048,77933,1574.91,180.791,9962.13,11399.9,0
tests\corpus\generated.jsonl,2,2043,1878,1245.05,150.586,9918.62,11386,0
tests\corpus\generated.jsonl,2,2046,70428,1238.34,156.596,9913.94,11409.8,0
tests\corpus\generated.jsonl,2,79,95298,97.9624,12.2538,400.501,439.937,0
tests\corpus\generated.jsonl,2,2048,18791,1158.29,145.536,9916.14,11412.9,0
tests\corpus\generated.jsonl,2,178,939,83.665,10.3774,858.944,1005.88,0
tests\corpus\generated.jsonl,2,934,53517,669.298,79.7754,4523.65,5213.96,0
tests\corpus\generated.jsonl,2,239,72540,210.544,27.5457,1161.69,1337.07,0
tests\corpus\generated.jsonl,2,1168,18789,634.808,83.053,5659.51,6522.68,0
tests\corpus\generated.jsonl,2,699,98582,451.541,55.299,3366.72,3890.48,0
tests\corpus\generated.jsonl,2,239,72538,220.012,28.5495,1169.06,1334.98,0
tests\corpus\generated.jsonl,2,2048,57270,1299.41,162.607,9965.33,11406,0
tests\corpus\generated.jsonl,2,1701,4691,956.989,118.989,8235.34,9471.9,0
tests\corpus\generated.jsonl,2,121,72539,163.152,20.3367,610.391,664.196,0
tests\corpus\generated.jsonl,2,2048,28175,1220.68,153.57,9930.46,11407.7,0
tests\corpus\generated.jsonl,2,2048,1878,1203.41,147.582,9905.45,11375.4,0
tests\corpus\generated.jsonl,2,2048,939,1261.72,153.597,9949.14,11401.2,0
tests\corpus\generated.jsonl,2,1012,1878,602.493,71.8115,4910.01,5671.55,0
tests\corpus\generated.jsonl,1,4,9520,25.729,3.07732,26.4118,23.2214,0
tests\corpus\generated.jsonl,2,1168,3755,699.939,86.0952,5654.96,6518.45,0
tests\corpus\generated.jsonl,2,1168,49764,826.204,99.1651,5665.61,6528.6,0
tests\corpus\generated.jsonl,2,700,80753,491.808,61.3289,3378.63,3924.26,0
tests\corpus\generated.jsonl,2,121,72522,159.707,19.3367,607.154,668.662,0
tests\corpus\generated.jsonl,2,2048,13141,1322.18,157.627,9926.03,11418.9,0
tests\corpus\generated.jsonl,2,1818,4691,1001.29,123.14,8815.13,10157,0
tests\corpus\generated.jsonl,2,121,72522,154.479,20.3367,601.837,664.634,0
tests\corpus\generated.jsonl,2,2048,28158,1216.11,154.574,9926.06,11425.1,0
tests\corpus\generated.jsonl,2,1117,1878,602.97,75.9444,5411.42,6243.92,0
tests\corpus\generated.jsonl,2,233,88495,196.861,27.5383,1126.13,1316.88,0
tests\corpus\generated.jsonl,2,120,88493,154.667,22.3367,595.357,663.191,0
tests\corpus\generated.jsonl,1,112,935,25.1267,3.07732,516.155,644.873,0
tests\corpus\generated.jsonl,2,230,57266,144.855,17.5084,1098.96,1291.83,0
tests\corpus\generated.jsonl,2,233,88490,194.934,27.5345,1131.71,1313.72,0
tests\corpus\generated.jsonl,2,233,88488,211.066,28.542,1133.3,1316.29,0
tests\corpus\generated.jsonl,2,120,88486,154.274,20.333,603.736,662.338,0
tests\corpus\generated.jsonl,2,346,9374,178.882,21.6536,1643.62,1952.13,0
tests\corpus\generated.jsonl,1,4,5516,25.5873,3.07732,26.4835,23.4676,0
tests\corpus\generated.jsonl,2,583,234,422.261,58.1449,2837.97,3250.22,0
tests\corpus\generated.jsonl,2,581,935,308.958,35.0739,2788.78,3262.01,0
tests\corpus\generated.jsonl,2,351,1168,273.957,39.7134,1710.61,1961.95,0
tests\corpus\generated.jsonl,2,814,1869,451.457,54.4673,3914.23,4572.7,0
tests\corpus\generated.jsonl,2,931,934,587.637,71.7279,4493.7,5209.18,0
tests\corpus\generated.jsonl,2,121,72495,165.649,20.3367,615,671.786,0
tests\corpus\generated.jsonl,2,345,4669,188.739,21.6536,1648.73,1946.18,0
tests\corpus\generated.jsonl,2,233,88465,199.33,27.542,1122.52,1314.31,0
tests\corpus\generated.jsonl,2,234,72491,202.987,27.542,1132.34,1318.7,0
tests\corpus\generated.jsonl,2,121,72490,156.47,20.333,606.092,665.711,0
tests\corpus\generated.jsonl,2,346,1869,170.643,19.6499,1646.08,1948.99,0
tests\corpus\generated.jsonl,1,4,1531,25.2546,4.07732,26.0227,22.8113,0
tests\corpus\generated.jsonl,2,2048,4671,1235.03,159.605,9891.12,11419,0
tests\corpus\generated.jsonl,2,403,1168,316.317,39.8269,1948.44,2235.77,0
tests\corpus\generated.jsonl,2,1515,7474,910.417,111.716,7281.14,8430.69,0
tests\corpus\generated.jsonl,2,234,72472,202.426,27.542,1128.77,1316.02,0
tests\corpus\generated.jsonl,2,120,88426,145.596,19.3293,597.393,659.487,0
tests\corpus\generated.jsonl,2,2048,1870,1225.38,150.586,9872.51,11395.8,0
tests\corpus\generated.jsonl,2,699,935,426.902,50.2778,3367.32,3875.84,0
tests\corpus\generated.jsonl,2,186,140773,87.2061,13.3837,887.196,1051.18,0
tests\corpus\generated.jsonl,2,355,145007,318.365,42.7876,1744.28,1972.38,0
tests\corpus\generated.jsonl,2,580,9362,316.083,37.0814,2785.26,3252.8,0
tests\corpus\generated.jsonl,2,357,145008,330.279,42.7989,1739.56,1979.75,0
tests\corpus\generated.jsonl,2,2048,18722,1148.18,148.559,9863.51,11363.8,0
tests\corpus\generated.jsonl,2,1351,2816,825.486,99.4357,6510.8,7512.32,0
tests\corpus\generated.jsonl,2,934,97578,526.402,68.6969,4489.83,5191.42,0
tests\corpus\generated.jsonl,2,239,144992,210.827,27.5495,1157.78,1332.86,0
tests\corpus\generated.jsonl,2,1169,128566,829.57,99.1875,5638.47,6491.97,0
tests\corpus\generated.jsonl,2,699,28105,435.705,53.2878,3375.94,3890.93,0
tests\corpus\generated.jsonl,2,122,144990,164.873,19.3405,613.053,666.525,0
tests\corpus\generated.jsonl,2,2048,4691,1199.08,148.567,9869.07,11395.7,0
tests\corpus\generated.jsonl,2,1116,7506,669.353,79.9818,5401.06,6209.41,0
tests\corpus\generated.jsonl,2,121,72471,154.604,19.333,606.322,663.828,0
tests\corpus\generated.jsonl,2,2048,939,1236.36,151.594,9875.54,11397.2,0
tests\corpus\generated.jsonl,2,2048,3756,1192.62,138.549,9910.4,11370.6,0
tests\corpus\generated.jsonl,2,1416,4695,831.587,102.527,6829.8,7882.64,0
tests\corpus\generated.jsonl,2,1167,60018,708.355,89.1053,5637.12,6486.27,0
tests\corpus\generated.jsonl,2,1169,48755,713.91,93.1202,5636.01,6510.86,0
tests\corpus\generated.jsonl,2,934,79745,592.102,73.7343,4512.77,5222.53,0
tests\corpus\generated.jsonl,2,239,72469,202.375,28.5457,1155.92,1334.6,0
tests\corpus\generated.jsonl,2,2048,57200,1230.3,161.6,9907.62,11383.1,0
tests\corpus\generated.jsonl,2,1466,4691,839.776,105.565,7066.39,8159.67,0
tests\corpus\generated.jsonl,2,591,72469,507.054,68.2073,2883.36,3281.85,0
tests\corpus\generated.jsonl,2,2048,14078,1235.24,152.582,9890.03,11372.5,0
tests\corpus\generated.jsonl,2,2048,3756,1174.07,137.549,9888.82,11373.7,0
tests\corpus\generated.jsonl,2,2048,4695,1210.47,145.567,9920.23,11362.3,0
tests\corpus\generated.jsonl,2,541,7512,327.963,38.9978,2610.23,3033.33,0
tests\corpus\generated.jsonl,2,1167,7510,712.742,84.0952,5638.68,6509.07,0
tests\corpus\generated.jsonl,2,1171,145462,736.774,93.1277,5652.22,6509.66,0
tests\corpus\generated.jsonl,2,1169,176450,768.805,94.1613,5630.48,6508.58,0
tests\corpus\generated.jsonl,2,1168,75971,728.471,95.1277,5622.63,6505.88,0
tests\corpus\generated.jsonl,2,353,143112,279.866,39.7652,1733.52,1957.96,0
tests\corpus\generated.jsonl,2,1991,4691,1164.16,141.485,9631.75,11089,0
tests\corpus\generated.jsonl,2,356,144990,339.652,45.7951,1761.85,2000,0
tests\corpus\generated.jsonl,2,2048,28156,1189.38,153.563,9875.3,11385.9,0
tests\corpus\generated.jsonl,2,2048,939,1152.22,141.534,9905.27,11402.7,0
tests\corpus\generated.jsonl,2,2048,4695,1223.74,146.575,9929.44,11391.5,0
tests\corpus\generated.jsonl,2,776,4695,465.504,57.433,3742.11,4330.1,0
tests\corpus\generated.jsonl,2,1168,18771,645.759,82.0567,5649.83,6542.18,0
tests\corpus\generated.jsonl,2,62,127610,75.8593,9.1971,311.088,371.617,0
