kind,container,entry,offset,clen,ulen,method,verified,crc_ok,note
zip,zip@156160,locale/en-US/global/xpcom.properties,156247,455,786,deflate,1,1,
zip,zip@156160,locale/en-US/global/charsetTitles.properties,156797,1676,4885,deflate,1,1,
zip,zip@156160,locale/en-US/necko/contents.rdf,158555,344,794,deflate,1,1,
zip,zip@156160,locale/en-US/necko/necko.properties,158985,864,1942,deflate,1,1,
zip,zip@156160,locale/en-US/necko/redirect_loop.dtd,159936,491,854,deflate,1,1,
zip,zip@156160,locale/en-US/communicator/security.properties,160523,986,2687,deflate,1,1,
zip,zip@156160,locale/en-US/communicator/security/caps.properties,161610,605,1066,deflate,1,1,
zip,zip@156160,locale/en-US/communicator/layout/xmlparser.properties,162319,942,1878,deflate,1,1,
zip,zip@156160,locale/en-US/global/printdialog.properties,163354,593,1201,deflate,1,1,
zip,zip@156160,locale/en-US/communicator/dom/dom.properties,164042,126,160,deflate,1,1,
zip,zip@156160,locale/en-US/global/printing.properties,164258,1830,5170,deflate,1,1,
zip,zip@156160,locale/en-US/forms/contents.rdf,166170,1090,2618,deflate,1,1,
zip,zip@156160,locale/en-US/forms/htmlforms.dtd,167343,851,1930,deflate,1,1,
zip,zip@156160,locale/en-US/communicator/layout/HtmlForm.properties,168297,505,883,deflate,1,1,
zip,zip@156160,locale/en-US/communicator/layout/ImageDocument.properties,168910,717,1584,deflate,1,1,
zip,zip@156160,locale/en-US/global/appstrings.properties,169719,906,1947,deflate,1,1,
zip,zip@156160,locale/en-US/global/nsHelperAppDlg.dtd,170714,623,1502,deflate,1,1,
zip,zip@156160,locale/en-US/global/nsHelperAppDlg.properties,171433,48,49,deflate,1,1,
zip,zip@156160,locale/en-US/global/nsProgressDialog.dtd,171572,1803,5034,deflate,1,1,
zip,zip@156160,locale/en-US/global/nsProgressDialog.properties,173473,807,1751,deflate,1,1,
zip,zip@156160,locale/en-US/global/nsWebBrowserPersist.properties,174381,1084,2594,deflate,1,1,
zip,zip@156160,locale/en-US/editor/editor.dtd,175546,740,1566,deflate,1,1,
zip,zip@156160,locale/en-US/editor/contents.rdf,176369,354,810,deflate,1,1,
zip,zip@156160,locale/en-US/editor/editorPrefsOverlay.dtd,176816,147,255,deflate,1,1,
zip,zip@156160,locale/en-US/editor/editorNavigatorOverlay.dtd,177060,93,232,deflate,1,1,
zip,zip@156160,locale/en-US/editor/pref-editing.dtd,177240,336,1003,deflate,1,1,
zip,zip@156160,locale/en-US/editor/pref-composer.dtd,177664,803,2136,deflate,1,1,
zip,zip@156160,locale/en-US/editor/pref-publish.dtd,178554,520,1352,deflate,1,1,
zip,zip@156160,locale/en-US/editor/sidebar-editor-rdf.dtd,179167,559,1078,deflate,1,1,
zip,zip@156160,locale/en-US/editor/sidebar-editor.dtd,179815,548,1032,deflate,1,1,
zip,zip@156160,locale/en-US/editor/editorOverlay.dtd,180451,6526,27693,deflate,1,1,
zip,zip@156160,locale/en-US/editor/editor.properties,187065,3129,8148,deflate,1,1,
zip,zip@156160,locale/en-US/editor/EditorHLineProperties.dtd,190290,701,1441,deflate,1,1,
zip,zip@156160,locale/en-US/editor/EditorImageProperties.dtd,191087,1387,3851,deflate,1,1,
zip,zip@156160,locale/en-US/editor/EditorInsertSource.dtd,192567,665,1391,deflate,1,1,
zip,zip@156160,locale/en-US/editor/EditorInsertChars.dtd,193324,611,1306,deflate,1,1,
zip,zip@156160,locale/en-US/editor/EditorInsertTable.dtd,194027,622,1266,deflate,1,1,
zip,zip@156160,locale/en-US/editor/EditorLinkProperties.dtd,194744,515,954,deflate,1,1,
zip,zip@156160,locale/en-US/editor/EdLinkChecker.dtd,195347,675,1268,deflate,1,1,
zip,zip@156160,locale/en-US/editor/EditorListProperties.dtd,196117,715,1500,deflate,1,1,
zip,zip@156160,locale/en-US/editor/EditorPageProperties.dtd,196927,693,1400,deflate,1,1,
zip,zip@156160,locale/en-US/editor/EditorColorProperties.dtd,197716,755,1718,deflate,1,1,
zip,zip@156160,locale/en-US/editor/EdColorPicker.dtd,198559,663,1369,deflate,1,1,
zip,zip@156160,locale/en-US/editor/EditorPersonalDictionary.dtd,199321,591,1181,deflate,1,1,
zip,zip@156160,locale/en-US/editor/EditorReplace.dtd,200000,740,1650,deflate,1,1,
zip,zip@156160,locale/en-US/editor/EditorSpellCheck.dtd,200831,721,1653,deflate,1,1,
zip,zip@156160,locale/en-US/editor/EditorTableProperties.dtd,201648,1306,4179,deflate,1,1,
zip,zip@156160,locale/en-US/editor/EditorFormProperties.dtd,203049,905,2119,deflate,1,1,
zip,zip@156160,locale/en-US/editor/EditorInputProperties.dtd,204050,1141,2939,deflate,1,1,
zip,zip@156160,locale/en-US/editor/EditorTextAreaProperties.dtd,205290,1067,2870,deflate,1,1,
zip,zip@156160,locale/en-US/editor/EditorSelectProperties.dtd,206454,1047,2750,deflate,1,1,
zip,zip@156160,locale/en-US/editor/EditorButtonProperties.dtd,207598,945,2249,deflate,1,1,
zip,zip@156160,locale/en-US/editor/EditorLabelProperties.dtd,208639,892,2048,deflate,1,1,
zip,zip@156160,locale/en-US/editor/EditorFieldSetProperties.dtd,209630,918,2166,deflate,1,1,
zip,zip@156160,locale/en-US/editor/EdNamedAnchorProperties.dtd,210646,570,1053,deflate,1,1,
zip,zip@156160,locale/en-US/editor/EdDialogOverlay.dtd,211306,732,1434,deflate,1,1,
zip,zip@156160,locale/en-US/editor/EdAdvancedEdit.dtd,212127,702,1629,deflate,1,1,
zip,zip@156160,locale/en-US/editor/EditorImageMap.dtd,212918,1027,2881,deflate,1,1,
zip,zip@156160,locale/en-US/editor/EditorImageMapHotSpot.dtd,214041,726,1531,deflate,1,1,
zip,zip@156160,locale/en-US/editor/EditConflict.dtd,214854,656,1273,deflate,1,1,
zip,zip@156160,locale/en-US/editor/EditorSaveAsCharset.dtd,215604,686,1392,deflate,1,1,
zip,zip@156160,locale/en-US/editor/EdConvertToTable.dtd,216381,702,1461,deflate,1,1,
zip,zip@156160,locale/en-US/editor/EditorPublish.dtd,217171,1021,2583,deflate,1,1,
zip,zip@156160,locale/en-US/editor/EditorPublishProgress.dtd,218288,678,1439,deflate,1,1,
zip,zip@156160,locale/en-US/communicator/profile/confirmMigration.dtd,219071,340,691,deflate,1,1,
zip,zip@156160,locale/en-US/communicator/profile/createProfileWizard.dtd,219519,231,455,deflate,1,1,
zip,zip@156160,locale/en-US/communicator/profile/createProfileWizard.properties,219865,105,142,deflate,1,1,
zip,zip@156160,locale/en-US/communicator/profile/migration.properties,220075,477,947,deflate,1,1,
zip,zip@156160,locale/en-US/communicator/profile/newProfile1_1.dtd,220654,410,884,deflate,1,1,
zip,zip@156160,locale/en-US/communicator/profile/newProfile1_2.dtd,221166,331,745,deflate,1,1,
zip,zip@156160,locale/en-US/communicator/profile/newProfile1_2.properties,221606,56,69,deflate,1,1,
zip,zip@156160,locale/en-US/communicator/profile/profileManager.properties,221772,903,3148,deflate,1,1,
zip,zip@156160,locale/en-US/communicator/profile/profileManagerDelete.dtd,222784,298,581,deflate,1,1,
zip,zip@156160,locale/en-US/communicator/profile/profileManagerMigrateAll.dtd,223195,87,136,deflate,1,1,
zip,zip@156160,locale/en-US/communicator/profile/profileSelection.dtd,223387,1162,2920,deflate,1,1,
zip,zip@156160,locale/en-US/communicator/profile/selectLang.dtd,224648,136,283,deflate,1,1,
zip,zip@156160,locale/en-US/communicator/profile/no_space.dtd,224881,209,402,deflate,1,1,
zip,zip@156160,locale/en-US/communicator/profile/profileMigrationProgress.dtd,225203,220,344,deflate,1,1,
zip,zip@156160,locale/en-US/mozldap/contents.rdf,225507,344,799,deflate,1,1,
zip,zip@156160,locale/en-US/mozldap/ldapErrors.properties,225944,2310,5793,deflate,1,1,
zip,zip@156160,locale/en-US/communicator/bookmarks/addBookmark.dtd,228356,817,2035,deflate,1,1,
zip,zip@156160,locale/en-US/communicator/bookmarks/bm-props.dtd,229272,1363,4506,deflate,1,1,
zip,zip@156160,locale/en-US/communicator/bookmarks/bookmarks.dtd,230735,1186,4088,deflate,1,1,
zip,zip@156160,locale/en-US/communicator/bookmarks/bookmark.properties,232027,1138,2766,deflate,1,1,
zip,zip@156160,locale/en-US/communicator/bookmarks/bookmarksOverlay.dtd,233272,255,1046,deflate,1,1,
zip,zip@156160,locale/en-US/communicator/bookmarks/findBookmark.dtd,233630,220,712,deflate,1,1,
zip,zip@156160,locale/en-US/communicator/bookmarks/pref-bookmarks.dtd,233955,391,970,deflate,1,1,
zip,zip@156160,locale/en-US/communicator/downloadmanager/downloadmanager.ent,234458,387,1266,deflate,1,1,
zip,zip@156160,locale/en-US/communicator/downloadmanager/downloadmanager.properties,234964,161,314,deflate,1,1,
zip,zip@156160,locale/en-US/communicator/directory/directory.dtd,235225,94,162,deflate,1,1,
zip,zip@156160,locale/en-US/communicator/history/history.dtd,235415,415,1485,deflate,1,1,
zip,zip@156160,locale/en-US/communicator/history/historyTreeOverlay.dtd,235937,206,808,deflate,1,1,
zip,zip@156160,locale/en-US/communicator/history/history.properties,236246,226,444,deflate,1,1,
zip,zip@156160,locale/en-US/communicator/history/findHistory.dtd,236572,180,549,deflate,1,1,
zip,zip@156160,locale/en-US/communicator/pref/pref-advanced.dtd,236851,437,1043,deflate,1,1,
zip,zip@156160,locale/en-US/communicator/pref/pref-appearance.dtd,237389,597,1932,deflate,1,1,
zip,zip@156160,locale/en-US/communicator/pref/pref-applications.dtd,238089,594,1596,deflate,1,1,
zip,zip@156160,locale/en-US/communicator/pref/pref-applications.properties,238793,297,532,deflate,1,1,
zip,zip@156160,locale/en-US/communicator/pref/pref-applications-edit.dtd,239198,363,1477,deflate,1,1,
zip,zip@156160,locale/en-US/communicator/pref/pref-cache.dtd,239657,657,1917,deflate,1,1,
zip,zip@156160,locale/en-US/communicator/pref/pref-charset.dtd,240412,787,1992,deflate,1,1,
zip,zip@156160,locale/en-US/communicator/pref/pref-colors.dtd,241296,580,1884,deflate,1,1,
zip,zip@156160,locale/en-US/communicator/pref/pref-themes.dtd,241973,318,720,deflate,1,1,
zip,zip@156160,locale/en-US/communicator/pref/pref-debug.dtd,242387,611,1358,deflate,1,1,
zip,zip@156160,locale/en-US/communicator/pref/pref-debug1.dtd,243095,344,961,deflate,1,1,
zip,zip@156160,locale/en-US/communicator/pref/pref-debug2.dtd,243536,322,790,deflate,1,1,
zip,zip@156160,locale/en-US/communicator/pref/pref-fonts.dtd,243954,1150,4520,deflate,1,1,
zip,zip@156160,locale/en-US/communicator/pref/pref-history.dtd,245202,351,1060,deflate,1,1,
zip,zip@156160,locale/en-US/communicator/pref/pref-http.dtd,245648,248,813,deflate,1,1,
zip,zip@156160,locale/en-US/communicator/pref/pref-languages.dtd,245996,675,2571,deflate,1,1,
zip,zip@156160,locale/en-US/communicator/pref/pref-languages.properties,246778,45,48,deflate,1,1,
zip,zip@156160,locale/en-US/communicator/pref/pref-navigator.dtd,246923,361,1140,deflate,1,1,
zip,zip@156160,locale/en-US/communicator/pref/pref-offline.dtd,247382,506,1293,deflate,1,1,
zip,zip@156160,locale/en-US/communicator/pref/pref-policies.dtd,247987,337,799,deflate,1,1,
zip,zip@156160,locale/en-US/communicator/pref/pref-proxies.dtd,248422,581,2058,deflate,1,1,
zip,zip@156160,locale/en-US/communicator/pref/pref-proxy-manual.dtd,249106,327,633,deflate,1,1,
zip,zip@156160,locale/en-US/communicator/pref/pref-scripts.dtd,249531,453,1055,deflate,1,1,
zip,zip@156160,locale/en-US/communicator/pref/pref-search.dtd,250081,367,990,deflate,1,1,
zip,zip@156160,locale/en-US/communicator/pref/pref-security.dtd,250547,682,1315,deflate,1,1,
zip,zip@156160,locale/en-US/communicator/pref/pref-smart_browsing.dtd,251334,782,2717,deflate,1,1,
zip,zip@156160,locale/en-US/communicator/pref/pref-smartupdate.dtd,252218,512,1548,deflate,1,1,
zip,zip@156160,locale/en-US/communicator/pref/pref-tabs.dtd,252825,238,485,deflate,1,1,
zip,zip@156160,locale/en-US/communicator/pref/prefutilities.properties,253169,462,918,deflate,1,1,
zip,zip@156160,locale/en-US/communicator/pref/preftree.dtd,253725,563,1458,deflate,1,1,
zip,zip@156160,locale/en-US/communicator/pref/pref.dtd,254378,412,716,deflate,1,1,
zip,zip@156160,locale/en-US/communicator/pref/pref-mousewheel.dtd,254891,450,1231,deflate,1,1,
zip,zip@156160,locale/en-US/communicator/pref/pref-winhooks.dtd,255440,624,1919,deflate,1,1,
zip,zip@156160,locale/en-US/communicator/regviewer/regviewer.dtd,256164,63,90,deflate,1,1,
zip,zip@156160,locale/en-US/communicator/search/find.dtd,256319,684,1696,deflate,1,1,
zip,zip@156160,locale/en-US/communicator/search/findresults.dtd,257102,530,1073,deflate,1,1,
zip,zip@156160,locale/en-US/communicator/search/internet.dtd,257728,602,1397,deflate,1,1,
zip,zip@156160,locale/en-US/communicator/search/internetresults.dtd,258433,636,1506,deflate,1,1,
zip,zip@156160,locale/en-US/communicator/search/search.dtd,259163,611,1429,deflate,1,1,
zip,zip@156160,locale/en-US/communicator/search/search-editor.dtd,259875,661,1663,deflate,1,1,
zip,zip@156160,locale/en-US/communicator/search/search-editor.properties,260644,143,352,deflate,1,1,
zip,zip@156160,locale/en-US/communicator/search/search-panel.dtd,260887,701,1696,deflate,1,1,
zip,zip@156160,locale/en-US/communicator/search/search-panel.properties,261695,318,685,deflate,1,1,
zip,zip@156160,locale/en-US/communicator/search/default.htm,262108,97,128,deflate,1,1,
zip,zip@156160,locale/en-US/communicator/sidebar/customize.dtd,262303,708,1867,deflate,1,1,
zip,zip@156160,locale/en-US/communicator/sidebar/preview.dtd,263107,506,973,deflate,1,1,
zip,zip@156160,locale/en-US/communicator/sidebar/local-panels.dtd,263714,666,1386,deflate,1,1,
zip,zip@156160,locale/en-US/communicator/sidebar/sidebarOverlay.dtd,264483,878,2276,deflate,1,1,
zip,zip@156160,locale/en-US/communicator/sidebar/sidebar.properties,265464,274,531,deflate,1,1,
zip,zip@156160,locale/en-US/communicator/update-notifications.properties,265846,139,173,deflate,1,1,
zip,zip@156160,locale/en-US/communicator/timebomb/timebomb.dtd,266083,191,370,deflate,1,1,
zip,zip@156160,locale/en-US/global/downloadProgress.dtd,266365,1211,3536,deflate,1,1,
zip,zip@156160,locale/en-US/global/downloadProgress.properties,267674,778,1956,deflate,1,1,
zip,zip@156160,locale/en-US/global/filepicker.dtd,268537,267,585,deflate,1,1,
zip,zip@156160,locale/en-US/global/filepicker.properties,268896,467,1084,deflate,1,1,
zip,zip@156160,locale/en-US/global/console.dtd,269445,733,1654,deflate,1,1,
zip,zip@156160,locale/en-US/global/console.properties,270267,98,158,deflate,1,1,
zip,zip@156160,locale/en-US/global/finddialog.dtd,270450,260,671,deflate,1,1,
zip,zip@156160,locale/en-US/global/finddialog.properties,270802,65,70,deflate,1,1,
zip,zip@156160,locale/en-US/global/replacedialog.dtd,270955,258,640,deflate,1,1,
zip,zip@156160,locale/en-US/global/ldapAutoCompErrs.properties,271311,2023,6509,deflate,1,1,
zip,zip@156160,locale/en-US/navigator/contents.rdf,273420,356,816,deflate,1,1,
zip,zip@156160,locale/en-US/navigator/viewSource.dtd,273864,257,634,deflate,1,1,
zip,zip@156160,locale/en-US/navigator/pageInfo.dtd,274207,1385,4443,deflate,1,1,
zip,zip@156160,locale/en-US/navigator/pageInfo.properties,275685,903,1817,deflate,1,1,
zip,zip@156160,locale/en-US/navigator/navigator.dtd,276675,2257,8921,deflate,1,1,
zip,zip@156160,locale/en-US/navigator/navigator-title.dtd,279025,162,410,deflate,1,1,
zip,zip@156160,locale/en-US/navigator/navigator.properties,279281,1640,3593,deflate,1,1,
zip,zip@156160,locale/en-US/navigator/metadata.dtd,281007,341,1137,deflate,1,1,
zip,zip@156160,locale/en-US/navigator/metadata.properties,281441,113,171,deflate,1,1,
zip,zip@156160,locale/en-US/navigator/linkToolbar.dtd,281643,1182,3032,deflate,1,1,
zip,zip@156160,locale/en-US/navigator/turboDialog.dtd,282914,223,435,deflate,1,1,
zip,zip@156160,locale/en-US/navigator/turboMenu.properties,283231,219,371,deflate,1,1,
zip,zip@156160,locale/en-US/communicator/contents.rdf,283539,358,822,deflate,1,1,
zip,zip@156160,locale/en-US/communicator/utilityOverlay.dtd,283992,1132,4096,deflate,1,1,
zip,zip@156160,locale/en-US/communicator/utilityOverlay.properties,285226,89,168,deflate,1,1,
zip,zip@156160,locale/en-US/communicator/openLocation.dtd,285408,269,557,deflate,1,1,
zip,zip@156160,locale/en-US/communicator/openLocation.properties,285777,85,105,deflate,1,1,
zip,zip@156160,locale/en-US/communicator/taskbar.rdf,285950,569,1581,deflate,1,1,
zip,zip@156160,locale/en-US/communicator/tasksOverlay.dtd,286612,467,1550,deflate,1,1,
zip,zip@156160,locale/en-US/communicator/taskbarOverlay.dtd,287174,121,170,deflate,1,1,
zip,zip@156160,locale/en-US/communicator/contentAreaCommands.dtd,287395,743,3811,deflate,1,1,
zip,zip@156160,locale/en-US/communicator/contentAreaCommands.properties,288245,370,671,deflate,1,1,
zip,zip@156160,locale/en-US/communicator/askViewZoom.dtd,288707,816,1709,deflate,1,1,
zip,zip@156160,locale/en-US/communicator/viewZoomOverlay.dtd,289619,215,567,deflate,1,1,
zip,zip@156160,locale/en-US/communicator/viewZoomOverlay.properties,289937,348,618,deflate,1,1,
zip,zip@156160,locale/en-US/communicator/printPreview.dtd,290378,1065,2806,deflate,1,1,
zip,zip@156160,locale/en-US/communicator/printPageSetup.dtd,291538,571,1678,deflate,1,1,
zip,zip@156160,locale/en-US/communicator/printPageSetup.properties,292211,560,1035,deflate,1,1,
zip,zip@156160,locale/en-US/global/contents.rdf,292854,417,1026,deflate,1,1,
zip,zip@156160,locale/en-US/global/intl.css,293350,125,159,deflate,1,1,
zip,zip@156160,locale/en-US/global/dialogOverlay.dtd,293563,26,26,stored,1,1,
zip,zip@156160,locale/en-US/global/commonDialog.dtd,293676,190,334,deflate,1,1,
zip,zip@156160,locale/en-US/global/charsetOverlay.dtd,293955,245,890,deflate,1,1,
zip,zip@156160,locale/en-US/global/charsetDetectorsOverlay.dtd,294298,103,146,deflate,1,1,
zip,zip@156160,locale/en-US/global/textcontext.dtd,294487,134,399,deflate,1,1,
zip,zip@156160,locale/en-US/global/brand.properties,294708,45,67,deflate,1,1,
zip,zip@156160,locale/en-US/global/brand.dtd,294833,95,174,deflate,1,1,
zip,zip@156160,locale/en-US/global/tabbrowser.dtd,295013,162,507,deflate,1,1,
zip,zip@156160,locale/en-US/global/tabbrowser.properties,295267,244,447,deflate,1,1,
zip,zip@156160,locale/en-US/global/wizardManager.properties,295606,47,63,deflate,1,1,
zip,zip@156160,locale/en-US/global/wizardOverlay.dtd,295741,82,190,deflate,1,1,
zip,zip@156160,locale/en-US/global/keys.properties,295909,942,2088,deflate,1,1,
zip,zip@156160,locale/en-US/global/config.dtd,296932,568,1078,deflate,1,1,
zip,zip@156160,locale/en-US/global/about.dtd,297580,101,222,deflate,1,1,
zip,zip@156160,locale/en-US/global/accept2locale.properties,297776,514,882,deflate,1,1,
zip,zip@156160,locale/en-US/global/languageNames.properties,298385,999,1894,deflate,1,1,
zip,zip@156160,locale/en-US/global/regionNames.properties,299477,554,917,deflate,1,1,
zip,zip@156160,locale/en-US/global/about.html,300112,1596,3314,deflate,1,1,
zip,zip@156160,locale/en-US/global/commonDialogs.properties,301803,156,253,deflate,1,1,
zip,zip@156160,locale/en-US/global/plugins.properties,302048,198,401,deflate,1,1,
zip,zip@156160,locale/en-US/global/nsTreeSorting.properties,302341,34,34,stored,1,1,
zip,zip@156160,locale/en-US/global/dialog.properties,302463,64,83,deflate,1,1,
zip,zip@156160,locale/en-US/global/printdialog.dtd,302613,333,1008,deflate,1,1,
zip,zip@156160,locale/en-US/global/printProgress.dtd,303034,368,688,deflate,1,1,
zip,zip@156160,locale/en-US/communicator/xpinstall/xpinstall.properties,303509,1346,3360,deflate,1,1,
zip,zip@156160,locale/en-US/communicator/xpinstall/xpistatus.dtd,304955,97,117,deflate,1,1,
zip,zip@156160,locale/en-US/communicator/xpinstall/institems.dtd,305152,206,325,deflate,1,1,
zip,zip@156160,locale/en-US/cookie/contents.rdf,305441,398,948,deflate,1,1,
zip,zip@156160,locale/en-US/cookie/cookieTasksOverlay.dtd,305932,96,108,deflate,1,1,
zip,zip@156160,locale/en-US/cookie/cookieNavigatorOverlay.dtd,306125,334,1369,deflate,1,1,
zip,zip@156160,locale/en-US/cookie/cookieContextOverlay.dtd,306554,97,230,deflate,1,1,
zip,zip@156160,locale/en-US/cookie/cookiePrefsOverlay.dtd,306744,45,66,deflate,1,1,
zip,zip@156160,locale/en-US/cookie/pref-cookies.dtd,306876,481,1538,deflate,1,1,
zip,zip@156160,locale/en-US/cookie/pref-images.dtd,307443,544,1493,deflate,1,1,
zip,zip@156160,locale/en-US/cookie/p3p.dtd,308065,1490,4124,deflate,1,1,
zip,zip@156160,locale/en-US/wallet/contents.rdf,309638,397,948,deflate,1,1,
zip,zip@156160,locale/en-US/wallet/walletNavigatorOverlay.dtd,310132,284,973,deflate,1,1,
zip,zip@156160,locale/en-US/wallet/walletTasksOverlay.dtd,310509,377,1391,deflate,1,1,
zip,zip@156160,locale/en-US/wallet/walletPrefsOverlay.dtd,310979,51,69,deflate,1,1,
zip,zip@156160,locale/en-US/wallet/pref-wallet.dtd,311116,274,768,deflate,1,1,
zip,zip@156160,locale/en-US/wallet/pref-passwords.dtd,311479,402,1107,deflate,1,1,
zip,zip@156160,locale/en-US/communicator/wallet/CookieViewer.properties,311988,817,1700,deflate,1,1,
zip,zip@156160,locale/en-US/communicator/wallet/CookieViewer.dtd,312905,516,1935,deflate,1,1,
zip,zip@156160,locale/en-US/communicator/wallet/WalletEditor.properties,313528,582,1143,deflate,1,1,
zip,zip@156160,locale/en-US/communicator/wallet/WalletEditor.dtd,314210,318,961,deflate,1,1,
zip,zip@156160,locale/en-US/communicator/wallet/SignonViewer.properties,314635,22,27,deflate,1,1,
zip,zip@156160,locale/en-US/communicator/wallet/SignonViewer.dtd,314757,313,1138,deflate,1,1,
zip,zip@156160,locale/en-US/communicator/wallet/WalletPreview.dtd,315171,173,289,deflate,1,1,
zip,zip@156160,locale/en-US/communicator/wallet/cookie.properties,315445,734,1915,deflate,1,1,
zip,zip@156160,locale/en-US/communicator/wallet/wallet.properties,316280,1788,5230,deflate,1,1,
zip,zip@156160,locale/en-US/communicator/wallet/privacy.dtd,318163,71,100,deflate,1,1,
zip,zip@156160,locale/en-US/communicator/wallet/privacy.html,318330,7569,21423,deflate,1,1,
zip,zip@156160,locale/en-US/communicator/wallet/index.html,325993,940,2073,deflate,1,1,
zip,zip@156160,locale/en-US/communicator/wallet/sample1.html,327029,401,1115,deflate,1,1,
zip,zip@156160,locale/en-US/communicator/wallet/sample2.html,327526,1554,12982,deflate,1,1,
zip,zip@156160,locale/en-US/communicator/wallet/sample3.html,329176,1587,19913,deflate,1,1,
zip,zip@156160,locale/en-US/communicator/wallet/sample4.html,330859,1455,12390,deflate,1,1,
zip,zip@156160,locale/en-US/communicator/wallet/sample5.html,332410,990,6300,deflate,1,1,
zip,zip@156160,locale/en-US/communicator/wallet/sample6.html,333496,1908,10407,deflate,1,1,
zip,zip@156160,locale/en-US/communicator/wallet/sample7.html,335500,1602,16536,deflate,1,1,
zip,zip@156160,locale/en-US/communicator/wallet/sample8.html,337198,3242,28664,deflate,1,1,
zip,zip@156160,locale/en-US/communicator/wallet/sample9.html,340536,1396,11924,deflate,1,1,
zip,zip@156160,locale/en-US/communicator/wallet/sample10.html,342029,4432,19987,deflate,1,1,
zip,zip@156160,locale/en-US/communicator/wallet/WalletViewer.dtd,346561,1193,5538,deflate,1,1,
zip,zip@156160,locale/en-US/content-packs/prefOverlay.dtd,347847,45,47,deflate,1,1,
zip,zip@156160,locale/en-US/content-packs/pref-contentpacks.dtd,347991,387,972,deflate,1,1,
zip,zip@156160,locale/en-US/content-packs/contents.rdf,348468,400,930,deflate,1,1,
zip,zip@156160,locale/en-US/help/mozillahelp.rdf,348952,356,844,deflate,1,1,
zip,zip@156160,locale/en-US/help/search-db.rdf,349390,5322,87949,deflate,1,1,
zip,zip@156160,locale/en-US/help/testhelp.rdf,354793,409,947,deflate,1,1,
zip,zip@156160,locale/en-US/help/help-glossary.rdf,355288,1707,10655,deflate,1,1,
zip,zip@156160,locale/en-US/help/contents.rdf,357076,351,808,deflate,1,1,
zip,zip@156160,locale/en-US/help/glossary.html,357509,11358,40186,deflate,1,1,
zip,zip@156160,locale/en-US/help/welcome_help.html,368953,594,1183,deflate,1,1,
zip,zip@156160,locale/en-US/help/help-toc.rdf,369628,10249,122613,deflate,1,1,
zip,zip@156160,locale/en-US/help/help-index1.rdf,379961,3378,51279,deflate,1,1,
zip,zip@156160,locale/en-US/help/help-indexAZ.rdf,383424,482,2490,deflate,1,1,
zip,zip@156160,locale/en-US/help/nav_help.html,383988,15128,56432,deflate,1,1,
zip,zip@156160,locale/en-US/help/mail_help.html,399199,34504,161861,deflate,1,1,
zip,zip@156160,locale/en-US/help/mail_sec_help.html,433790,4900,16806,deflate,1,1,
zip,zip@156160,locale/en-US/help/composer_help.html,438777,17657,69907,deflate,1,1,
zip,zip@156160,locale/en-US/help/customize_help.html,456522,8540,33664,deflate,1,1,
zip,zip@156160,locale/en-US/help/certs_help.html,465146,4317,18168,deflate,1,1,
zip,zip@156160,locale/en-US/help/cert_dialog_help.html,469553,6573,24105,deflate,1,1,
zip,zip@156160,locale/en-US/help/certs_prefs_help.html,476216,1349,3300,deflate,1,1,
zip,zip@156160,locale/en-US/help/cs_nav_dialogs.html,477653,213,371,deflate,1,1,
zip,zip@156160,locale/en-US/help/cs_nav_prefs_advanced.html,477961,3536,12645,deflate,1,1,
zip,zip@156160,locale/en-US/help/cs_nav_prefs_appearance.html,481594,2618,8937,deflate,1,1,
zip,zip@156160,locale/en-US/help/cs_nav_prefs_navigator.html,484308,3462,12733,deflate,1,1,
zip,zip@156160,locale/en-US/help/cs_nav_sidebar.html,487858,213,371,deflate,1,1,
zip,zip@156160,locale/en-US/help/page_info_help.html,488159,3263,9696,deflate,1,1,
zip,zip@156160,locale/en-US/help/passwords_help.html,491510,4961,18466,deflate,1,1,
zip,zip@156160,locale/en-US/help/prefs_help.html,496555,819,1780,deflate,1,1,
zip,zip@156160,locale/en-US/help/privacy_help.html,497460,5085,14227,deflate,1,1,
zip,zip@156160,locale/en-US/help/privsec_help.html,502631,769,1717,deflate,1,1,
zip,zip@156160,locale/en-US/help/profiles_help.html,503487,1645,4215,deflate,1,1,
zip,zip@156160,locale/en-US/help/ssl_help.html,505214,2755,7553,deflate,1,1,
zip,zip@156160,locale/en-US/help/ssl_page_info_help.html,508061,1875,8486,deflate,1,1,
zip,zip@156160,locale/en-US/help/using_priv_help.html,510025,14213,60226,deflate,1,1,
zip,zip@156160,locale/en-US/help/using_certs_help.html,524328,8724,33429,deflate,1,1,
zip,zip@156160,locale/en-US/help/validation_help.html,533141,3370,10574,deflate,1,1,
zip,zip@156160,locale/en-US/help/content_style.css,536597,882,3849,deflate,1,1,
zip,zip@156160,locale/en-US/help/help.dtd,537556,315,859,deflate,1,1,
zip,zip@156160,locale/en-US/help/helpMenuOverlay.dtd,537959,58,90,deflate,1,1,
zip,zip@156160,locale/en-US/help/images/anchor.gif,538103,519,1197,deflate,1,1,
zip,zip@156160,locale/en-US/help/images/anchor-in-doc.gif,538715,158,906,deflate,1,1,
zip,zip@156160,locale/en-US/help/images/banner.gif,538959,305,317,deflate,1,1,
zip,zip@156160,locale/en-US/help/images/biActive.gif,539352,279,944,deflate,1,1,
zip,zip@156160,locale/en-US/help/images/bkmkmenu.gif,539719,2760,2760,stored,1,1,
zip,zip@156160,locale/en-US/help/images/bullets.gif,542566,178,907,deflate,1,1,
zip,zip@156160,locale/en-US/help/images/checkspellingbox.gif,542840,28741,29218,deflate,1,1,
zip,zip@156160,locale/en-US/help/images/columns.gif,571668,361,1051,deflate,1,1,
zip,zip@156160,locale/en-US/help/images/composer_icon.gif,572122,1333,1558,deflate,1,1,
zip,zip@156160,locale/en-US/help/images/flag.gif,573539,159,880,deflate,1,1,
zip,zip@156160,locale/en-US/help/images/flag_column.gif,573789,355,1040,deflate,1,1,
zip,zip@156160,locale/en-US/help/images/frown.gif,574229,211,944,deflate,1,1,
zip,zip@156160,locale/en-US/help/images/hrule.gif,574525,363,1045,deflate,1,1,
zip,zip@156160,locale/en-US/help/images/image.gif,574973,554,1219,deflate,1,1,
zip,zip@156160,locale/en-US/help/images/image5.gif,575613,400,1126,deflate,1,1,
zip,zip@156160,locale/en-US/help/images/image6.gif,576099,1745,2417,deflate,1,1,
zip,zip@156160,locale/en-US/help/images/image7.gif,577930,2263,2950,deflate,1,1,
zip,zip@156160,locale/en-US/help/images/image8.gif,580279,153,891,deflate,1,1,
zip,zip@156160,locale/en-US/help/images/image9.gif,580518,754,1470,deflate,1,1,
zip,zip@156160,locale/en-US/help/images/imtaskbar.gif,581361,1773,1972,deflate,1,1,
zip,zip@156160,locale/en-US/help/images/link.gif,583218,466,1141,deflate,1,1,
zip,zip@156160,locale/en-US/help/images/locationbar.gif,583775,3011,3208,deflate,1,1,
zip,zip@156160,locale/en-US/help/images/mailicon.gif,586874,1810,2013,deflate,1,1,
zip,zip@156160,locale/en-US/help/images/navbar.gif,588770,1567,1567,stored,1,1,
zip,zip@156160,locale/en-US/help/images/navbuttons.gif,590427,4324,4563,deflate,1,1,
zip,zip@156160,locale/en-US/help/images/newmail.gif,594838,1707,1913,deflate,1,1,
zip,zip@156160,locale/en-US/help/images/numbers.gif,596632,220,940,deflate,1,1,
zip,zip@156160,locale/en-US/help/images/paperclip.gif,596941,2448,2996,deflate,1,1,
zip,zip@156160,locale/en-US/help/images/personalbar.gif,599480,5297,5334,deflate,1,1,
zip,zip@156160,locale/en-US/help/images/read.gif,604861,70,820,deflate,1,1,
zip,zip@156160,locale/en-US/help/images/read_column.gif,605022,346,1043,deflate,1,1,
zip,zip@156160,locale/en-US/help/images/reload.gif,605454,3368,3548,deflate,1,1,
zip,zip@156160,locale/en-US/help/images/search.gif,608908,2654,2849,deflate,1,1,
zip,zip@156160,locale/en-US/help/images/searchmusic.gif,611653,9712,9871,deflate,1,1,
zip,zip@156160,locale/en-US/help/images/search_personal_toolbar.gif,621468,1187,1416,deflate,1,1,
zip,zip@156160,locale/en-US/help/images/sick.gif,622739,201,932,deflate,1,1,
zip,zip@156160,locale/en-US/help/images/sidebarclosed_small.gif,623039,11540,11540,stored,1,1,
zip,zip@156160,locale/en-US/help/images/smile.gif,634664,189,922,deflate,1,1,
zip,zip@156160,locale/en-US/help/images/spell_toolbar.gif,634946,11371,11799,deflate,1,1,
zip,zip@156160,locale/en-US/help/images/tabbed_browsing_bar.gif,646416,2888,2899,deflate,1,1,
zip,zip@156160,locale/en-US/help/images/table.gif,649389,569,1245,deflate,1,1,
zip,zip@156160,locale/en-US/help/images/tagicon2.gif,650046,450,450,stored,1,1,
zip,zip@156160,locale/en-US/help/images/taskbar-ab.gif,650586,1772,1977,deflate,1,1,
zip,zip@156160,locale/en-US/help/images/taskbar-aim-online.gif,652456,101,112,deflate,1,1,
zip,zip@156160,locale/en-US/help/images/taskbar-mail.gif,652649,361,943,deflate,1,1,
zip,zip@156160,locale/en-US/help/images/taskbar.gif,653097,1624,1924,deflate,1,1,
zip,zip@156160,locale/en-US/help/images/taskbar_menus.gif,654814,13665,13845,deflate,1,1,
zip,zip@156160,locale/en-US/help/images/thread.gif,668565,74,76,deflate,1,1,
zip,zip@156160,locale/en-US/help/images/threadbutton.gif,668731,2214,2735,deflate,1,1,
zip,zip@156160,locale/en-US/help/images/unread.gif,671031,113,858,deflate,1,1,
zip,zip@156160,locale/en-US/help/images/wink.gif,671228,189,922,deflate,1,1,
zip,zip@156160,locale/en-US/help/images/pen.gif,671500,214,922,deflate,1,1,
zip,zip@156160,locale/en-US/help/images/key.gif,671797,208,924,deflate,1,1,
zip,zip@156160,locale/en-US/pipnss/contents.rdf,672088,400,911,deflate,1,1,
zip,zip@156160,locale/en-US/pipnss/pipnss.properties,672576,3750,11203,deflate,1,1,
zip,zip@156160,locale/en-US/pippki/contents.rdf,676409,800,1751,deflate,1,1,
zip,zip@156160,locale/en-US/pippki/pippki.dtd,677290,2057,6163,deflate,1,1,
zip,zip@156160,locale/en-US/pippki/pref-ssl.dtd,679430,1255,3776,deflate,1,1,
zip,zip@156160,locale/en-US/pippki/pippki.properties,680773,3198,9092,deflate,1,1,
zip,zip@156160,locale/en-US/pippki/PrefOverlay.dtd,684057,556,1152,deflate,1,1,
zip,zip@156160,locale/en-US/pippki/newserver.properties,684704,579,1049,deflate,1,1,
zip,zip@156160,locale/en-US/pippki/newserver.dtd,685367,482,838,deflate,1,1,
zip,zip@156160,locale/en-US/pippki/pref-security.dtd,685937,741,1817,deflate,1,1,
zip,zip@156160,locale/en-US/pippki/PageInfoOverlay.dtd,686768,525,1003,deflate,1,1,
zip,zip@156160,locale/en-US/pippki/certManager.dtd,687379,1431,4650,deflate,1,1,
zip,zip@156160,locale/en-US/pippki/deviceManager.dtd,688898,729,1731,deflate,1,1,
zip,zip@156160,locale/en-US/pippki/pref-validation.dtd,689717,1194,3525,deflate,1,1,
zip,zip@156160,locale/en-US/pippki/pref-masterpass.dtd,691001,795,1869,deflate,1,1,
zip,zip@156160,locale/en-US/messenger/am-mdn.dtd,691880,494,1418,deflate,1,1,
zip,zip@156160,locale/en-US/messenger/am-mdn.properties,692465,55,56,deflate,1,1,
zip,zip@156160,locale/en-US/messenger-mdn/contents.rdf,692610,359,824,deflate,1,1,
zip,zip@156160,locale/en-US/messenger/msgmdn.properties,693060,1351,3219,deflate,1,1,
zip,zip@156160,locale/en-US/messenger/am-smime.dtd,694497,296,771,deflate,1,1,
zip,zip@156160,locale/en-US/messenger/am-smime.properties,694886,426,1359,deflate,1,1,
zip,zip@156160,locale/en-US/messenger-smime/msgCompSMIMEOverlay.dtd,695415,283,873,deflate,1,1,
zip,zip@156160,locale/en-US/messenger-smime/msgCompSMIMEOverlay.properties,695808,148,194,deflate,1,1,
zip,zip@156160,locale/en-US/messenger-smime/msgReadSMIMEOverlay.dtd,696059,143,194,deflate,1,1,
zip,zip@156160,locale/en-US/messenger-smime/msgCompSecurityInfo.dtd,696305,318,634,deflate,1,1,
zip,zip@156160,locale/en-US/messenger-smime/msgCompSecurityInfo.properties,696733,106,194,deflate,1,1,
zip,zip@156160,locale/en-US/messenger-smime/msgReadSecurityInfo.dtd,696942,228,442,deflate,1,1,
zip,zip@156160,locale/en-US/messenger-smime/msgSecurityInfo.properties,697276,1323,5182,deflate,1,1,
zip,zip@156160,locale/en-US/messenger-smime/contents.rdf,698691,360,828,deflate,1,1,
zip,zip@156160,locale/en-US/messenger/contents.rdf,699137,356,816,deflate,1,1,
zip,zip@156160,locale/en-US/messenger/addressbook/abAddressBookNameDialog.dtd,699606,487,852,deflate,1,1,
zip,zip@156160,locale/en-US/messenger/addressbook/abCardOverlay.dtd,700196,931,2597,deflate,1,1,
zip,zip@156160,locale/en-US/messenger/addressbook/abCardViewOverlay.dtd,701234,605,1163,deflate,1,1,
zip,zip@156160,locale/en-US/messenger/addressbook/abDirTreeOverlay.dtd,701945,450,772,deflate,1,1,
zip,zip@156160,locale/en-US/messenger/addressbook/abMainWindow.dtd,702497,1428,5548,deflate,1,1,
zip,zip@156160,locale/en-US/messenger/addressbook/abNewCardDialog.dtd,704030,510,871,deflate,1,1,
zip,zip@156160,locale/en-US/messenger/addressbook/abResultsPaneOverlay.dtd,704650,1161,3304,deflate,1,1,
zip,zip@156160,locale/en-US/messenger/addressbook/abSelectAddressesDialog.dtd,705924,698,1518,deflate,1,1,
zip,zip@156160,locale/en-US/messenger/addressbook/abMailListDialog.dtd,706728,694,1440,deflate,1,1,
zip,zip@156160,locale/en-US/messenger/addressbook/addressBook.properties,707530,1545,3631,deflate,1,1,
zip,zip@156160,locale/en-US/messenger/messenger.dtd,709162,4949,23570,deflate,1,1,
zip,zip@156160,locale/en-US/messenger/msgAccountCentral.dtd,714206,688,1526,deflate,1,1,
zip,zip@156160,locale/en-US/messenger/messenger.properties,714988,3358,8992,deflate,1,1,
zip,zip@156160,locale/en-US/messenger/threadpane.dtd,718434,658,1486,deflate,1,1,
zip,zip@156160,locale/en-US/messenger/folderpane.dtd,719180,571,1025,deflate,1,1,
zip,zip@156160,locale/en-US/messenger/newFolderDialog.dtd,719844,678,1410,deflate,1,1,
zip,zip@156160,locale/en-US/messenger/renameFolderDialog.dtd,720618,569,1073,deflate,1,1,
zip,zip@156160,locale/en-US/messenger/folderProps.dtd,721276,926,2462,deflate,1,1,
zip,zip@156160,locale/en-US/messenger/subscribe.dtd,722289,573,1217,deflate,1,1,
zip,zip@156160,locale/en-US/messenger/subscribe.properties,722956,499,886,deflate,1,1,
zip,zip@156160,locale/en-US/messenger/msgFolderPickerOverlay.dtd,723555,586,1446,deflate,1,1,
zip,zip@156160,locale/en-US/messenger/msgHdrViewOverlay.dtd,724236,735,1723,deflate,1,1,
zip,zip@156160,locale/en-US/messenger/mailTasksOverlay.dtd,725065,278,763,deflate,1,1,
zip,zip@156160,locale/en-US/messenger/mailTurboMenu.properties,725441,47,55,deflate,1,1,
zip,zip@156160,locale/en-US/messenger/mailNavigatorOverlay.dtd,725586,180,661,deflate,1,1,
zip,zip@156160,locale/en-US/messenger/mailEditorOverlay.dtd,725861,57,106,deflate,1,1,
zip,zip@156160,locale/en-US/messenger/mailOverlay.dtd,726007,102,265,deflate,1,1,
zip,zip@156160,locale/en-US/messenger/msgSynchronize.dtd,726201,363,939,deflate,1,1,
zip,zip@156160,locale/en-US/messenger/offline.properties,726656,839,2549,deflate,1,1,
zip,zip@156160,locale/en-US/messenger/SearchDialog.dtd,727585,397,1569,deflate,1,1,
zip,zip@156160,locale/en-US/messenger/FilterListDialog.dtd,728076,246,691,deflate,1,1,
zip,zip@156160,locale/en-US/messenger/CustomHeaders.dtd,728413,111,164,deflate,1,1,
zip,zip@156160,locale/en-US/messenger/FilterEditor.dtd,728614,489,1424,deflate,1,1,
zip,zip@156160,locale/en-US/messenger/search-attributes.properties,729205,430,835,deflate,1,1,
zip,zip@156160,locale/en-US/messenger/search-operators.properties,729736,157,227,deflate,1,1,
zip,zip@156160,locale/en-US/messenger/search.properties,729984,331,614,deflate,1,1,
zip,zip@156160,locale/en-US/messenger/filter.properties,730406,468,1000,deflate,1,1,
zip,zip@156160,locale/en-US/messenger/custom.properties,730965,93,113,deflate,1,1,
zip,zip@156160,locale/en-US/messenger/searchTermOverlay.dtd,731153,124,322,deflate,1,1,
zip,zip@156160,locale/en-US/messenger/messengercompose/pref-composing_messages.dtd,731395,1212,3727,deflate,1,1,
zip,zip@156160,locale/en-US/messenger/messengercompose/pref-formatting.dtd,732717,1279,3561,deflate,1,1,
zip,zip@156160,locale/en-US/messenger/messengercompose/messengercompose.dtd,734107,2281,8355,deflate,1,1,
zip,zip@156160,locale/en-US/messenger/messengercompose/addressingWidgetOverlay.dtd,736506,196,374,deflate,1,1,
zip,zip@156160,locale/en-US/messenger/messengercompose/askSendFormat.dtd,736810,522,1429,deflate,1,1,
zip,zip@156160,locale/en-US/messenger/messengercompose/sendProgress.dtd,737439,386,807,deflate,1,1,
zip,zip@156160,locale/en-US/messenger/messengercompose/composeMsgs.properties,737938,3454,9998,deflate,1,1,
zip,zip@156160,locale/en-US/messenger/imapMsgs.properties,741485,2988,11023,deflate,1,1,
zip,zip@156160,locale/en-US/messenger/comm4xMailImportMsgs.properties,744578,1174,2947,deflate,1,1,
zip,zip@156160,locale/en-US/messenger/eudoraImportMsgs.properties,745853,1079,3424,deflate,1,1,
zip,zip@156160,locale/en-US/messenger/oeImportMsgs.properties,747029,1019,2939,deflate,1,1,
zip,zip@156160,locale/en-US/messenger/outlookImportMsgs.properties,748150,966,2898,deflate,1,1,
zip,zip@156160,locale/en-US/messenger/importMsgs.properties,749211,2224,9914,deflate,1,1,
zip,zip@156160,locale/en-US/messenger/fieldMapExport.dtd,751527,513,939,deflate,1,1,
zip,zip@156160,locale/en-US/messenger/fieldMapImport.dtd,752132,686,1596,deflate,1,1,
zip,zip@156160,locale/en-US/messenger/importDialog.dtd,752908,1112,2678,deflate,1,1,
zip,zip@156160,locale/en-US/messenger/textImportMsgs.properties,754119,777,1679,deflate,1,1,
zip,zip@156160,locale/en-US/messenger/localMsgs.properties,754990,2361,6810,deflate,1,1,
zip,zip@156160,locale/en-US/messenger/downloadheaders.dtd,757444,673,1288,deflate,1,1,
zip,zip@156160,locale/en-US/messenger/news.properties,758206,1511,3584,deflate,1,1,
zip,zip@156160,locale/en-US/messenger/custreceipt.dtd,759806,766,1570,deflate,1,1,
zip,zip@156160,locale/en-US/messenger/pref-diskspace.dtd,760664,968,2789,deflate,1,1,
zip,zip@156160,locale/en-US/messenger/pref-mailnews.dtd,761723,1073,2831,deflate,1,1,
zip,zip@156160,locale/en-US/messenger/pref-labels.dtd,762885,941,2163,deflate,1,1,
zip,zip@156160,locale/en-US/messenger/pref-receipts.dtd,763917,1052,2710,deflate,1,1,
zip,zip@156160,locale/en-US/messenger/pref-viewing_messages.dtd,765068,1116,3160,deflate,1,1,
zip,zip@156160,locale/en-US/messenger/aw-accname.dtd,766272,261,500,deflate,1,1,
zip,zip@156160,locale/en-US/messenger/aw-accounttype.dtd,766625,327,708,deflate,1,1,
zip,zip@156160,locale/en-US/messenger/aw-done.dtd,767037,327,811,deflate,1,1,
zip,zip@156160,locale/en-US/messenger/aw-email.dtd,767450,219,363,deflate,1,1,
zip,zip@156160,locale/en-US/messenger/aw-identity.dtd,767758,409,809,deflate,1,1,
zip,zip@156160,locale/en-US/messenger/aw-login.dtd,768253,442,973,deflate,1,1,
zip,zip@156160,locale/en-US/messenger/aw-mailtype.dtd,768784,219,447,deflate,1,1,
zip,zip@156160,locale/en-US/messenger/aw-server.dtd,769090,715,2314,deflate,1,1,
zip,zip@156160,locale/en-US/messenger/AccountManager.dtd,769897,480,939,deflate,1,1,
zip,zip@156160,locale/en-US/messenger/AccountWizard.dtd,770468,1542,5577,deflate,1,1,
zip,zip@156160,locale/en-US/messenger/am-advanced.dtd,772099,361,881,deflate,1,1,
zip,zip@156160,locale/en-US/messenger/am-imap-advanced.dtd,772554,339,761,deflate,1,1,
zip,zip@156160,locale/en-US/messenger/am-copies.dtd,772980,481,1500,deflate,1,1,
zip,zip@156160,locale/en-US/messenger/am-offline.dtd,773549,666,2391,deflate,1,1,
zip,zip@156160,locale/en-US/messenger/am-addressing.dtd,774306,252,546,deflate,1,1,
zip,zip@156160,locale/en-US/messenger/am-main.dtd,774643,567,1506,deflate,1,1,
zip,zip@156160,locale/en-US/messenger/am-identity-advanced.dtd,775308,215,343,deflate,1,1,
zip,zip@156160,locale/en-US/messenger/am-server-top.dtd,775614,967,2903,deflate,1,1,
zip,zip@156160,locale/en-US/messenger/prefs.properties,776671,1427,3383,deflate,1,1,
zip,zip@156160,locale/en-US/messenger/am-serverwithnoidentities.dtd,778201,149,256,deflate,1,1,
zip,zip@156160,locale/en-US/messenger/SmtpServerList.dtd,778442,232,451,deflate,1,1,
zip,zip@156160,locale/en-US/messenger/smtpEditOverlay.dtd,778767,193,444,deflate,1,1,
zip,zip@156160,locale/en-US/messenger/mailPrefsOverlay.dtd,779054,227,595,deflate,1,1,
zip,zip@156160,locale/en-US/messenger/addressbook/absync.properties,779384,881,1997,deflate,1,1,
zip,zip@156160,locale/en-US/messenger/addressbook/pref-addressing.dtd,780370,1107,3076,deflate,1,1,
zip,zip@156160,locale/en-US/messenger/addressbook/pref-directory.dtd,781581,658,1703,deflate,1,1,
zip,zip@156160,locale/en-US/messenger/addressbook/pref-directory-add.dtd,782347,1029,2922,deflate,1,1,
zip,zip@156160,locale/en-US/messenger/addressbook/replicationProgress.dtd,783485,869,2004,deflate,1,1,
zip,zip@156160,locale/en-US/messenger/addressbook/replicationProgress.properties,784470,1159,2688,deflate,1,1,
zip,zip@156160,locale/en-US/messenger/mime.properties,785718,2306,6408,deflate,1,1,
zip,zip@156160,locale/en-US/messenger/mimeheader.properties,788119,831,1536,deflate,1,1,
zip,zip@156160,locale/en-US/messenger/vcard.properties,789040,1734,6103,deflate,1,1,
zip,zip@156160,locale/en-US/messenger/smime.properties,790864,602,1030,deflate,1,1,
zip,zip@1047552,content/necko/contents.rdf,1047629,287,560,deflate,1,1,
zip,zip@1047552,content/necko/redirect_loop.xul,1047998,267,392,deflate,1,1,
zip,zip@1047552,content/communicator/securityOverlay.xul,1048356,265,414,deflate,1,1,
zip,zip@1047552,content/communicator/securityUI.js,1048706,571,1006,deflate,1,1,
zip,zip@1047552,content/editor/contents.rdf,1049355,511,2009,deflate,1,1,
zip,zip@1047552,content/editor-region/contents.rdf,1049951,289,560,deflate,1,1,
zip,zip@1047552,content/editor/editor.xul,1050316,3041,10680,deflate,1,1,
zip,zip@1047552,content/editor/TextEditorAppShell.xul,1053445,2102,6539,deflate,1,1,
zip,zip@1047552,content/editor/editor.js,1055622,20279,81049,deflate,1,1,
zip,zip@1047552,content/editor/publish.js,1075977,2251,7272,deflate,1,1,
zip,zip@1047552,content/editor/publishprefs.js,1078309,6949,26068,deflate,1,1,
zip,zip@1047552,content/editor/editorUtilities.js,1085342,6360,21619,deflate,1,1,
zip,zip@1047552,content/editor/ComposerCommands.js,1091787,20420,102445,deflate,1,1,
zip,zip@1047552,content/editor/EditorCommandsDebug.js,1112295,3857,12513,deflate,1,1,
zip,zip@1047552,content/editor/EditorContextMenu.js,1116238,1846,5418,deflate,1,1,
zip,zip@1047552,content/editor/EditorContextMenuOverlay.xul,1118178,1727,6918,deflate,1,1,
zip,zip@1047552,content/editor/EditorInitPage.html,1119990,2076,4498,deflate,1,1,
zip,zip@1047552,content/editor/EditorInitPagePlain.html,1122156,764,1543,deflate,1,1,
zip,zip@1047552,content/editor/EditorExtra.css,1123001,704,2079,deflate,1,1,
zip,zip@1047552,content/editor/EditorAllTags.css,1123788,2084,22047,deflate,1,1,
zip,zip@1047552,content/editor/EditorOverride.css,1125956,1119,2407,deflate,1,1,
zip,zip@1047552,content/editor/EditorParagraphMarks.css,1127165,603,1124,deflate,1,1,
zip,zip@1047552,content/editor/EditorContent.css,1127851,1241,3676,deflate,1,1,
zip,zip@1047552,content/editor/sidebar-editor.rdf,1129176,819,1945,deflate,1,1,
zip,zip@1047552,content/editor/sidebar-editor.xul,1130079,877,1832,deflate,1,1,
zip,zip@1047552,content/editor/sb-bookmarks-panel.xul,1131044,1175,2716,deflate,1,1,
zip,zip@1047552,content/editor/sb-bookmarks.js,1132300,4641,17240,deflate,1,1,
zip,zip@1047552,content/editor/sb-file-contextMenu.js,1137029,1367,3197,deflate,1,1,
zip,zip@1047552,content/editor/sb-file-panel.js,1138478,4442,16029,deflate,1,1,
zip,zip@1047552,content/editor/sb-file-panel.xul,1143003,1124,2437,deflate,1,1,
zip,zip@1047552,content/editor/sb-FileWidgetFileHandler.js,1144220,981,2880,deflate,1,1,
zip,zip@1047552,content/editor/editorOverlay.xul,1145284,10460,61038,deflate,1,1,
zip,zip@1047552,content/editor/editorOverlay.js,1155826,905,2021,deflate,1,1,
zip,zip@1047552,content/editor/composerOverlay.xul,1156816,674,1266,deflate,1,1,
zip,zip@1047552,content/editor/pref-editing.xul,1157572,1736,6222,deflate,1,1,
zip,zip@1047552,content/editor/pref-composer.js,1159390,2559,10355,deflate,1,1,
zip,zip@1047552,content/editor/pref-composer.xul,1162032,1797,5435,deflate,1,1,
zip,zip@1047552,content/editor/pref-publish.xul,1163911,1084,2775,deflate,1,1,
zip,zip@1047552,content/editor/editorPrefsOverlay.xul,1165083,700,1798,deflate,1,1,
zip,zip@1047552,content/editor/editorNavigatorOverlay.xul,1165875,377,796,deflate,1,1,
zip,zip@1047552,content/editor/editorMailOverlay.xul,1166339,371,781,deflate,1,1,
zip,zip@1047552,content/editor/editorTasksOverlay.xul,1166798,1364,3121,deflate,1,1,
zip,zip@1047552,content/editor/editorApplicationOverlay.js,1168255,2476,6594,deflate,1,1,
zip,zip@1047552,content/editor/images/tag-anchor.gif,1170818,127,127,stored,1,1,
zip,zip@1047552,content/editor/images/tag-abr.gif,1171029,202,202,stored,1,1,
zip,zip@1047552,content/editor/images/tag-acr.gif,1171315,308,308,stored,1,1,
zip,zip@1047552,content/editor/images/tag-adr.gif,1171707,256,269,deflate,1,1,
zip,zip@1047552,content/editor/images/tag-ara.gif,1172047,240,240,stored,1,1,
zip,zip@1047552,content/editor/images/tag-bas.gif,1172371,245,245,stored,1,1,
zip,zip@1047552,content/editor/images/tag-blq.gif,1172700,282,282,stored,1,1,
zip,zip@1047552,content/editor/images/tag-bsf.gif,1173066,292,292,stored,1,1,
zip,zip@1047552,content/editor/images/tag-btn.gif,1173442,284,294,deflate,1,1,
zip,zip@1047552,content/editor/images/tag-cit.gif,1173810,220,220,stored,1,1,
zip,zip@1047552,content/editor/images/tag-clg.gif,1174114,254,254,stored,1,1,
zip,zip@1047552,content/editor/images/tag-cod.gif,1174452,239,239,stored,1,1,
zip,zip@1047552,content/editor/images/tag-cpt.gif,1174775,290,290,stored,1,1,
zip,zip@1047552,content/editor/images/tag-ctr.gif,1175149,258,258,stored,1,1,
zip,zip@1047552,content/editor/images/tag-fld.gif,1175491,245,255,deflate,1,1,
zip,zip@1047552,content/editor/images/tag-fnt.gif,1175820,230,234,deflate,1,1,
zip,zip@1047552,content/editor/images/tag-for.gif,1176134,225,238,deflate,1,1,
zip,zip@1047552,content/editor/images/tag-frm.gif,1176443,238,250,deflate,1,1,
zip,zip@1047552,content/editor/images/tag-fst.gif,1176765,259,268,deflate,1,1,
zip,zip@1047552,content/editor/images/tag-ifr.gif,1177108,264,266,deflate,1,1,
zip,zip@1047552,content/editor/images/tag-inp.gif,1177456,235,235,stored,1,1,
zip,zip@1047552,content/editor/images/tag-lbl.gif,1177775,238,238,stored,1,1,
zip,zip@1047552,content/editor/images/tag-lgn.gif,1178097,244,244,stored,1,1,
zip,zip@1047552,content/editor/images/tag-lnk.gif,1178425,199,216,deflate,1,1,
zip,zip@1047552,content/editor/images/tag-lst.gif,1178708,248,248,stored,1,1,
zip,zip@1047552,content/editor/images/tag-men.gif,1179040,239,242,deflate,1,1,
zip,zip@1047552,content/editor/images/tag-nfr.gif,1179363,280,280,stored,1,1,
zip,zip@1047552,content/editor/images/tag-nsc.gif,1179727,262,262,stored,1,1,
zip,zip@1047552,content/editor/images/tag-opg.gif,1180073,274,274,stored,1,1,
zip,zip@1047552,content/editor/images/tag-opt.gif,1180431,264,264,stored,1,1,
zip,zip@1047552,content/editor/images/tag-prm.gif,1180779,260,260,stored,1,1,
zip,zip@1047552,content/editor/images/tag-scr.gif,1181123,260,260,stored,1,1,
zip,zip@1047552,content/editor/images/tag-slc.gif,1181467,258,258,stored,1,1,
zip,zip@1047552,content/editor/images/tag-sml.gif,1181809,246,250,deflate,1,1,
zip,zip@1047552,content/editor/images/tag-smp.gif,1182139,243,243,stored,1,1,
zip,zip@1047552,content/editor/images/tag-spn.gif,1182466,226,235,deflate,1,1,
zip,zip@1047552,content/editor/images/tag-stk.gif,1182776,263,263,stored,1,1,
zip,zip@1047552,content/editor/images/tag-stl.gif,1183123,236,249,deflate,1,1,
zip,zip@1047552,content/editor/images/tag-stn.gif,1183443,279,283,deflate,1,1,
zip,zip@1047552,content/editor/images/tag-tbd.gif,1183806,247,259,deflate,1,1,
zip,zip@1047552,content/editor/images/tag-tbl.gif,1184137,229,245,deflate,1,1,
zip,zip@1047552,content/editor/images/tag-tft.gif,1184450,239,251,deflate,1,1,
zip,zip@1047552,content/editor/images/tag-thd.gif,1184773,242,254,deflate,1,1,
zip,zip@1047552,content/editor/images/tag-hed.gif,1185099,220,233,deflate,1,1,
zip,zip@1047552,content/editor/images/tag-isx.gif,1185403,268,268,stored,1,1,
zip,zip@1047552,content/editor/images/tag-met.gif,1185755,215,231,deflate,1,1,
zip,zip@1047552,content/editor/images/tag-ttl.gif,1186054,216,229,deflate,1,1,
zip,zip@1047552,content/editor/images/tag-pln.gif,1186354,195,197,deflate,1,1,
zip,zip@1047552,content/editor/images/tag-xmp.gif,1186633,189,189,stored,1,1,
zip,zip@1047552,content/editor/images/tag-txt.gif,1186906,305,305,stored,1,1,
zip,zip@1047552,content/editor/images/tag-a.gif,1187293,138,138,stored,1,1,
zip,zip@1047552,content/editor/images/tag-app.gif,1187515,253,258,deflate,1,1,
zip,zip@1047552,content/editor/images/tag-b.gif,1187850,161,165,deflate,1,1,
zip,zip@1047552,content/editor/images/tag-bdo.gif,1188095,208,214,deflate,1,1,
zip,zip@1047552,content/editor/images/tag-big.gif,1188387,204,204,stored,1,1,
zip,zip@1047552,content/editor/images/tag-body.gif,1188676,231,243,deflate,1,1,
zip,zip@1047552,content/editor/images/tag-br.gif,1188990,171,186,deflate,1,1,
zip,zip@1047552,content/editor/images/tag-col.gif,1189245,198,211,deflate,1,1,
zip,zip@1047552,content/editor/images/tag-dd.gif,1189526,181,187,deflate,1,1,
zip,zip@1047552,content/editor/images/tag-del.gif,1189791,197,203,deflate,1,1,
zip,zip@1047552,content/editor/images/tag-dfn.gif,1190072,206,213,deflate,1,1,
zip,zip@1047552,content/editor/images/tag-dir.gif,1190362,176,176,stored,1,1,
zip,zip@1047552,content/editor/images/tag-div.gif,1190622,192,197,deflate,1,1,
zip,zip@1047552,content/editor/images/tag-dl.gif,1190897,157,172,deflate,1,1,
zip,zip@1047552,content/editor/images/tag-dt.gif,1191137,177,180,deflate,1,1,
zip,zip@1047552,content/editor/images/tag-em.gif,1191397,178,183,deflate,1,1,
zip,zip@1047552,content/editor/images/tag-h1.gif,1191658,150,164,deflate,1,1,
zip,zip@1047552,content/editor/images/tag-h2.gif,1191891,164,179,deflate,1,1,
zip,zip@1047552,content/editor/images/tag-h3.gif,1192138,175,177,deflate,1,1,
zip,zip@1047552,content/editor/images/tag-h4.gif,1192396,170,172,deflate,1,1,
zip,zip@1047552,content/editor/images/tag-h5.gif,1192649,158,176,deflate,1,1,
zip,zip@1047552,content/editor/images/tag-h6.gif,1192890,163,177,deflate,1,1,
zip,zip@1047552,content/editor/images/tag-hr.gif,1193136,162,180,deflate,1,1,
zip,zip@1047552,content/editor/images/tag-html.gif,1193383,215,227,deflate,1,1,
zip,zip@1047552,content/editor/images/tag-i.gif,1193680,126,126,stored,1,1,
zip,zip@1047552,content/editor/images/tag-img.gif,1193890,210,210,stored,1,1,
zip,zip@1047552,content/editor/images/tag-ins.gif,1194184,206,206,stored,1,1,
zip,zip@1047552,content/editor/images/tag-kbd.gif,1194474,211,214,deflate,1,1,
zip,zip@1047552,content/editor/images/tag-li.gif,1194768,143,143,stored,1,1,
zip,zip@1047552,content/editor/images/tag-map.gif,1194995,216,216,stored,1,1,
zip,zip@1047552,content/editor/images/tag-obj.gif,1195295,261,265,deflate,1,1,
zip,zip@1047552,content/editor/images/tag-ol.gif,1195639,169,169,stored,1,1,
zip,zip@1047552,content/editor/images/tag-p.gif,1195890,148,163,deflate,1,1,
zip,zip@1047552,content/editor/images/tag-pre.gif,1196122,176,193,deflate,1,1,
zip,zip@1047552,content/editor/images/tag-q.gif,1196380,165,170,deflate,1,1,
zip,zip@1047552,content/editor/images/tag-s.gif,1196627,166,166,stored,1,1,
zip,zip@1047552,content/editor/images/tag-sub.gif,1196877,208,211,deflate,1,1,
zip,zip@1047552,content/editor/images/tag-sup.gif,1197169,206,209,deflate,1,1,
zip,zip@1047552,content/editor/images/tag-td.gif,1197458,162,176,deflate,1,1,
zip,zip@1047552,content/editor/images/tag-th.gif,1197703,168,173,deflate,1,1,
zip,zip@1047552,content/editor/images/tag-tr.gif,1197954,179,179,stored,1,1,
zip,zip@1047552,content/editor/images/tag-tt.gif,1198216,169,174,deflate,1,1,
zip,zip@1047552,content/editor/images/tag-u.gif,1198467,135,135,stored,1,1,
zip,zip@1047552,content/editor/images/tag-ul.gif,1198685,154,154,stored,1,1,
zip,zip@1047552,content/editor/images/tag-var.gif,1198923,215,215,stored,1,1,
zip,zip@1047552,content/editor/images/tag-userdefined.gif,1199230,133,133,stored,1,1,
zip,zip@1047552,content/editor/images/smile.gif,1199445,600,906,deflate,1,1,
zip,zip@1047552,content/editor/images/s_smile.gif,1200129,594,887,deflate,1,1,
zip,zip@1047552,content/editor/images/smile_active.gif,1200812,556,881,deflate,1,1,
zip,zip@1047552,content/editor/images/smile_disabled.gif,1201459,556,881,deflate,1,1,
zip,zip@1047552,content/editor/images/smile_hover.gif,1202103,557,882,deflate,1,1,
zip,zip@1047552,content/editor/images/frown.gif,1202742,599,889,deflate,1,1,
zip,zip@1047552,content/editor/images/wink.gif,1203422,593,887,deflate,1,1,
zip,zip@1047552,content/editor/images/sick.gif,1204096,594,889,deflate,1,1,
zip,zip@1047552,content/editor/images/s_frown.gif,1204774,97,101,deflate,1,1,
zip,zip@1047552,content/editor/images/s_wink.gif,1204954,595,886,deflate,1,1,
zip,zip@1047552,content/editor/images/smile_n.gif,1205633,141,144,deflate,1,1,
zip,zip@1047552,content/editor/images/frown_n.gif,1205858,172,189,deflate,1,1,
zip,zip@1047552,content/editor/images/wink_n.gif,1206113,133,139,deflate,1,1,
zip,zip@1047552,content/editor/images/tongue_n.gif,1206331,142,145,deflate,1,1,
zip,zip@1047552,content/editor/images/laughing_n.gif,1206560,143,147,deflate,1,1,
zip,zip@1047552,content/editor/images/embarrassed_n.gif,1206793,169,169,stored,1,1,
zip,zip@1047552,content/editor/images/undecided_n.gif,1207050,164,179,deflate,1,1,
zip,zip@1047552,content/editor/EdDialogCommon.js,1207297,9706,34637,deflate,1,1,
zip,zip@1047552,content/editor/EdLinkProps.xul,1217084,1040,2491,deflate,1,1,
zip,zip@1047552,content/editor/EdLinkProps.js,1218204,3831,11573,deflate,1,1,
zip,zip@1047552,content/editor/EdLinkChecker.xul,1222118,1099,2526,deflate,1,1,
zip,zip@1047552,content/editor/EdLinkChecker.js,1223299,1982,5270,deflate,1,1,
zip,zip@1047552,content/editor/EdImageProps.xul,1225363,1247,3186,deflate,1,1,
zip,zip@1047552,content/editor/EdImageProps.js,1226691,2622,7446,deflate,1,1,
zip,zip@1047552,content/editor/EdImageOverlay.xul,1229397,2220,8483,deflate,1,1,
zip,zip@1047552,content/editor/EdImageOverlay.js,1231700,5655,19571,deflate,1,1,
zip,zip@1047552,content/editor/EdHLineProps.xul,1237437,1334,3368,deflate,1,1,
zip,zip@1047552,content/editor/EdHLineProps.js,1238852,2252,6431,deflate,1,1,
zip,zip@1047552,content/editor/EdReplace.xul,1241183,1190,3248,deflate,1,1,
zip,zip@1047552,content/editor/EdReplace.js,1242451,2954,10830,deflate,1,1,
zip,zip@1047552,content/editor/EdSpellCheck.xul,1245487,1577,4855,deflate,1,1,
zip,zip@1047552,content/editor/EdSpellCheck.js,1247145,3928,13962,deflate,1,1,
zip,zip@1047552,content/editor/EdDictionary.xul,1251155,1093,2707,deflate,1,1,
zip,zip@1047552,content/editor/EdDictionary.js,1252329,1760,4866,deflate,1,1,
zip,zip@1047552,content/editor/EdNamedAnchorProps.xul,1254177,1006,2384,deflate,1,1,
zip,zip@1047552,content/editor/EdNamedAnchorProps.js,1255270,1773,4826,deflate,1,1,
zip,zip@1047552,content/editor/EdInsertTable.xul,1257126,1245,3514,deflate,1,1,
zip,zip@1047552,content/editor/EdInsertTable.js,1258453,2564,7360,deflate,1,1,
zip,zip@1047552,content/editor/EdTableProps.xul,1261099,2581,11769,deflate,1,1,
zip,zip@1047552,content/editor/EdTableProps.js,1263761,9466,38937,deflate,1,1,
zip,zip@1047552,content/editor/EdFormProps.xul,1273308,1686,4918,deflate,1,1,
zip,zip@1047552,content/editor/EdFormProps.js,1275074,1673,4496,deflate,1,1,
zip,zip@1047552,content/editor/EdInputProps.xul,1276829,1876,6096,deflate,1,1,
zip,zip@1047552,content/editor/EdInputProps.js,1278786,2787,10500,deflate,1,1,
zip,zip@1047552,content/editor/EdInputImage.xul,1281655,1560,4119,deflate,1,1,
zip,zip@1047552,content/editor/EdInputImage.js,1283296,2220,6140,deflate,1,1,
zip,zip@1047552,content/editor/EdTextAreaProps.xul,1285601,1959,7168,deflate,1,1,
zip,zip@1047552,content/editor/EdTextAreaProps.js,1287644,2036,6088,deflate,1,1,
zip,zip@1047552,content/editor/EdSelectProps.xul,1289763,2088,7380,deflate,1,1,
zip,zip@1047552,content/editor/EdSelectProps.js,1291933,4715,21589,deflate,1,1,
zip,zip@1047552,content/editor/EdButtonProps.xul,1296731,1650,4626,deflate,1,1,
zip,zip@1047552,content/editor/EdButtonProps.js,1298463,1861,5141,deflate,1,1,
zip,zip@1047552,content/editor/EdLabelProps.xul,1300406,1527,3857,deflate,1,1,
zip,zip@1047552,content/editor/EdLabelProps.js,1302014,1555,4226,deflate,1,1,
zip,zip@1047552,content/editor/EdFieldSetProps.xul,1303654,1578,4028,deflate,1,1,
zip,zip@1047552,content/editor/EdFieldSetProps.js,1305316,2016,6038,deflate,1,1,
zip,zip@1047552,content/editor/EdInsSrc.xul,1307410,1089,2571,deflate,1,1,
zip,zip@1047552,content/editor/EdInsSrc.js,1308576,1279,2782,deflate,1,1,
zip,zip@1047552,content/editor/EdInsertChars.xul,1309938,1226,3259,deflate,1,1,
zip,zip@1047552,content/editor/EdInsertChars.js,1311246,4183,14565,deflate,1,1,
zip,zip@1047552,content/editor/EdDialogOverlay.xul,1315514,1226,3255,deflate,1,1,
zip,zip@1047552,content/editor/EdAdvancedEdit.xul,1316824,1945,8770,deflate,1,1,
zip,zip@1047552,content/editor/EdAdvancedEdit.js,1318852,3055,10491,deflate,1,1,
zip,zip@1047552,content/editor/EdListProps.xul,1321988,1330,3327,deflate,1,1,
zip,zip@1047552,content/editor/EdListProps.js,1323398,2663,10427,deflate,1,1,
zip,zip@1047552,content/editor/EdPageProps.xul,1326142,1121,2940,deflate,1,1,
zip,zip@1047552,content/editor/EdPageProps.js,1327343,1553,4283,deflate,1,1,
zip,zip@1047552,content/editor/EdColorProps.xul,1328978,1569,5362,deflate,1,1,
zip,zip@1047552,content/editor/EdColorProps.js,1330628,3619,13523,deflate,1,1,
zip,zip@1047552,content/editor/EdColorPicker.xul,1334330,1414,3664,deflate,1,1,
zip,zip@1047552,content/editor/EdColorPicker.js,1335826,2716,9077,deflate,1,1,
zip,zip@1047552,content/editor/EdAECSSAttributes.js,1338628,1912,5128,deflate,1,1,
zip,zip@1047552,content/editor/EdAEHTMLAttributes.js,1340627,3703,12528,deflate,1,1,
zip,zip@1047552,content/editor/EdAEJSEAttributes.js,1344416,2257,6616,deflate,1,1,
zip,zip@1047552,content/editor/EdAEAttributes.js,1346756,3908,19040,deflate,1,1,
zip,zip@1047552,content/editor/EdImageMap.js,1350743,3089,11177,deflate,1,1,
zip,zip@1047552,content/editor/EdImageMap.xul,1353912,2372,8382,deflate,1,1,
zip,zip@1047552,content/editor/EdImageMapHotSpot.js,1356370,986,2522,deflate,1,1,
zip,zip@1047552,content/editor/EdImageMapHotSpot.xul,1357443,1253,3537,deflate,1,1,
zip,zip@1047552,content/editor/EdImageMapShapes.js,1358781,5303,29805,deflate,1,1,
zip,zip@1047552,content/editor/EdImageMapPage.html,1364169,573,1036,deflate,1,1,
zip,zip@1047552,content/editor/EditConflict.xul,1364824,983,2476,deflate,1,1,
zip,zip@1047552,content/editor/EditConflict.js,1365888,752,1472,deflate,1,1,
zip,zip@1047552,content/editor/EditorSaveAsCharset.xul,1366729,1311,3192,deflate,1,1,
zip,zip@1047552,content/editor/EditorSaveAsCharset.js,1368128,1922,5018,deflate,1,1,
zip,zip@1047552,content/editor/EdConvertToTable.xul,1370136,1223,3163,deflate,1,1,
zip,zip@1047552,content/editor/EdConvertToTable.js,1371444,3203,9649,deflate,1,1,
zip,zip@1047552,content/editor/EditorPublish.xul,1374730,1702,5615,deflate,1,1,
zip,zip@1047552,content/editor/EditorPublish.js,1376514,4792,18519,deflate,1,1,
zip,zip@1047552,content/editor/EditorPublishSettings.xul,1381397,1212,3106,deflate,1,1,
zip,zip@1047552,content/editor/EditorPublishSettings.js,1382699,2721,9523,deflate,1,1,
zip,zip@1047552,content/editor/EditorPublishOverlay.xul,1385510,980,2621,deflate,1,1,
zip,zip@1047552,content/editor/EditorPublishProgress.xul,1386581,1335,3450,deflate,1,1,
zip,zip@1047552,content/editor/EditorPublishProgress.js,1388006,2206,6324,deflate,1,1,
zip,zip@1047552,content/communicator/profile/confirmMigration.js,1390311,388,1014,deflate,1,1,
zip,zip@1047552,content/communicator/profile/confirmMigration.xul,1390799,563,1264,deflate,1,1,
zip,zip@1047552,content/communicator/profile/createProfileWizard.js,1391464,2413,6145,deflate,1,1,
zip,zip@1047552,content/communicator/profile/createProfileWizard.xul,1393980,751,2135,deflate,1,1,
zip,zip@1047552,content/communicator/profile/deleteProfile.js,1394827,286,780,deflate,1,1,
zip,zip@1047552,content/communicator/profile/deleteProfile.xul,1395210,545,1195,deflate,1,1,
zip,zip@1047552,content/communicator/profile/migrateAllProfile.xul,1395856,394,816,deflate,1,1,
zip,zip@1047552,content/communicator/profile/newProfile1_1.js,1396346,481,852,deflate,1,1,
zip,zip@1047552,content/communicator/profile/newProfile1_1.xul,1396924,761,1526,deflate,1,1,
zip,zip@1047552,content/communicator/profile/newProfile1_2.js,1397781,1958,5918,deflate,1,1,
zip,zip@1047552,content/communicator/profile/newProfile1_2.xul,1399836,1062,2395,deflate,1,1,
zip,zip@1047552,content/communicator/profile/profileManager.js,1400995,2991,10677,deflate,1,1,
zip,zip@1047552,content/communicator/profile/profileSelection.js,1404085,3100,9842,deflate,1,1,
zip,zip@1047552,content/communicator/profile/profileSelection.xul,1407285,1569,4104,deflate,1,1,
zip,zip@1047552,content/communicator/profile/selectLang.js,1408947,428,1488,deflate,1,1,
zip,zip@1047552,content/communicator/profile/selectLang.xul,1409469,645,1951,deflate,1,1,
zip,zip@1047552,content/communicator/profile/no_space.js,1410205,1154,2480,deflate,1,1,
zip,zip@1047552,content/communicator/profile/no_space.xul,1411451,1031,2214,deflate,1,1,
zip,zip@1047552,content/communicator/profile/profileMigrationProgress.js,1412589,735,1356,deflate,1,1,
zip,zip@1047552,content/communicator/profile/profileMigrationProgress.xul,1413432,488,962,deflate,1,1,
zip,zip@1047552,content/mozldap/contents.rdf,1413999,296,568,deflate,1,1,
zip,zip@1047552,content/communicator/bookmarks/addBookmark.xul,1414392,1391,3960,deflate,1,1,
zip,zip@1047552,content/communicator/bookmarks/addBookmark.js,1415879,3851,12530,deflate,1,1,
zip,zip@1047552,content/communicator/bookmarks/bm-props.js,1419823,3784,13650,deflate,1,1,
zip,zip@1047552,content/communicator/bookmarks/bm-props.xul,1423701,2071,10732,deflate,1,1,
zip,zip@1047552,content/communicator/bookmarks/bookmarksDD.js,1425868,4645,15460,deflate,1,1,
zip,zip@1047552,content/communicator/bookmarks/bookmarks.xul,1430608,2770,11424,deflate,1,1,
zip,zip@1047552,content/communicator/bookmarks/bookmarks.js,1433472,2227,7958,deflate,1,1,
zip,zip@1047552,content/communicator/bookmarks/bookmarks.css,1435794,149,480,deflate,1,1,
zip,zip@1047552,content/communicator/bookmarks/bookmarks.xml,1436038,17093,97123,deflate,1,1,
zip,zip@1047552,content/communicator/bookmarks/bookmarksTree.js,1453229,7605,30966,deflate,1,1,
zip,zip@1047552,content/communicator/bookmarks/bookmarksOverlay.xul,1460936,1045,3620,deflate,1,1,
zip,zip@1047552,content/communicator/bookmarks/bookmarksOverlay.js,1462082,9204,36454,deflate,1,1,
zip,zip@1047552,content/communicator/bookmarks/bm-panel.xul,1471380,1285,3824,deflate,1,1,
zip,zip@1047552,content/communicator/bookmarks/bookmarksPanel.js,1472764,1171,2664,deflate,1,1,
zip,zip@1047552,content/communicator/bookmarks/findBookmark.js,1474032,1708,4150,deflate,1,1,
zip,zip@1047552,content/communicator/bookmarks/findBookmark.xul,1475838,1106,2850,deflate,1,1,
zip,zip@1047552,content/communicator/bookmarks/pref-bookmarks.xul,1477044,1724,5002,deflate,1,1,
zip,zip@1047552,content/communicator/bookmarks/oTest.xul,1478859,1701,5675,deflate,1,1,
zip,zip@1047552,content/communicator/downloadmanager/downloadmanager.xul,1480667,2269,9248,deflate,1,1,
zip,zip@1047552,content/communicator/downloadmanager/downloadmanager.js,1483042,2906,8825,deflate,1,1,
zip,zip@1047552,content/communicator/pref/platformPrefOverlay.xul,1486048,629,1129,deflate,1,1,
zip,zip@1047552,content/communicator/directory/directory.xul,1486772,1324,3680,deflate,1,1,
zip,zip@1047552,content/communicator/directory/directory.html,1488192,152,199,deflate,1,1,
zip,zip@1047552,content/communicator/directory/directory.js,1488438,3716,10805,deflate,1,1,
zip,zip@1047552,content/communicator/history/history.xul,1492245,1773,5570,deflate,1,1,
zip,zip@1047552,content/communicator/history/historyTreeOverlay.xul,1494120,1998,8136,deflate,1,1,
zip,zip@1047552,content/communicator/history/history-panel.xul,1496215,951,2350,deflate,1,1,
zip,zip@1047552,content/communicator/history/history.js,1497256,4116,16511,deflate,1,1,
zip,zip@1047552,content/communicator/history/history-test.xul,1501468,392,724,deflate,1,1,
zip,zip@1047552,content/communicator/history/history-test.js,1501955,1089,2438,deflate,1,1,
zip,zip@1047552,content/communicator/history/findHistory.js,1503138,1489,3492,deflate,1,1,
zip,zip@1047552,content/communicator/history/findHistory.xul,1504722,1005,2343,deflate,1,1,
zip,zip@1047552,content/communicator/pref/pref-advanced.xul,1505821,2113,6022,deflate,1,1,
zip,zip@1047552,content/communicator/pref/pref-appearance.xul,1508030,1081,2351,deflate,1,1,
zip,zip@1047552,content/communicator/pref/pref-applications.xul,1509209,1660,5065,deflate,1,1,
zip,zip@1047552,content/communicator/pref/pref-applications.js,1510966,1883,6115,deflate,1,1,
zip,zip@1047552,content/communicator/pref/pref-applications-edit.xul,1512952,3861,12727,deflate,1,1,
zip,zip@1047552,content/communicator/pref/pref-applications-new.xul,1516915,1126,2842,deflate,1,1,
zip,zip@1047552,content/communicator/pref/pref-applications-new.js,1518142,2259,6370,deflate,1,1,
zip,zip@1047552,content/communicator/pref/overrideHandler.js,1520496,2992,13975,deflate,1,1,
zip,zip@1047552,content/communicator/pref/pref-cache.js,1523578,1031,3028,deflate,1,1,
zip,zip@1047552,content/communicator/pref/pref-cache.xul,1524700,1499,4538,deflate,1,1,
zip,zip@1047552,content/communicator/pref/pref-colors.js,1526290,455,1322,deflate,1,1,
zip,zip@1047552,content/communicator/pref/pref-colors.xul,1526837,1456,4815,deflate,1,1,
zip,zip@1047552,content/communicator/pref/pref-help.js,1528382,882,3932,deflate,1,1,
zip,zip@1047552,content/communicator/pref/pref-themes.xul,1529356,1341,3515,deflate,1,1,
zip,zip@1047552,content/communicator/pref/pref-themes.js,1530788,2727,9332,deflate,1,1,
zip,zip@1047552,content/communicator/pref/pref-charset.js,1533607,2224,8696,deflate,1,1,
zip,zip@1047552,content/communicator/pref/pref-charset.xul,1535924,1211,3090,deflate,1,1,
zip,zip@1047552,content/communicator/pref/pref-debug.xul,1537226,1463,4324,deflate,1,1,
zip,zip@1047552,content/communicator/pref/pref-debug1.xul,1538781,1159,3516,deflate,1,1,
zip,zip@1047552,content/communicator/pref/pref-debug2.xul,1540032,1200,2774,deflate,1,1,
zip,zip@1047552,content/communicator/pref/pref-fonts.js,1541322,6074,24935,deflate,1,1,
zip,zip@1047552,content/communicator/pref/pref-fonts.xul,1547487,2056,10730,deflate,1,1,
zip,zip@1047552,content/communicator/pref/pref-calibrate-screen.xul,1549645,1058,2363,deflate,1,1,
zip,zip@1047552,content/communicator/pref/pref-history.xul,1550796,1990,6227,deflate,1,1,
zip,zip@1047552,content/communicator/pref/pref-http.xul,1552876,1500,4005,deflate,1,1,
zip,zip@1047552,content/communicator/pref/pref-http.js,1554465,1266,2994,deflate,1,1,
zip,zip@1047552,content/communicator/pref/pref-languages.xul,1555826,1475,4013,deflate,1,1,
zip,zip@1047552,content/communicator/pref/pref-languages-add.xul,1557400,981,1973,deflate,1,1,
zip,zip@1047552,content/communicator/pref/pref-languages.js,1558475,4167,15009,deflate,1,1,
zip,zip@1047552,content/communicator/pref/pref-navigator.js,1562736,648,1636,deflate,1,1,
zip,zip@1047552,content/communicator/pref/pref-navigator.xul,1563479,1549,4628,deflate,1,1,
zip,zip@1047552,content/communicator/pref/pref-offline.xul,1565121,1399,3509,deflate,1,1,
zip,zip@1047552,content/communicator/pref/pref-proxies.js,1566612,674,2567,deflate,1,1,
zip,zip@1047552,content/communicator/pref/pref-policies.xul,1567380,691,2246,deflate,1,1,
zip,zip@1047552,content/communicator/pref/pref-proxies.xul,1568164,1789,7507,deflate,1,1,
zip,zip@1047552,content/communicator/pref/pref-proxy-manual.xul,1570051,1157,4187,deflate,1,1,
zip,zip@1047552,content/communicator/pref/pref-scripts.xul,1571301,1487,4089,deflate,1,1,
zip,zip@1047552,content/communicator/pref/pref-scripts.js,1572880,2492,9069,deflate,1,1,
zip,zip@1047552,content/communicator/pref/pref-search.js,1575463,947,2130,deflate,1,1,
zip,zip@1047552,content/communicator/pref/pref-search.xul,1576502,1387,3291,deflate,1,1,
zip,zip@1047552,content/communicator/pref/pref-security.xul,1577983,751,1437,deflate,1,1,
zip,zip@1047552,content/communicator/pref/pref-smart_browsing.xul,1578834,1779,5475,deflate,1,1,
zip,zip@1047552,content/communicator/pref/pref-smart_browsing.js,1580712,1788,6075,deflate,1,1,
zip,zip@1047552,content/communicator/pref/pref-smart_browsing-ac.xul,1582603,1444,4321,deflate,1,1,
zip,zip@1047552,content/communicator/pref/pref-smartupdate.xul,1584144,1361,4244,deflate,1,1,
zip,zip@1047552,content/communicator/pref/pref-tabs.xul,1585595,1089,2464,deflate,1,1,
zip,zip@1047552,content/communicator/pref/pref.xul,1586769,1034,2767,deflate,1,1,
zip,zip@1047552,content/communicator/pref/nsPrefWindow.js,1587895,3242,15002,deflate,1,1,
zip,zip@1047552,content/communicator/pref/preftree.xul,1591226,1374,5991,deflate,1,1,
zip,zip@1047552,content/communicator/pref/autocomplete-autofill-on.gif,1592705,743,743,stored,1,1,
zip,zip@1047552,content/communicator/pref/autocomplete-autofill-off.gif,1593554,621,621,stored,1,1,
zip,zip@1047552,content/communicator/pref/autocomplete-showpopup.gif,1594278,2519,2519,stored,1,1,
zip,zip@1047552,content/communicator/pref/autocomplete-showsearch.gif,1596901,723,723,stored,1,1,
zip,zip@1047552,content/communicator/pref/pref-mousewheel.xul,1597720,1961,8725,deflate,1,1,
zip,zip@1047552,content/communicator/pref/pref-winhooks.xul,1599775,1216,3673,deflate,1,1,
zip,zip@1047552,content/communicator/pref/pref-winhooks.js,1601084,1599,4918,deflate,1,1,
zip,zip@1047552,content/communicator/regviewer/regviewer.js,1602777,1723,4597,deflate,1,1,
zip,zip@1047552,content/communicator/regviewer/regviewer.xul,1604595,997,2208,deflate,1,1,
zip,zip@1047552,content/communicator/related/related-panel.xul,1605689,650,1117,deflate,1,1,
zip,zip@1047552,content/communicator/related/related-panel.js,1606435,2395,6630,deflate,1,1,
zip,zip@1047552,content/communicator/search/search.js,1608918,600,1838,deflate,1,1,
zip,zip@1047552,content/communicator/search/search.xul,1609607,704,1895,deflate,1,1,
zip,zip@1047552,content/communicator/search/search-editor.js,1610406,4347,17930,deflate,1,1,
zip,zip@1047552,content/communicator/search/search-editor.xul,1614849,1692,5244,deflate,1,1,
zip,zip@1047552,content/communicator/search/search-panel.js,1616635,9303,38264,deflate,1,1,
zip,zip@1047552,content/communicator/search/search-panel.xul,1626033,2342,8484,deflate,1,1,
zip,zip@1047552,content/communicator/search/shared.js,1628463,2653,11564,deflate,1,1,
zip,zip@1047552,content/communicator/search/find.js,1631202,781,2364,deflate,1,1,
zip,zip@1047552,content/communicator/search/find.xul,1632070,690,2072,deflate,1,1,
zip,zip@1047552,content/communicator/search/findresults.xul,1632854,1300,4151,deflate,1,1,
zip,zip@1047552,content/communicator/search/internet.js,1634244,805,2312,deflate,1,1,
zip,zip@1047552,content/communicator/search/internet.xul,1635140,1203,4267,deflate,1,1,
zip,zip@1047552,content/communicator/search/internetresults.js,1636440,1653,6136,deflate,1,1,
zip,zip@1047552,content/communicator/search/internetresults.xul,1638191,1350,5763,deflate,1,1,
zip,zip@1047552,content/communicator/sidebar/sidebarOverlay.css,1639639,864,1983,deflate,1,1,
zip,zip@1047552,content/communicator/sidebar/customize-panel.js,1640601,918,2185,deflate,1,1,
zip,zip@1047552,content/communicator/sidebar/customize-panel.xul,1641618,693,1205,deflate,1,1,
zip,zip@1047552,content/communicator/sidebar/sidebarBindings.xml,1642410,342,948,deflate,1,1,
zip,zip@1047552,content/communicator/sidebar/customize.js,1642844,6512,25742,deflate,1,1,
zip,zip@1047552,content/communicator/sidebar/customize.xul,1649449,1741,5879,deflate,1,1,
zip,zip@1047552,content/communicator/sidebar/preview.js,1651280,593,1149,deflate,1,1,
zip,zip@1047552,content/communicator/sidebar/preview.xul,1651964,779,1649,deflate,1,1,
zip,zip@1047552,content/communicator/sidebar/sidebarOverlay.js,1652840,11770,49837,deflate,1,1,
zip,zip@1047552,content/communicator/sidebar/sidebarOverlay.xul,1664708,2494,9284,deflate,1,1,
zip,zip@1047552,content/communicator/sidebar/PageNotFound.xul,1667298,236,337,deflate,1,1,
zip,zip@1047552,content/communicator/sidebar/local-panels.rdf,1667630,880,2704,deflate,1,1,
zip,zip@1047552,content/communicator/timebomb/warn.xul,1668599,797,1519,deflate,1,1,
zip,zip@1047552,content/communicator/timebomb/expireText.xul,1669491,798,1520,deflate,1,1,
zip,zip@1047552,content/communicator/alerts/alert.xul,1670377,877,1787,deflate,1,1,
zip,zip@1047552,content/communicator/alerts/alert.js,1671341,1696,4616,deflate,1,1,
zip,zip@1047552,content/navigator-platform/contents.rdf,1673127,314,616,deflate,1,1,
zip,zip@1047552,content/navigator/platformNavigationBindings.xul,1673540,415,869,deflate,1,1,
zip,zip@1047552,content/navigator/contents.rdf,1674036,302,627,deflate,1,1,
zip,zip@1047552,content/navigator-region/contents.rdf,1674426,290,568,deflate,1,1,
zip,zip@1047552,content/navigator/browser.js,1674795,3883,12440,deflate,1,1,
zip,zip@1047552,content/navigator/pageInfo.js,1678758,8186,32275,deflate,1,1,
zip,zip@1047552,content/navigator/pageInfo.xul,1687025,2432,12543,deflate,1,1,
zip,zip@1047552,content/navigator/navigator.xul,1689539,4751,23055,deflate,1,1,
zip,zip@1047552,content/navigator/sessionHistoryUI.js,1694378,3320,10682,deflate,1,1,
zip,zip@1047552,content/navigator/navigatorOverlay.xul,1697787,4193,18780,deflate,1,1,
zip,zip@1047552,content/navigator/navExtraOverlay.xul,1702068,596,1042,deflate,1,1,
zip,zip@1047552,content/navigator/navigator.js,1702745,15604,56403,deflate,1,1,
zip,zip@1047552,content/navigator/navigatorDD.js,1718432,6035,27061,deflate,1,1,
zip,zip@1047552,content/navigator/nsBrowserStatusHandler.js,1724561,4301,14678,deflate,1,1,
zip,zip@1047552,content/navigator/nsBrowserContentListener.js,1728958,2041,6479,deflate,1,1,
zip,zip@1047552,content/navigator/urlbarBindings.xml,1731086,3407,16716,deflate,1,1,
zip,zip@1047552,content/navigator/navigator.css,1734575,476,1338,deflate,1,1,
zip,zip@1047552,content/navigator/metadata.xul,1735132,1649,6788,deflate,1,1,
zip,zip@1047552,content/navigator/metadata.js,1736861,4959,16432,deflate,1,1,
zip,zip@1047552,content/navigator/languageDictionary.js,1741910,1271,2998,deflate,1,1,
zip,zip@1047552,content/navigator/linkToolbarHandler.js,1743271,2937,8770,deflate,1,1,
zip,zip@1047552,content/navigator/linkToolbarItem.js,1746295,2347,8434,deflate,1,1,
zip,zip@1047552,content/navigator/linkToolbarOverlay.js,1748732,2580,8077,deflate,1,1,
zip,zip@1047552,content/navigator/linkToolbarOverlay.xul,1751403,2028,8770,deflate,1,1,
zip,zip@1047552,content/navigator/personalToolbar.js,1753518,5514,19633,deflate,1,1,
zip,zip@1047552,content/navigator/turboDialog.xul,1759116,1274,2788,deflate,1,1,
zip,zip@1047552,content/navigator/viewsource.js,1760472,2165,5653,deflate,1,1,
zip,zip@1047552,content/navigator/viewSource.xul,1762720,2157,7660,deflate,1,1,
zip,zip@1047552,content/communicator/platformBrowserBindings.xul,1764976,480,1729,deflate,1,1,
zip,zip@1047552,content/communicator/platformEditorBindings.xul,1765554,590,3109,deflate,1,1,
zip,zip@1047552,content/communicator/platformCommunicatorOverlay.xul,1766247,495,1332,deflate,1,1,
zip,zip@1047552,content/communicator-platform/contents.rdf,1766835,321,639,deflate,1,1,
zip,zip@1047552,content/communicator-region/contents.rdf,1767247,294,578,deflate,1,1,
zip,zip@1047552,content/communicator/contents.rdf,1767625,309,646,deflate,1,1,
zip,zip@1047552,content/communicator/communicator.css,1768022,921,1997,deflate,1,1,
zip,zip@1047552,content/communicator/communicatorOverlay.xul,1769038,157,183,deflate,1,1,
zip,zip@1047552,content/communicator/utilityOverlay.xul,1769285,1792,8489,deflate,1,1,
zip,zip@1047552,content/communicator/utilityOverlay.js,1771166,4443,13611,deflate,1,1,
zip,zip@1047552,content/communicator/openLocation.js,1775696,2193,6166,deflate,1,1,
zip,zip@1047552,content/communicator/openLocation.xul,1777977,1362,3345,deflate,1,1,
zip,zip@1047552,content/communicator/taskbarOverlay.xul,1779429,951,3177,deflate,1,1,
zip,zip@1047552,content/communicator/tasksOverlay.js,1780467,2282,6801,deflate,1,1,
zip,zip@1047552,content/communicator/tasksOverlay.xul,1782837,1062,3169,deflate,1,1,
zip,zip@1047552,content/communicator/browserBindings.xul,1783990,166,221,deflate,1,1,
zip,zip@1047552,content/communicator/editorBindings.xul,1784246,116,136,deflate,1,1,
zip,zip@1047552,content/communicator/builtinURLs.js,1784448,1335,4929,deflate,1,1,
zip,zip@1047552,content/communicator/contentAreaUtils.js,1785874,7475,26197,deflate,1,1,
zip,zip@1047552,content/communicator/contentAreaDD.js,1793437,1775,3978,deflate,1,1,
zip,zip@1047552,content/communicator/contentAreaClick.js,1795303,3562,10636,deflate,1,1,
zip,zip@1047552,content/communicator/contentAreaContextOverlay.xul,1798966,2024,9792,deflate,1,1,
zip,zip@1047552,content/communicator/nsContextMenu.js,1801078,8560,35416,deflate,1,1,
zip,zip@1047552,content/communicator/viewZoomOverlay.xul,1809729,1333,3741,deflate,1,1,
zip,zip@1047552,content/communicator/viewZoomOverlay.js,1811152,2746,8886,deflate,1,1,
zip,zip@1047552,content/communicator/askViewZoom.xul,1813985,1032,2153,deflate,1,1,
zip,zip@1047552,content/communicator/askViewZoom.js,1815103,1068,2392,deflate,1,1,
zip,zip@1047552,content/communicator/findUtils.js,1816255,1758,5082,deflate,1,1,
zip,zip@1047552,content/communicator/printPageSetup.js,1818102,3855,14490,deflate,1,1,
zip,zip@1047552,content/communicator/printPageSetup.xul,1822047,2179,10375,deflate,1,1,
zip,zip@1047552,content/communicator/printPreviewBindings.xml,1824322,3813,15643,deflate,1,1,
zip,zip@1047552,content/communicator/xpinstall/xpistatus.xul,1828230,1039,2271,deflate,1,1,
zip,zip@1047552,content/communicator/xpinstall/xpistatus.js,1829363,1872,5555,deflate,1,1,
zip,zip@1047552,content/communicator/xpinstall/institems.xul,1831330,1036,2405,deflate,1,1,
zip,zip@1047552,content/communicator/xpinstall/institems.js,1832460,1155,2598,deflate,1,1,
zip,zip@1047552,content/cookie/contents.rdf,1833693,447,1591,deflate,1,1,
zip,zip@1047552,content/cookie/cookieTasksOverlay.xul,1834228,1659,4317,deflate,1,1,
zip,zip@1047552,content/cookie/cookieNavigatorOverlay.xul,1835979,2072,7319,deflate,1,1,
zip,zip@1047552,content/cookie/cookieContextOverlay.xul,1838141,1856,5473,deflate,1,1,
zip,zip@1047552,content/cookie/cookiePrefsOverlay.xul,1840085,709,1563,deflate,1,1,
zip,zip@1047552,content/cookie/pref-cookies.xul,1840876,1962,6792,deflate,1,1,
zip,zip@1047552,content/cookie/pref-images.xul,1842919,1578,4503,deflate,1,1,
zip,zip@1047552,content/cookie/cookieOverlay.js,1844579,644,1480,deflate,1,1,
zip,zip@1047552,content/cookie/p3p.xul,1845296,2281,9017,deflate,1,1,
zip,zip@1047552,content/cookie/p3pDialog.xul,1847656,1623,4212,deflate,1,1,
zip,zip@1047552,content/cookie/taskbar-cookie.gif,1849363,712,1006,deflate,1,1,
zip,zip@1047552,content/cookie/status.jpg,1850151,1428,1562,deflate,1,1,
zip,zip@1047552,content/cookie/status-cookie.gif,1851662,1350,1423,deflate,1,1,
zip,zip@1047552,content/wallet/contents.rdf,1853090,419,1324,deflate,1,1,
zip,zip@1047552,content/wallet/walletNavigatorOverlay.xul,1853601,1997,6303,deflate,1,1,
zip,zip@1047552,content/wallet/walletTasksOverlay.xul,1855686,1823,6219,deflate,1,1,
zip,zip@1047552,content/wallet/walletContextOverlay.xul,1857599,185,255,deflate,1,1,
zip,zip@1047552,content/wallet/walletPrefsOverlay.xul,1857872,701,1528,deflate,1,1,
zip,zip@1047552,content/wallet/pref-wallet.xul,1858654,1128,2833,deflate,1,1,
zip,zip@1047552,content/wallet/pref-passwords.xul,1859866,1189,3109,deflate,1,1,
zip,zip@1047552,content/wallet/walletOverlay.js,1861137,4043,13989,deflate,1,1,
zip,zip@1047552,content/communicator/wallet/nsWalletTreeUtils.js,1865279,1739,5046,deflate,1,1,
zip,zip@1047552,content/communicator/wallet/CookieViewer.js,1867112,4011,15064,deflate,1,1,
zip,zip@1047552,content/communicator/wallet/CookieViewer.xul,1871218,1795,6638,deflate,1,1,
zip,zip@1047552,content/communicator/wallet/privacy.xul,1873103,1171,2426,deflate,1,1,
zip,zip@1047552,content/communicator/wallet/SignonViewer.js,1874368,3529,16133,deflate,1,1,
zip,zip@1047552,content/communicator/wallet/SignonViewer.xul,1877992,1581,6495,deflate,1,1,
zip,zip@1047552,content/communicator/wallet/WalletPreview.js,1879668,1921,5251,deflate,1,1,
zip,zip@1047552,content/communicator/wallet/WalletPreview.xul,1881685,1063,2437,deflate,1,1,
zip,zip@1047552,content/communicator/wallet/WalletTree.xul,1882841,1200,5630,deflate,1,1,
zip,zip@1047552,content/communicator/wallet/WalletViewer.xul,1884136,910,2111,deflate,1,1,
zip,zip@1047552,content/communicator/wallet/WalletViewer.js,1885140,4155,15728,deflate,1,1,
zip,zip@1955840,content/forms/contents.rdf,1955917,987,2276,deflate,1,1,
zip,zip@1955840,content/forms/xbl-forms.css,1956982,2158,6720,deflate,1,1,
zip,zip@1955840,content/forms/select.xml,1959215,3960,25636,deflate,1,1,
zip,zip@1955840,content/forms/checkbox.xml,1963252,911,2050,deflate,1,1,
zip,zip@1955840,content/forms/button.xml,1964238,1218,3959,deflate,1,1,
zip,zip@1955840,content/forms/radio.xml,1965530,971,2206,deflate,1,1,
zip,zip@1955840,skin/classic/forms/button.css,1966581,1106,4007,deflate,1,1,
zip,zip@1955840,skin/classic/forms/checkbox.css,1967769,894,2292,deflate,1,1,
zip,zip@1955840,skin/classic/forms/contents.rdf,1968745,1091,2633,deflate,1,1,
zip,zip@1955840,skin/classic/forms/forms.css,1969915,922,2172,deflate,1,1,
zip,zip@1955840,skin/classic/forms/radio.css,1970916,947,2384,deflate,1,1,
zip,zip@1955840,skin/classic/forms/select.css,1971943,1200,2998,deflate,1,1,
zip,zip@1955840,skin/classic/forms/select-dropdown.css,1973232,1455,3960,deflate,1,1,
zip,zip@1955840,skin/classic/forms/arrow-dn-dis.gif,1974773,65,65,stored,1,1,
zip,zip@1955840,skin/classic/forms/arrow-dn.gif,1974920,54,56,deflate,1,1,
zip,zip@1955840,skin/classic/forms/cbox-check-dis.gif,1975062,57,60,deflate,1,1,
zip,zip@1955840,skin/classic/forms/cbox-check.gif,1975203,51,54,deflate,1,1,
zip,zip@1955840,skin/classic/forms/radio-check-dis.gif,1975343,45,46,deflate,1,1,
zip,zip@1955840,skin/classic/forms/radio-check.gif,1975473,42,46,deflate,1,1,
zip,zip@1977856,content/global/nsHelperAppDlg.xul,1977940,1382,3838,deflate,1,1,
zip,zip@1977856,content/global/nsProgressDlg.xul,1979405,1479,4649,deflate,1,1,
zip,zip@1977856,content/global/nsProgressDialog.xul,1980970,2213,6953,deflate,1,1,
zip,zip@1977856,content/global/nsProgressDlg.js,1983265,5669,19064,deflate,1,1,
zip,zip@1977856,content/global/console.js,1989010,2045,5716,deflate,1,1,
zip,zip@1977856,content/global/console.xul,1991132,1846,6049,deflate,1,1,
zip,zip@1977856,content/global/console.css,1993055,336,1400,deflate,1,1,
zip,zip@1977856,content/global/consoleBindings.xml,1993476,3485,14906,deflate,1,1,
zip,zip@1977856,content/global/finddialog.js,1997040,1692,4871,deflate,1,1,
zip,zip@1977856,content/global/finddialog.xul,1998812,1239,2944,deflate,1,1,
zip,zip@1977856,content/global/replacedialog.js,2000133,1350,4379,deflate,1,1,
zip,zip@1977856,content/global/replacedialog.xul,2001566,1105,2585,deflate,1,1,
zip,zip@1977856,content/global/downloadProgress.xul,2002757,1338,3959,deflate,1,1,
zip,zip@1977856,content/global/downloadProgress.js,2004180,3831,12600,deflate,1,1,
zip,zip@1977856,content/global/autocomplete.xml,2008093,11359,55617,deflate,1,1,
zip,zip@1977856,content/global/autocomplete.css,2019534,312,541,deflate,1,1,
zip,zip@1977856,content/global/filepicker.js,2019925,4572,17091,deflate,1,1,
zip,zip@1977856,content/global/filepicker.xul,2024577,1557,3843,deflate,1,1,
zip,zip@1977856,content/global/platformDialogOverlay.xul,2026225,925,3804,deflate,1,1,
zip,zip@1977856,content/global/platformXUL.css,2027231,81,85,deflate,1,1,
zip,zip@1977856,content/global/printjoboptions.js,2027396,4059,15382,deflate,1,1,
zip,zip@1977856,content/global/printjoboptions.xul,2031540,1254,3428,deflate,1,1,
zip,zip@1977856,content/global/contents.rdf,2032872,302,614,deflate,1,1,
zip,zip@1977856,content/global-platform/contents.rdf,2033261,309,612,deflate,1,1,
zip,zip@1977856,content/global-region/contents.rdf,2033655,312,603,deflate,1,1,
zip,zip@1977856,content/global/hiddenWindow.xul,2034049,1444,3430,deflate,1,1,
zip,zip@1977856,content/global/globalOverlay.xul,2035576,288,466,deflate,1,1,
zip,zip@1977856,content/global/globalOverlay.js,2035946,1256,3942,deflate,1,1,
zip,zip@1977856,content/global/dialogOverlay.xul,2037285,234,373,deflate,1,1,
zip,zip@1977856,content/global/dialogOverlay.js,2037601,772,2418,deflate,1,1,
zip,zip@1977856,content/global/commonDialog.xul,2038455,869,2320,deflate,1,1,
zip,zip@1977856,content/global/commonDialog.js,2039405,2469,7702,deflate,1,1,
zip,zip@1977856,content/global/strres.js,2041949,655,1920,deflate,1,1,
zip,zip@1977856,content/global/logo.gif,2042678,9315,9460,deflate,1,1,
zip,zip@1977856,content/global/about.xul,2052068,960,1902,deflate,1,1,
zip,zip@1977856,content/global/about.js,2053102,920,2005,deflate,1,1,
zip,zip@1977856,content/global/config.xul,2054098,894,2341,deflate,1,1,
zip,zip@1977856,content/global/config.css,2055068,733,1581,deflate,1,1,
zip,zip@1977856,content/global/config.js,2055876,2521,7539,deflate,1,1,
zip,zip@1977856,content/global/mozilla.html,2058475,962,1755,deflate,1,1,
zip,zip@1977856,content/global/plugins.html,2059515,1583,3876,deflate,1,1,
zip,zip@1977856,content/global/charsetOverlay.xul,2061182,1195,16424,deflate,1,1,
zip,zip@1977856,content/global/charsetOverlay.js,2062460,1722,8713,deflate,1,1,
zip,zip@1977856,content/global/charsetDetectorsOverlay.js,2064274,1457,3412,deflate,1,1,
zip,zip@1977856,content/global/charsetDetectorsOverlay.xul,2065824,826,1693,deflate,1,1,
zip,zip@1977856,content/global/selectDialog.js,2066731,1911,4698,deflate,1,1,
zip,zip@1977856,content/global/selectDialog.xul,2068724,804,1562,deflate,1,1,
zip,zip@1977856,content/global/nsWidgetStateManager.js,2069617,2932,12898,deflate,1,1,
zip,zip@1977856,content/global/widgetStateManager.js,2072636,4726,16704,deflate,1,1,
zip,zip@1977856,content/global/wizardHandlerSet.js,2077447,2342,7653,deflate,1,1,
zip,zip@1977856,content/global/wizardManager.js,2079871,2099,5837,deflate,1,1,
zip,zip@1977856,content/global/wizardOverlay.js,2082052,760,2113,deflate,1,1,
zip,zip@1977856,content/global/wizardOverlay.xul,2082895,380,882,deflate,1,1,
zip,zip@1977856,content/global/nsTreeController.js,2083360,2964,9536,deflate,1,1,
zip,zip@1977856,content/global/nsTreeSorting.js,2086406,2287,7105,deflate,1,1,
zip,zip@1977856,content/global/nsClipboard.js,2088773,1492,3789,deflate,1,1,
zip,zip@1977856,content/global/nsDragAndDrop.js,2090347,3058,9754,deflate,1,1,
zip,zip@1977856,content/global/nsJSSupportsUtils.js,2093491,1006,2503,deflate,1,1,
zip,zip@1977856,content/global/nsTransferable.js,2094580,3618,10773,deflate,1,1,
zip,zip@1977856,content/global/nsJSComponentManager.js,2098287,1034,2902,deflate,1,1,
zip,zip@1977856,content/global/nsUserSettings.js,2099404,515,2576,deflate,1,1,
zip,zip@1977856,content/global/xul.css,2099992,3297,17290,deflate,1,1,
zip,zip@1977856,content/global/printdialog.xul,2103370,1631,4757,deflate,1,1,
zip,zip@1977856,content/global/printdialog.js,2105081,4120,18241,deflate,1,1,
zip,zip@1977856,content/global/printProgress.xul,2109284,1209,2763,deflate,1,1,
zip,zip@1977856,content/global/printProgress.js,2110575,2491,7473,deflate,1,1,
zip,zip@1977856,content/global/fullScreen.js,2113145,1404,3641,deflate,1,1,
zip,zip@1977856,content/global/build.dtd,2114624,49,62,deflate,1,1,
zip,zip@1977856,content/global/MPL-1.1.html,2114751,8694,25509,deflate,1,1,
zip,zip@1977856,content/global/NPL-1.1.html,2123523,9691,30118,deflate,1,1,
zip,zip@1977856,content/global/bindings/browser.xml,2133300,2941,13209,deflate,1,1,
zip,zip@1977856,content/global/bindings/button.xml,2136326,1876,8463,deflate,1,1,
zip,zip@1977856,content/global/bindings/checkbox.xml,2138289,904,2438,deflate,1,1,
zip,zip@1977856,content/global/bindings/colorpicker.xml,2139283,3689,21667,deflate,1,1,
zip,zip@1977856,content/global/bindings/dialog.xml,2143057,3107,11826,deflate,1,1,
zip,zip@1977856,content/global/bindings/general.xml,2146250,2732,13699,deflate,1,1,
zip,zip@1977856,content/global/bindings/groupbox.xml,2149069,605,1609,deflate,1,1,
zip,zip@1977856,content/global/bindings/listbox.xml,2149760,4463,28693,deflate,1,1,
zip,zip@1977856,content/global/bindings/menu.xml,2154306,942,5229,deflate,1,1,
zip,zip@1977856,content/global/bindings/menulist.xml,2155335,3274,16089,deflate,1,1,
zip,zip@1977856,content/global/bindings/popup.xml,2158693,4189,21875,deflate,1,1,
zip,zip@1977856,content/global/bindings/progressmeter.xml,2162974,657,1775,deflate,1,1,
zip,zip@1977856,content/global/bindings/radio.xml,2163715,2459,12066,deflate,1,1,
zip,zip@1977856,content/global/bindings/scrollbar.xml,2166262,875,3429,deflate,1,1,
zip,zip@1977856,content/global/bindings/nativescrollbar.xml,2167231,219,417,deflate,1,1,
zip,zip@1977856,content/global/bindings/scrollbox.xml,2167538,679,2203,deflate,1,1,
zip,zip@1977856,content/global/bindings/splitter.xml,2168304,205,470,deflate,1,1,
zip,zip@1977856,content/global/bindings/spinbuttons.xml,2168599,706,1535,deflate,1,1,
zip,zip@1977856,content/global/bindings/stringbundle.xml,2169396,679,2443,deflate,1,1,
zip,zip@1977856,content/global/bindings/tabbox.xml,2170160,2707,15613,deflate,1,1,
zip,zip@1977856,content/global/bindings/tabbrowser.xml,2172956,8129,42610,deflate,1,1,
zip,zip@1977856,content/global/bindings/text.xml,2181168,697,2489,deflate,1,1,
zip,zip@1977856,content/global/bindings/textbox.xml,2181951,1706,7798,deflate,1,1,
zip,zip@1977856,content/global/bindings/toolbar.xml,2183743,1930,9849,deflate,1,1,
zip,zip@1977856,content/global/bindings/toolbarbutton.xml,2185765,768,2907,deflate,1,1,
zip,zip@1977856,content/global/bindings/tree.xml,2186616,5810,34772,deflate,1,1,
zip,zip@1977856,content/global/bindings/wizard.xml,2192511,3708,18188,deflate,1,1,
zip,zip@2233856,content/embed/contents.rdf,2233933,283,543,deflate,1,1,
zip,zip@2233856,content/embed/mini-nav.js,2234292,2280,6699,deflate,1,1,
zip,zip@2233856,content/embed/mini-nav.xul,2236649,1613,4001,deflate,1,1,
zip,zip@2233856,content/embed/simple-shell.xul,2238343,865,1664,deflate,1,1,
zip,zip@2233856,content/embed/back.gif,2239281,397,845,deflate,1,1,
zip,zip@2233856,content/embed/forward.gif,2239754,399,845,deflate,1,1,
zip,zip@2233856,content/embed/reload.gif,2240228,396,844,deflate,1,1,
zip,zip@2233856,content/embed/stop.gif,2240697,394,843,deflate,1,1,
zip,zip@2233856,locale/en-US/embed/embedding.dtd,2241174,246,811,deflate,1,1,
zip,zip@2233856,locale/en-US/embed/contents.rdf,2241502,345,786,deflate,1,1,
zip,zip@2233856,content/embed/simple-shell.css,2241928,566,1005,deflate,1,1,
zip,zip@2233856,content/embed/embedding.css,2242572,671,1435,deflate,1,1,
zip,zip@2233856,skin/classic/embed/contents.rdf,2243325,325,744,deflate,1,1,
zip,zip@2245632,locale/US/editor-region/contents.rdf,2245719,394,937,deflate,1,1,
zip,zip@2245632,locale/US/editor-region/region.properties,2246205,66,78,deflate,1,1,
zip,zip@2245632,locale/US/navigator-region/contents.rdf,2246361,396,943,deflate,1,1,
zip,zip@2245632,locale/US/navigator-region/region.properties,2246852,375,858,deflate,1,1,
zip,zip@2245632,locale/US/communicator-region/contents.rdf,2247320,398,949,deflate,1,1,
zip,zip@2245632,locale/US/communicator-region/region.dtd,2247809,87,103,deflate,1,1,
zip,zip@2245632,locale/US/communicator-region/region.properties,2247994,222,333,deflate,1,1,
zip,zip@2245632,locale/US/communicator-region/taskbar.rdf,2248308,569,1581,deflate,1,1,
zip,zip@2245632,locale/US/global-region/contents.rdf,2248964,419,1053,deflate,1,1,
zip,zip@2245632,locale/US/global-region/region.dtd,2249468,146,274,deflate,1,1,
zip,zip@2245632,locale/US/global-region/region.properties,2249706,345,691,deflate,1,1,
zip,zip@2245632,locale/US/global-region/builtinURLs.rdf,2250141,853,2267,deflate,1,1,
zip,zip@2245632,locale/US/communicator-region/wallet/WalletAddress.xul,2251099,1192,5595,deflate,1,1,
zip,zip@2245632,locale/US/communicator-region/wallet/WalletBilling.xul,2252396,694,1335,deflate,1,1,
zip,zip@2245632,locale/US/communicator-region/wallet/WalletConcatenated.xul,2253200,1638,19474,deflate,1,1,
zip,zip@2245632,locale/US/communicator-region/wallet/WalletCredit.xul,2254942,1105,3700,deflate,1,1,
zip,zip@2245632,locale/US/communicator-region/wallet/WalletEmploy.xul,2256151,992,2791,deflate,1,1,
zip,zip@2245632,locale/US/communicator-region/wallet/WalletMisc.xul,2257245,1307,6692,deflate,1,1,
zip,zip@2245632,locale/US/communicator-region/wallet/WalletName.xul,2258654,1024,3522,deflate,1,1,
zip,zip@2245632,locale/US/communicator-region/wallet/WalletOther.xul,2259781,694,1335,deflate,1,1,
zip,zip@2245632,locale/US/communicator-region/wallet/WalletPhone.xul,2260578,1259,8080,deflate,1,1,
zip,zip@2245632,locale/US/communicator-region/wallet/WalletPrimary.xul,2261942,695,1337,deflate,1,1,
zip,zip@2245632,locale/US/communicator-region/wallet/WalletShipping.xul,2262743,695,1337,deflate,1,1,
zip,zip@2245632,locale/US/communicator-region/wallet/WalletUrlspecific.xul,2263547,1308,3938,deflate,1,1,
zip,zip@2245632,locale/US/messenger-region/contents.rdf,2264945,396,943,deflate,1,1,
zip,zip@2245632,locale/US/messenger-region/region.properties,2265436,323,674,deflate,1,1,
zip,zip@2276352,skin/classic/global/autocomplete.css,2276439,1178,3481,deflate,1,1,
zip,zip@2276352,skin/classic/global/browser.css,2277699,385,812,deflate,1,1,
zip,zip@2276352,skin/classic/global/checkbox.css,2278167,989,2571,deflate,1,1,
zip,zip@2276352,skin/classic/global/colorpicker.css,2279242,907,2718,deflate,1,1,
zip,zip@2276352,skin/classic/global/console.css,2280231,1112,2780,deflate,1,1,
zip,zip@2276352,skin/classic/global/contents.rdf,2281426,476,1134,deflate,1,1,
zip,zip@2276352,skin/classic/global/dialog.css,2281983,1218,3146,deflate,1,1,
zip,zip@2276352,skin/classic/global/filepicker.css,2283286,884,2073,deflate,1,1,
zip,zip@2276352,skin/classic/global/formatting.css,2284255,1127,4767,deflate,1,1,
zip,zip@2276352,skin/classic/global/global.css,2285463,1228,3302,deflate,1,1,
zip,zip@2276352,skin/classic/global/groupbox.css,2286774,721,1568,deflate,1,1,
zip,zip@2276352,skin/classic/global/linkTree.css,2287578,382,811,deflate,1,1,
zip,zip@2276352,skin/classic/global/listbox.css,2288042,1250,3950,deflate,1,1,
zip,zip@2276352,skin/classic/global/menulist.css,2289375,1272,4463,deflate,1,1,
zip,zip@2276352,skin/classic/global/popup.css,2290727,932,2219,deflate,1,1,
zip,zip@2276352,skin/classic/global/progressmeter.css,2291747,1199,3111,deflate,1,1,
zip,zip@2276352,skin/classic/global/radio.css,2293026,1039,2765,deflate,1,1,
zip,zip@2276352,skin/classic/global/scrollbars.css,2294150,1373,6117,deflate,1,1,
zip,zip@2276352,skin/classic/global/scrollbox.css,2295607,285,711,deflate,1,1,
zip,zip@2276352,skin/classic/global/spinbuttons.css,2295978,547,1156,deflate,1,1,
zip,zip@2276352,skin/classic/global/splitter.css,2296608,1104,3813,deflate,1,1,
zip,zip@2276352,skin/classic/global/tabbox.css,2297793,1150,3685,deflate,1,1,
zip,zip@2276352,skin/classic/global/textbox.css,2299025,951,2325,deflate,1,1,
zip,zip@2276352,skin/classic/global/toolbarbutton.css,2300064,1343,6338,deflate,1,1,
zip,zip@2276352,skin/classic/global/tree.css,2301486,1668,6417,deflate,1,1,
zip,zip@2276352,skin/classic/global/wizard.css,2303235,309,676,deflate,1,1,
zip,zip@2276352,skin/classic/global/wizardOverlay.css,2303632,257,722,deflate,1,1,
zip,zip@2276352,skin/classic/global/button.css,2303970,1220,4334,deflate,1,1,
zip,zip@2276352,skin/classic/global/menu.css,2305269,1499,5491,deflate,1,1,
zip,zip@2276352,skin/classic/global/toolbar.css,2306850,1117,3148,deflate,1,1,
zip,zip@2276352,skin/classic/global/globalBindings.xml,2308056,322,839,deflate,1,1,
zip,zip@2276352,skin/classic/global/preview.gif,2308460,3182,3752,deflate,1,1,
zip,zip@2276352,skin/classic/global/icons/alert-exclam.gif,2311735,220,226,deflate,1,1,
zip,zip@2276352,skin/classic/global/icons/alert-error.gif,2312047,222,231,deflate,1,1,
zip,zip@2276352,skin/classic/global/icons/alert-message.gif,2312363,231,234,deflate,1,1,
zip,zip@2276352,skin/classic/global/icons/alert-question.gif,2312689,238,242,deflate,1,1,
zip,zip@2276352,skin/classic/global/checkbox/cbox-check.gif,2313021,51,54,deflate,1,1,
zip,zip@2276352,skin/classic/global/checkbox/cbox-check-dis.gif,2313170,57,60,deflate,1,1,
zip,zip@2276352,skin/classic/global/radio/radio-check-dis.gif,2313323,45,46,deflate,1,1,
zip,zip@2276352,skin/classic/global/radio/radio-check.gif,2313460,42,46,deflate,1,1,
zip,zip@2276352,skin/classic/global/menu/menu-check-hover.gif,2313598,62,66,deflate,1,1,
zip,zip@2276352,skin/classic/global/menu/menu-arrow-disabled.gif,2313759,54,93,deflate,1,1,
zip,zip@2276352,skin/classic/global/menu/menu-arrow-hover.gif,2313909,45,93,deflate,1,1,
zip,zip@2276352,skin/classic/global/menu/menu-check.gif,2314044,70,111,deflate,1,1,
zip,zip@2276352,skin/classic/global/menu/menu-check-disabled.gif,2314213,70,111,deflate,1,1,
zip,zip@2276352,skin/classic/global/menu/menu-arrow.gif,2314373,48,49,deflate,1,1,
zip,zip@2276352,skin/classic/global/menu/menu-radio.gif,2314511,65,68,deflate,1,1,
zip,zip@2276352,skin/classic/global/menu/menu-radio-disabled.gif,2314675,65,68,deflate,1,1,
zip,zip@2276352,skin/classic/global/menu/menu-radio-hover.gif,2314836,65,68,deflate,1,1,
zip,zip@2276352,skin/classic/global/scrollbar/slider.gif,2314992,43,44,deflate,1,1,
zip,zip@2276352,skin/classic/global/tree/twisty-open.gif,2315126,249,835,deflate,1,1,
zip,zip@2276352,skin/classic/global/tree/twisty-clsd.gif,2315466,255,841,deflate,1,1,
zip,zip@2276352,skin/classic/global/progressmeter/progressmeter-busy.gif,2315828,1088,2201,deflate,1,1,
zip,zip@2276352,skin/classic/communicator/contents.rdf,2317005,358,837,deflate,1,1,
zip,zip@2276352,skin/classic/communicator/tasksOverlay.css,2317456,892,2805,deflate,1,1,
zip,zip@2276352,skin/classic/communicator/button.css,2318435,1042,3269,deflate,1,1,
zip,zip@2276352,skin/classic/communicator/brand.css,2319563,920,2455,deflate,1,1,
zip,zip@2276352,skin/classic/communicator/securityOverlay.css,2320579,1015,2546,deflate,1,1,
zip,zip@2276352,skin/classic/communicator/dialogs.css,2321682,1001,2267,deflate,1,1,
zip,zip@2276352,skin/classic/communicator/printing.css,2322772,1053,2947,deflate,1,1,
zip,zip@2276352,skin/classic/communicator/communicator.css,2323918,1233,3547,deflate,1,1,
zip,zip@2276352,skin/classic/communicator/formatting.css,2325242,954,2171,deflate,1,1,
zip,zip@2276352,skin/classic/communicator/prefpanels.css,2326287,1213,2762,deflate,1,1,
zip,zip@2276352,skin/classic/communicator/bookmarks/bookmark-folder-button.gif,2327613,192,200,deflate,1,1,
zip,zip@2276352,skin/classic/communicator/bookmarks/bookmark-folder-closed.gif,2327918,149,165,deflate,1,1,
zip,zip@2276352,skin/classic/communicator/bookmarks/bookmark-folder-disabled.gif,2328182,145,156,deflate,1,1,
zip,zip@2276352,skin/classic/communicator/bookmarks/bookmark-folder-open.gif,2328438,160,175,deflate,1,1,
zip,zip@2276352,skin/classic/communicator/bookmarks/bookmark-group.gif,2328703,118,127,deflate,1,1,
zip,zip@2276352,skin/classic/communicator/bookmarks/bookmark-item-disabled.gif,2328934,100,106,deflate,1,1,
zip,zip@2276352,skin/classic/communicator/bookmarks/bookmark-item-updated.gif,2329146,123,125,deflate,1,1,
zip,zip@2276352,skin/classic/communicator/bookmarks/bookmark-item.gif,2329373,104,112,deflate,1,1,
zip,zip@2276352,skin/classic/communicator/bookmarks/bookmarks.css,2329577,1287,3351,deflate,1,1,
zip,zip@2276352,skin/classic/communicator/bookmarks/bookmarksWindow.css,2330970,1205,2942,deflate,1,1,
zip,zip@2276352,skin/classic/communicator/bookmarks/home-active.gif,2332277,168,176,deflate,1,1,
zip,zip@2276352,skin/classic/communicator/bookmarks/home-hover.gif,2332546,166,173,deflate,1,1,
zip,zip@2276352,skin/classic/communicator/bookmarks/home.gif,2332807,154,165,deflate,1,1,
zip,zip@2276352,skin/classic/communicator/bookmarks/location-act.gif,2333064,158,175,deflate,1,1,
zip,zip@2276352,skin/classic/communicator/bookmarks/location-dis.gif,2333325,146,160,deflate,1,1,
zip,zip@2276352,skin/classic/communicator/bookmarks/location-hov.gif,2333574,157,175,deflate,1,1,
zip,zip@2276352,skin/classic/communicator/bookmarks/location.gif,2333830,164,178,deflate,1,1,
zip,zip@2276352,skin/classic/communicator/bookmarks/notification.gif,2334097,559,615,deflate,1,1,
zip,zip@2276352,skin/classic/communicator/bookmarks/schedule.gif,2334755,1034,1034,stored,1,1,
zip,zip@2276352,skin/classic/communicator/bookmarks/bookmarksToolbar.css,2335896,1137,4371,deflate,1,1,
zip,zip@2276352,skin/classic/communicator/directory/directory.css,2337133,1211,3079,deflate,1,1,
zip,zip@2276352,skin/classic/communicator/directory/folder-clsd.gif,2338446,115,115,stored,1,1,
zip,zip@2276352,skin/classic/communicator/directory/folder-open.gif,2338663,127,127,stored,1,1,
zip,zip@2276352,skin/classic/communicator/directory/file.gif,2338885,100,100,stored,1,1,
zip,zip@2276352,skin/classic/communicator/profile/migrate.gif,2339081,130,135,deflate,1,1,
zip,zip@2276352,skin/classic/communicator/profile/newProfile1_2.css,2339313,176,281,deflate,1,1,
zip,zip@2276352,skin/classic/communicator/profile/profile.css,2339585,911,1796,deflate,1,1,
zip,zip@2276352,skin/classic/communicator/profile/profileManager.css,2340599,168,214,deflate,1,1,
zip,zip@2276352,skin/classic/communicator/profile/profileicon-large.gif,2340873,74,76,deflate,1,1,
zip,zip@2276352,skin/classic/communicator/related/related.css,2341043,1342,4015,deflate,1,1,
zip,zip@2276352,skin/classic/communicator/related/sitemap.gif,2342481,921,921,stored,1,1,
zip,zip@2276352,skin/classic/communicator/search/category.gif,2343498,120,120,stored,1,1,
zip,zip@2276352,skin/classic/communicator/search/result.gif,2343712,103,113,deflate,1,1,
zip,zip@2276352,skin/classic/communicator/search/search-editor.css,2343916,911,2019,deflate,1,1,
zip,zip@2276352,skin/classic/communicator/search/search.css,2344921,1038,2315,deflate,1,1,
zip,zip@2276352,skin/classic/communicator/search/internetresults.css,2346062,326,874,deflate,1,1,
zip,zip@2276352,skin/classic/communicator/sidebar/sbtab-twisty.gif,2346489,59,60,deflate,1,1,
zip,zip@2276352,skin/classic/communicator/sidebar/sbtab-twisty-open.gif,2346654,60,60,stored,1,1,
zip,zip@2276352,skin/classic/communicator/sidebar/customize.css,2346812,1041,2833,deflate,1,1,
zip,zip@2276352,skin/classic/communicator/sidebar/preview.css,2347949,930,2003,deflate,1,1,
zip,zip@2276352,skin/classic/communicator/sidebar/sidebarBindings.xml,2348983,253,545,deflate,1,1,
zip,zip@2276352,skin/classic/communicator/sidebar/sidebar.css,2349332,1401,4469,deflate,1,1,
zip,zip@2276352,skin/classic/communicator/sidebar/sidebarListView.css,2350837,508,890,deflate,1,1,
zip,zip@2276352,skin/classic/communicator/xpinstall/xpinstall.css,2351445,1027,2244,deflate,1,1,
zip,zip@2276352,skin/classic/communicator/brand/throbber-single.gif,2352574,1142,1480,deflate,1,1,
zip,zip@2276352,skin/classic/communicator/brand/throbber-anim.gif,2353816,22991,23903,deflate,1,1,
zip,zip@2276352,skin/classic/communicator/brand/throbber16-single.gif,2376911,588,655,deflate,1,1,
zip,zip@2276352,skin/classic/communicator/brand/throbber16-anim.gif,2377601,8280,8939,deflate,1,1,
zip,zip@2276352,skin/classic/communicator/icons/offline.gif,2385975,499,916,deflate,1,1,
zip,zip@2276352,skin/classic/communicator/icons/online.gif,2386567,491,908,deflate,1,1,
zip,zip@2276352,skin/classic/communicator/icons/pg-landscape.gif,2387157,277,311,deflate,1,1,
zip,zip@2276352,skin/classic/communicator/icons/pg-landscape-small.gif,2387539,148,151,deflate,1,1,
zip,zip@2276352,skin/classic/communicator/icons/pg-portrait.gif,2387785,285,318,deflate,1,1,
zip,zip@2276352,skin/classic/communicator/icons/pg-portrait-small.gif,2388174,148,152,deflate,1,1,
zip,zip@2276352,skin/classic/communicator/icons/content-large.gif,2388422,341,369,deflate,1,1,
zip,zip@2276352,skin/classic/communicator/icons/content-small.gif,2388863,170,172,deflate,1,1,
zip,zip@2276352,skin/classic/communicator/icons/search-act.gif,2389130,201,212,deflate,1,1,
zip,zip@2276352,skin/classic/communicator/icons/search.gif,2389424,202,217,deflate,1,1,
zip,zip@2276352,skin/classic/communicator/icons/search-hov.gif,2389723,217,223,deflate,1,1,
zip,zip@2276352,skin/classic/communicator/icons/lock-secure.gif,2390038,135,135,stored,1,1,
zip,zip@2276352,skin/classic/communicator/icons/lock-broken.gif,2390271,153,173,deflate,1,1,
zip,zip@2276352,skin/classic/communicator/icons/lock-insecure.gif,2390524,147,163,deflate,1,1,
zip,zip@2276352,skin/classic/communicator/icons/loading.gif,2390765,229,288,deflate,1,1,
zip,zip@2276352,skin/classic/communicator/icons/turbo-systray.gif,2391094,393,1124,deflate,1,1,
zip,zip@2276352,skin/classic/communicator/icons/btn1.gif,2391578,1591,2228,deflate,1,1,
zip,zip@2276352,skin/classic/communicator/taskbar/composer-hov.gif,2393270,520,934,deflate,1,1,
zip,zip@2276352,skin/classic/communicator/taskbar/addressbook.gif,2393890,130,132,deflate,1,1,
zip,zip@2276352,skin/classic/communicator/taskbar/addressbook-16.gif,2394123,125,126,deflate,1,1,
zip,zip@2276352,skin/classic/communicator/taskbar/mailnew-hov.gif,2394348,542,953,deflate,1,1,
zip,zip@2276352,skin/classic/communicator/taskbar/navigator.gif,2394988,526,941,deflate,1,1,
zip,zip@2276352,skin/classic/communicator/taskbar/navigator-hov.gif,2395616,521,938,deflate,1,1,
zip,zip@2276352,skin/classic/communicator/taskbar/navigator-16.gif,2396238,509,932,deflate,1,1,
zip,zip@2276352,skin/classic/communicator/taskbar/mail.gif,2396840,511,929,deflate,1,1,
zip,zip@2276352,skin/classic/communicator/taskbar/mail-hov.gif,2397448,524,941,deflate,1,1,
zip,zip@2276352,skin/classic/communicator/taskbar/mail-16.gif,2398068,495,916,deflate,1,1,
zip,zip@2276352,skin/classic/communicator/taskbar/mailnew.gif,2398659,523,938,deflate,1,1,
zip,zip@2276352,skin/classic/communicator/taskbar/composer.gif,2399279,513,932,deflate,1,1,
zip,zip@2276352,skin/classic/communicator/taskbar/composer-16.gif,2399892,510,925,deflate,1,1,
zip,zip@2276352,skin/classic/communicator/taskbar/addressbook-hov.gif,2400506,105,105,stored,1,1,
zip,zip@2276352,skin/classic/communicator/alerts/alert.css,2400704,1116,2587,deflate,1,1,
zip,zip@2276352,skin/classic/editor/contents.rdf,2401903,353,825,deflate,1,1,
zip,zip@2276352,skin/classic/editor/EdImageMapPage.css,2402345,890,2568,deflate,1,1,
zip,zip@2276352,skin/classic/editor/editor.css,2403316,890,1900,deflate,1,1,
zip,zip@2276352,skin/classic/editor/EditorDialog.css,2404293,2378,6724,deflate,1,1,
zip,zip@2276352,skin/classic/editor/EdImageMap.css,2406756,846,2278,deflate,1,1,
zip,zip@2276352,skin/classic/editor/editorModeToolbar.css,2407694,810,1748,deflate,1,1,
zip,zip@2276352,skin/classic/editor/textEditor.css,2408589,530,933,deflate,1,1,
zip,zip@2276352,skin/classic/editor/editorPrimaryToolbar.css,2409214,1225,4845,deflate,1,1,
zip,zip@2276352,skin/classic/editor/editorFormatToolbar.css,2410533,2126,10613,deflate,1,1,
zip,zip@2276352,skin/classic/editor/icons/editmode-html.gif,2412753,131,131,stored,1,1,
zip,zip@2276352,skin/classic/editor/icons/editmode-normal.gif,2412980,93,98,deflate,1,1,
zip,zip@2276352,skin/classic/editor/icons/editmode-preview.gif,2413170,108,108,stored,1,1,
zip,zip@2276352,skin/classic/editor/icons/editmode-tags.gif,2413372,150,153,deflate,1,1,
zip,zip@2276352,skin/classic/editor/icons/img-align-bottom.gif,2413619,192,192,stored,1,1,
zip,zip@2276352,skin/classic/editor/icons/img-align-left.gif,2413906,169,173,deflate,1,1,
zip,zip@2276352,skin/classic/editor/icons/img-align-middle.gif,2414172,182,184,deflate,1,1,
zip,zip@2276352,skin/classic/editor/icons/img-align-right.gif,2414450,165,169,deflate,1,1,
zip,zip@2276352,skin/classic/editor/icons/img-align-top.gif,2414709,183,186,deflate,1,1,
zip,zip@2276352,skin/classic/editor/icons/btn1.gif,2414977,3794,3832,deflate,1,1,
zip,zip@2276352,skin/classic/editor/icons/btn2.gif,2418856,2482,3145,deflate,1,1,
zip,zip@2276352,skin/classic/editor/icons/progress-busy.gif,2421432,168,597,deflate,1,1,
zip,zip@2276352,skin/classic/editor/icons/progress-done.gif,2421694,109,109,stored,1,1,
zip,zip@2276352,skin/classic/editor/icons/progress-failed.gif,2421899,130,130,stored,1,1,
zip,zip@2276352,skin/classic/global/filepicker/blank.gif,2422120,71,74,deflate,1,1,
zip,zip@2276352,skin/classic/global/filepicker/dir-closed.gif,2422287,121,122,deflate,1,1,
zip,zip@2276352,skin/classic/global/filepicker/dir-open.gif,2422502,123,123,stored,1,1,
zip,zip@2276352,skin/classic/global/filepicker/folder-up.gif,2422720,461,481,deflate,1,1,
zip,zip@2276352,skin/classic/global/filepicker/folder-home.gif,2423278,464,484,deflate,1,1,
zip,zip@2276352,skin/classic/global/arrow/arrow-dn-dis.gif,2423835,65,65,stored,1,1,
zip,zip@2276352,skin/classic/global/arrow/arrow-dn-hov.gif,2423993,54,56,deflate,1,1,
zip,zip@2276352,skin/classic/global/arrow/arrow-dn-sharp.gif,2424142,43,51,deflate,1,1,
zip,zip@2276352,skin/classic/global/arrow/arrow-lft-dis.gif,2424279,69,105,deflate,1,1,
zip,zip@2276352,skin/classic/global/arrow/arrow-lft-hov.gif,2424442,54,57,deflate,1,1,
zip,zip@2276352,skin/classic/global/arrow/arrow-lft-sharp.gif,2424592,48,53,deflate,1,1,
zip,zip@2276352,skin/classic/global/arrow/arrow-lft-sharp-end.gif,2424740,52,56,deflate,1,1,
zip,zip@2276352,skin/classic/global/arrow/arrow-rit-dis.gif,2424886,69,105,deflate,1,1,
zip,zip@2276352,skin/classic/global/arrow/arrow-rit-hov.gif,2425049,54,57,deflate,1,1,
zip,zip@2276352,skin/classic/global/arrow/arrow-rit-sharp.gif,2425199,48,53,deflate,1,1,
zip,zip@2276352,skin/classic/global/arrow/arrow-rit-sharp-end.gif,2425347,52,56,deflate,1,1,
zip,zip@2276352,skin/classic/global/arrow/arrow-up-dis.gif,2425492,65,65,stored,1,1,
zip,zip@2276352,skin/classic/global/arrow/arrow-up-hov.gif,2425650,53,56,deflate,1,1,
zip,zip@2276352,skin/classic/global/arrow/arrow-up-sharp.gif,2425798,48,52,deflate,1,1,
zip,zip@2276352,skin/classic/global/arrow/arrow-dn.gif,2425935,54,56,deflate,1,1,
zip,zip@2276352,skin/classic/global/arrow/arrow-lft.gif,2426079,54,57,deflate,1,1,
zip,zip@2276352,skin/classic/global/arrow/arrow-rit.gif,2426223,54,57,deflate,1,1,
zip,zip@2276352,skin/classic/global/arrow/arrow-up.gif,2426366,53,56,deflate,1,1,
zip,zip@2276352,skin/classic/global/tree/columnpicker.gif,2426511,71,74,deflate,1,1,
zip,zip@2276352,skin/classic/global/tree/sort-asc.gif,2426670,64,64,stored,1,1,
zip,zip@2276352,skin/classic/global/tree/sort-dsc.gif,2426822,63,63,stored,1,1,
zip,zip@2276352,skin/classic/global/console/console-error-dash.gif,2426986,45,48,deflate,1,1,
zip,zip@2276352,skin/classic/global/console/console-error-caret.gif,2427133,53,55,deflate,1,1,
zip,zip@2276352,skin/classic/global/icons/close-button.gif,2427279,59,67,deflate,1,1,
zip,zip@2276352,skin/classic/global/toolbar/tbgrip-arrow.gif,2427433,59,68,deflate,1,1,
zip,zip@2276352,skin/classic/global/toolbar/tbgrip-arrow-clps.gif,2427592,52,55,deflate,1,1,
zip,zip@2276352,skin/classic/global/toolbar/tbgrip-texture.gif,2427741,48,53,deflate,1,1,
zip,zip@2276352,skin/classic/global/splitter/grip-vrt-after.gif,2427887,121,157,deflate,1,1,
zip,zip@2276352,skin/classic/global/splitter/grip-vrt-before.gif,2428107,122,157,deflate,1,1,
zip,zip@2276352,skin/classic/global/splitter/grip-hrz-after.gif,2428327,108,145,deflate,1,1,
zip,zip@2276352,skin/classic/global/splitter/grip-hrz-before.gif,2428534,107,144,deflate,1,1,
zip,zip@2276352,skin/classic/global/splitter/drag-bg.gif,2428732,40,44,deflate,1,1,
zip,zip@2276352,skin/classic/messenger/dialogs.css,2428857,931,2087,deflate,1,1,
zip,zip@2276352,skin/classic/messenger/mailWindow2.css,2429877,597,1178,deflate,1,1,
zip,zip@2276352,skin/classic/messenger/accountManage.css,2430565,628,1223,deflate,1,1,
zip,zip@2276352,skin/classic/messenger/accountWizard.css,2431284,688,1391,deflate,1,1,
zip,zip@2276352,skin/classic/messenger/folderMenus.css,2432061,835,3044,deflate,1,1,
zip,zip@2276352,skin/classic/messenger/folderPane.css,2432984,1203,5245,deflate,1,1,
zip,zip@2276352,skin/classic/messenger/fakeAccount.css,2434276,125,162,deflate,1,1,
zip,zip@2276352,skin/classic/messenger/contents.rdf,2434487,356,831,deflate,1,1,
zip,zip@2276352,skin/classic/messenger/mailWindow1.css,2434932,1158,3277,deflate,1,1,
zip,zip@2276352,skin/classic/messenger/accountCentral.css,2436182,857,1869,deflate,1,1,
zip,zip@2276352,skin/classic/messenger/addressingWidget.css,2437133,1038,2355,deflate,1,1,
zip,zip@2276352,skin/classic/messenger/messageHeader.css,2438262,1179,3299,deflate,1,1,
zip,zip@2276352,skin/classic/messenger/messageWindow.css,2439532,647,1297,deflate,1,1,
zip,zip@2276352,skin/classic/messenger/messenger.css,2440266,597,1215,deflate,1,1,
zip,zip@2276352,skin/classic/messenger/prefPanels.css,2440951,703,1557,deflate,1,1,
zip,zip@2276352,skin/classic/messenger/primaryToolbar.css,2441746,1229,4883,deflate,1,1,
zip,zip@2276352,skin/classic/messenger/searchDialog.css,2443065,650,1304,deflate,1,1,
zip,zip@2276352,skin/classic/messenger/subscribe.css,2443802,826,2460,deflate,1,1,
zip,zip@2276352,skin/classic/messenger/threadPane.css,2444716,1581,9295,deflate,1,1,
zip,zip@2276352,skin/classic/messenger/threadPaneLabels.css,2446391,2116,12897,deflate,1,1,
zip,zip@2276352,skin/classic/messenger/filterDialog.css,2448597,666,1407,deflate,1,1,
zip,zip@2276352,skin/classic/messenger/messageBody.css,2449352,1657,4837,deflate,1,1,
zip,zip@2276352,skin/classic/messenger/icons/attach.gif,2451099,172,908,deflate,1,1,
zip,zip@2276352,skin/classic/messenger/icons/check.gif,2451360,100,103,deflate,1,1,
zip,zip@2276352,skin/classic/messenger/icons/dot.gif,2451547,64,65,deflate,1,1,
zip,zip@2276352,skin/classic/messenger/icons/flagcol.gif,2451702,875,1260,deflate,1,1,
zip,zip@2276352,skin/classic/messenger/icons/flaggedmail.gif,2452672,884,1269,deflate,1,1,
zip,zip@2276352,skin/classic/messenger/icons/folder-closed.gif,2453653,110,116,deflate,1,1,
zip,zip@2276352,skin/classic/messenger/icons/folder-draft.gif,2453859,158,177,deflate,1,1,
zip,zip@2276352,skin/classic/messenger/icons/folder-draft-open.gif,2454118,159,178,deflate,1,1,
zip,zip@2276352,skin/classic/messenger/icons/folder-draft-share.gif,2454379,164,184,deflate,1,1,
zip,zip@2276352,skin/classic/messenger/icons/folder-draft-share-open.gif,2454650,161,181,deflate,1,1,
zip,zip@2276352,skin/classic/messenger/icons/folder-filed.gif,2454907,137,139,deflate,1,1,
zip,zip@2276352,skin/classic/messenger/icons/folder-filed-open.gif,2455145,141,142,deflate,1,1,
zip,zip@2276352,skin/classic/messenger/icons/folder-hasmail.gif,2455384,928,1307,deflate,1,1,
zip,zip@2276352,skin/classic/messenger/icons/folder-inbox.gif,2456408,161,172,deflate,1,1,
zip,zip@2276352,skin/classic/messenger/icons/folder-inbox-new.gif,2456669,180,190,deflate,1,1,
zip,zip@2276352,skin/classic/messenger/icons/folder-inbox-open.gif,2456950,165,176,deflate,1,1,
zip,zip@2276352,skin/classic/messenger/icons/folder-inbox-share.gif,2457217,152,167,deflate,1,1,
zip,zip@2276352,skin/classic/messenger/icons/folder-inbox-share-open.gif,2457476,175,187,deflate,1,1,
zip,zip@2276352,skin/classic/messenger/icons/folder-mailserver.gif,2457752,128,128,stored,1,1,
zip,zip@2276352,skin/classic/messenger/icons/folder-new.gif,2457974,139,157,deflate,1,1,
zip,zip@2276352,skin/classic/messenger/icons/folder-new-closed.gif,2458214,139,157,deflate,1,1,
zip,zip@2276352,skin/classic/messenger/icons/folder-new-open.gif,2458452,150,167,deflate,1,1,
zip,zip@2276352,skin/classic/messenger/icons/folder-newsgroup.gif,2458702,137,141,deflate,1,1,
zip,zip@2276352,skin/classic/messenger/icons/folder-newsgroup-new.gif,2458943,166,182,deflate,1,1,
zip,zip@2276352,skin/classic/messenger/icons/folder-open.gif,2459204,124,126,deflate,1,1,
zip,zip@2276352,skin/classic/messenger/icons/folder-outbox.gif,2459425,111,115,deflate,1,1,
zip,zip@2276352,skin/classic/messenger/icons/folder-outbox-open.gif,2459638,119,122,deflate,1,1,
zip,zip@2276352,skin/classic/messenger/icons/folder-sent.gif,2459852,137,139,deflate,1,1,
zip,zip@2276352,skin/classic/messenger/icons/folder-sent-open.gif,2460089,141,142,deflate,1,1,
zip,zip@2276352,skin/classic/messenger/icons/folder-sent-share.gif,2460331,143,146,deflate,1,1,
zip,zip@2276352,skin/classic/messenger/icons/folder-sent-share-open.gif,2460580,159,180,deflate,1,1,
zip,zip@2276352,skin/classic/messenger/icons/folder-server.gif,2460836,125,128,deflate,1,1,
zip,zip@2276352,skin/classic/messenger/icons/folder-server-open.gif,2461063,130,132,deflate,1,1,
zip,zip@2276352,skin/classic/messenger/icons/folder-share.gif,2461289,211,910,deflate,1,1,
zip,zip@2276352,skin/classic/messenger/icons/folder-share-open.gif,2461601,224,922,deflate,1,1,
zip,zip@2276352,skin/classic/messenger/icons/folder-template.gif,2461924,148,170,deflate,1,1,
zip,zip@2276352,skin/classic/messenger/icons/folder-template-open.gif,2462176,147,170,deflate,1,1,
zip,zip@2276352,skin/classic/messenger/icons/folder-template-share.gif,2462428,146,147,deflate,1,1,
zip,zip@2276352,skin/classic/messenger/icons/folder-template-share-open.gif,2462684,144,145,deflate,1,1,
zip,zip@2276352,skin/classic/messenger/icons/folder-trash.gif,2462924,151,171,deflate,1,1,
zip,zip@2276352,skin/classic/messenger/icons/folder-trash-open.gif,2463176,171,190,deflate,1,1,
zip,zip@2276352,skin/classic/messenger/icons/folder-trash-share.gif,2463449,157,177,deflate,1,1,
zip,zip@2276352,skin/classic/messenger/icons/folder-trash-share-open.gif,2463713,165,186,deflate,1,1,
zip,zip@2276352,skin/classic/messenger/icons/local-mailhost.gif,2463976,931,1310,deflate,1,1,
zip,zip@2276352,skin/classic/messenger/icons/message-mail.gif,2465003,80,82,deflate,1,1,
zip,zip@2276352,skin/classic/messenger/icons/message-mail-attach.gif,2465186,514,892,deflate,1,1,
zip,zip@2276352,skin/classic/messenger/icons/message-mail-attach-offl.gif,2465808,113,118,deflate,1,1,
zip,zip@2276352,skin/classic/messenger/icons/message-mail-imapdelete.gif,2466028,516,895,deflate,1,1,
zip,zip@2276352,skin/classic/messenger/icons/message-mail-imapdel-offl.gif,2466653,114,116,deflate,1,1,
zip,zip@2276352,skin/classic/messenger/icons/message-mail-new.gif,2466867,109,111,deflate,1,1,
zip,zip@2276352,skin/classic/messenger/icons/message-mail-new-offl.gif,2467081,107,109,deflate,1,1,
zip,zip@2276352,skin/classic/messenger/icons/message-mail-offl.gif,2467289,82,82,stored,1,1,
zip,zip@2276352,skin/classic/messenger/icons/message-news.gif,2467467,586,901,deflate,1,1,
zip,zip@2276352,skin/classic/messenger/icons/message-news-attach.gif,2468156,197,224,deflate,1,1,
zip,zip@2276352,skin/classic/messenger/icons/message-news-attach-offl.gif,2468461,200,227,deflate,1,1,
zip,zip@2276352,skin/classic/messenger/icons/message-news-new.gif,2468761,621,926,deflate,1,1,
zip,zip@2276352,skin/classic/messenger/icons/message-news-new-attach.gif,2469489,243,243,stored,1,1,
zip,zip@2276352,skin/classic/messenger/icons/message-news-new-attach-off.gif,2469843,240,243,deflate,1,1,
zip,zip@2276352,skin/classic/messenger/icons/message-news-new-offl.gif,2470188,169,171,deflate,1,1,
zip,zip@2276352,skin/classic/messenger/icons/message-news-offl.gif,2470458,136,152,deflate,1,1,
zip,zip@2276352,skin/classic/messenger/icons/winclassic.gif,2470688,206,206,stored,1,1,
zip,zip@2276352,skin/classic/messenger/icons/winwide.gif,2470985,183,183,stored,1,1,
zip,zip@2276352,skin/classic/messenger/icons/server-local.gif,2471264,130,130,stored,1,1,
zip,zip@2276352,skin/classic/messenger/icons/server-local-new.gif,2471494,198,918,deflate,1,1,
zip,zip@2276352,skin/classic/messenger/icons/server-mail.gif,2471787,128,128,stored,1,1,
zip,zip@2276352,skin/classic/messenger/icons/server-mail-new.gif,2472014,197,917,deflate,1,1,
zip,zip@2276352,skin/classic/messenger/icons/server-news.gif,2472306,140,142,deflate,1,1,
zip,zip@2276352,skin/classic/messenger/icons/server-news-lock.gif,2472546,149,165,deflate,1,1,
zip,zip@2276352,skin/classic/messenger/icons/server-remote.gif,2472792,128,128,stored,1,1,
zip,zip@2276352,skin/classic/messenger/icons/server-remote-lock.gif,2473022,136,157,deflate,1,1,
zip,zip@2276352,skin/classic/messenger/icons/thread-closed.gif,2473255,139,881,deflate,1,1,
zip,zip@2276352,skin/classic/messenger/icons/threadcol.gif,2473487,132,134,deflate,1,1,
zip,zip@2276352,skin/classic/messenger/icons/thread-new-closed.gif,2473720,191,916,deflate,1,1,
zip,zip@2276352,skin/classic/messenger/icons/thread-new-open.gif,2474010,193,918,deflate,1,1,
zip,zip@2276352,skin/classic/messenger/icons/thread-open.gif,2474298,149,891,deflate,1,1,
zip,zip@2276352,skin/classic/messenger/icons/readcol.gif,2474538,547,861,deflate,1,1,
zip,zip@2276352,skin/classic/messenger/icons/readmail.gif,2475177,525,841,deflate,1,1,
zip,zip@2276352,skin/classic/messenger/icons/unreadmail.gif,2475796,70,72,deflate,1,1,
zip,zip@2276352,skin/classic/messenger/icons/unthreadcol.gif,2475961,116,116,stored,1,1,
zip,zip@2276352,skin/classic/messenger/icons/btn1.gif,2476165,10914,10934,deflate,1,1,
zip,zip@2276352,skin/classic/messenger/icons/thread-closed-eye.gif,2487180,174,185,deflate,1,1,
zip,zip@2276352,skin/classic/messenger/icons/thread-closed-kill.gif,2487456,137,137,stored,1,1,
zip,zip@2276352,skin/classic/messenger/icons/thread-closed-offl-eye.gif,2487699,174,185,deflate,1,1,
zip,zip@2276352,skin/classic/messenger/icons/thread-closed-offl-kill.gif,2487980,137,137,stored,1,1,
zip,zip@2276352,skin/classic/messenger/icons/thread-new-closed-eye.gif,2488222,202,202,stored,1,1,
zip,zip@2276352,skin/classic/messenger/icons/thread-new-closed-kill.gif,2488530,172,175,deflate,1,1,
zip,zip@2276352,skin/classic/messenger/icons/thread-new-closed-offl-eye.gif,2488812,202,202,stored,1,1,
zip,zip@2276352,skin/classic/messenger/icons/thread-new-closed-offl-kill.gif,2489125,172,175,deflate,1,1,
zip,zip@2276352,skin/classic/messenger/icons/thread-new-open-eye.gif,2489400,202,202,stored,1,1,
zip,zip@2276352,skin/classic/messenger/icons/thread-new-open-kill.gif,2489706,172,175,deflate,1,1,
zip,zip@2276352,skin/classic/messenger/icons/thread-new-open-offl-eye.gif,2489986,202,202,stored,1,1,
zip,zip@2276352,skin/classic/messenger/icons/thread-new-open-offl-kill.gif,2490297,172,175,deflate,1,1,
zip,zip@2276352,skin/classic/messenger/icons/thread-open-eye.gif,2490568,174,185,deflate,1,1,
zip,zip@2276352,skin/classic/messenger/icons/thread-open-kill.gif,2490842,139,139,stored,1,1,
zip,zip@2276352,skin/classic/messenger/icons/thread-open-offl-eye.gif,2491085,174,185,deflate,1,1,
zip,zip@2276352,skin/classic/messenger/icons/thread-open-offl-kill.gif,2491364,139,139,stored,1,1,
zip,zip@2276352,skin/classic/messenger/icons/server-news-new.gif,2491602,646,943,deflate,1,1,
zip,zip@2276352,skin/classic/messenger/icons/new-mail-alert.png,2492346,1990,1990,stored,1,1,
png-zlib,png@2492346,IDAT,2492440,1880,3045,deflate,1,1,
zip,zip@2276352,skin/classic/messenger/addressbook/abResultsPane.css,2494439,941,2135,deflate,1,1,
zip,zip@2276352,skin/classic/messenger/addressbook/addressPanes.css,2495482,723,1635,deflate,1,1,
zip,zip@2276352,skin/classic/messenger/addressbook/cardDialog.css,2496305,722,1402,deflate,1,1,
zip,zip@2276352,skin/classic/messenger/addressbook/selectAddressesDialog.css,2497138,823,1753,deflate,1,1,
zip,zip@2276352,skin/classic/messenger/addressbook/sidebarPanel.css,2498063,589,1172,deflate,1,1,
zip,zip@2276352,skin/classic/messenger/addressbook/addressbook.css,2498753,1529,4893,deflate,1,1,
zip,zip@2276352,skin/classic/messenger/addressbook/icons/addrbook.gif,2500386,148,165,deflate,1,1,
zip,zip@2276352,skin/classic/messenger/addressbook/icons/ablist.gif,2500636,166,905,deflate,1,1,
zip,zip@2276352,skin/classic/messenger/addressbook/icons/remote-addrbook.gif,2500913,130,130,stored,1,1,
zip,zip@2276352,skin/classic/messenger/addressbook/icons/remote-addrbook-error.gif,2501160,128,128,stored,1,1,
zip,zip@2276352,skin/classic/messenger/addressbook/icons/abcard.gif,2501390,107,109,deflate,1,1,
zip,zip@2276352,skin/classic/messenger/messengercompose/messengercompose.css,2501608,1396,4434,deflate,1,1,
zip,zip@2276352,skin/classic/messenger/smime/msgReadSecurityInfo.css,2503107,1002,2299,deflate,1,1,
zip,zip@2276352,skin/classic/messenger/smime/msgCompSecurityInfo.css,2504212,906,2051,deflate,1,1,
zip,zip@2276352,skin/classic/messenger/smime/msgReadSMIMEOverlay.css,2505221,994,2759,deflate,1,1,
zip,zip@2276352,skin/classic/messenger/smime/msgCompSMIMEOverlay.css,2506318,1156,3246,deflate,1,1,
zip,zip@2276352,skin/classic/messenger/smime/msgHdrViewSMIMEOverlay.css,2507580,976,2675,deflate,1,1,
zip,zip@2276352,skin/classic/messenger/smime/icons/smbtn1.gif,2508652,4809,4813,deflate,1,1,
zip,zip@2276352,skin/classic/messenger/smime/icons/sbSignOk.gif,2513559,120,127,deflate,1,1,
zip,zip@2276352,skin/classic/messenger/smime/icons/sbSignUnknown.gif,2513782,131,138,deflate,1,1,
zip,zip@2276352,skin/classic/messenger/smime/icons/sbSignNotOk.gif,2514014,121,128,deflate,1,1,
zip,zip@2276352,skin/classic/messenger/smime/icons/sbCryptoOk.gif,2514235,105,124,deflate,1,1,
zip,zip@2276352,skin/classic/messenger/smime/icons/sbCryptoNotOk.gif,2514443,113,132,deflate,1,1,
zip,zip@2276352,skin/classic/messenger/smime/icons/hdrSignOk.gif,2514655,214,228,deflate,1,1,
zip,zip@2276352,skin/classic/messenger/smime/icons/hdrSignUnknown.gif,2514973,224,264,deflate,1,1,
zip,zip@2276352,skin/classic/messenger/smime/icons/hdrSignNotOk.gif,2515299,227,241,deflate,1,1,
zip,zip@2276352,skin/classic/messenger/smime/icons/hdrCryptoOk.gif,2515627,186,188,deflate,1,1,
zip,zip@2276352,skin/classic/messenger/smime/icons/hdrCryptoNotOk.gif,2515917,183,195,deflate,1,1,
zip,zip@2276352,skin/classic/navigator/contents.rdf,2516186,355,831,deflate,1,1,
zip,zip@2276352,skin/classic/navigator/navigator.css,2516628,2238,8457,deflate,1,1,
zip,zip@2276352,skin/classic/navigator/linkToolbar.css,2518955,1192,3992,deflate,1,1,
zip,zip@2276352,skin/classic/navigator/pageInfo.css,2520233,984,2129,deflate,1,1,
zip,zip@2276352,skin/classic/navigator/btn1/first.gif,2521305,104,135,deflate,1,1,
zip,zip@2276352,skin/classic/navigator/btn1/first-disabled.gif,2521506,98,129,deflate,1,1,
zip,zip@2276352,skin/classic/navigator/btn1/first-hover.gif,2521698,115,140,deflate,1,1,
zip,zip@2276352,skin/classic/navigator/btn1/last.gif,2521900,102,133,deflate,1,1,
zip,zip@2276352,skin/classic/navigator/btn1/last-disabled.gif,2522098,96,127,deflate,1,1,
zip,zip@2276352,skin/classic/navigator/btn1/last-hover.gif,2522287,117,139,deflate,1,1,
zip,zip@2276352,skin/classic/navigator/btn1/next.gif,2522491,89,120,deflate,1,1,
zip,zip@2276352,skin/classic/navigator/btn1/next-disabled.gif,2522676,86,118,deflate,1,1,
zip,zip@2276352,skin/classic/navigator/btn1/next-hover.gif,2522855,96,122,deflate,1,1,
zip,zip@2276352,skin/classic/navigator/btn1/previous.gif,2523042,88,120,deflate,1,1,
zip,zip@2276352,skin/classic/navigator/btn1/previous-disabled.gif,2523230,87,119,deflate,1,1,
zip,zip@2276352,skin/classic/navigator/btn1/previous-hover.gif,2523414,97,124,deflate,1,1,
zip,zip@2276352,skin/classic/navigator/btn1/top.gif,2523597,95,127,deflate,1,1,
zip,zip@2276352,skin/classic/navigator/btn1/top-disabled.gif,2523787,97,128,deflate,1,1,
zip,zip@2276352,skin/classic/navigator/btn1/top-hover.gif,2523976,104,130,deflate,1,1,
zip,zip@2276352,skin/classic/navigator/btn1/up.gif,2524165,85,117,deflate,1,1,
zip,zip@2276352,skin/classic/navigator/btn1/up-disabled.gif,2524344,83,115,deflate,1,1,
zip,zip@2276352,skin/classic/navigator/btn1/up-hover.gif,2524518,93,119,deflate,1,1,
zip,zip@2276352,skin/classic/navigator/icons/btn1.gif,2524699,1639,2300,deflate,1,1,
zip,zip@2276352,skin/classic/navigator/icons/minimize.gif,2526430,49,53,deflate,1,1,
zip,zip@2276352,skin/classic/navigator/icons/restore.gif,2526570,57,61,deflate,1,1,
zip,zip@2276352,skin/classic/navigator/icons/close.gif,2526716,55,59,deflate,1,1,
zip,zip@2276352,skin/classic/communicator/help.css,2526856,1176,3389,deflate,1,1,
zip,zip@2572288,skin/modern/communicator/contents.rdf,2572376,358,831,deflate,1,1,
zip,zip@2572288,skin/modern/communicator/brand.css,2572819,1261,3183,deflate,1,1,
zip,zip@2572288,skin/modern/communicator/formatting.css,2574170,993,2286,deflate,1,1,
zip,zip@2572288,skin/modern/communicator/prefpanels.css,2575253,1214,2764,deflate,1,1,
zip,zip@2572288,skin/modern/communicator/securityOverlay.css,2576562,1015,2546,deflate,1,1,
zip,zip@2572288,skin/modern/communicator/tasksOverlay.css,2577669,1241,3808,deflate,1,1,
zip,zip@2572288,skin/modern/communicator/button.css,2578996,1195,2993,deflate,1,1,
zip,zip@2572288,skin/modern/communicator/toolbar.css,2580278,1304,3665,deflate,1,1,
zip,zip@2572288,skin/modern/communicator/dialogs.css,2581669,1002,2264,deflate,1,1,
zip,zip@2572288,skin/modern/communicator/printing.css,2582759,1053,2947,deflate,1,1,
zip,zip@2572288,skin/modern/communicator/communicator.css,2583904,1203,3220,deflate,1,1,
zip,zip@2572288,skin/modern/communicator/bookmarks/bookmark-folder-closed.gif,2585219,359,414,deflate,1,1,
zip,zip@2572288,skin/modern/communicator/bookmarks/bookmark-folder-dis.gif,2585687,275,341,deflate,1,1,
zip,zip@2572288,skin/modern/communicator/bookmarks/bookmark-folder-open.gif,2586072,432,432,stored,1,1,
zip,zip@2572288,skin/modern/communicator/bookmarks/bookmark-group.gif,2586608,207,231,deflate,1,1,
zip,zip@2572288,skin/modern/communicator/bookmarks/bookmark-item-dis.gif,2586922,237,264,deflate,1,1,
zip,zip@2572288,skin/modern/communicator/bookmarks/bookmark-item.gif,2587262,241,269,deflate,1,1,
zip,zip@2572288,skin/modern/communicator/bookmarks/home.gif,2587597,1097,1204,deflate,1,1,
zip,zip@2572288,skin/modern/communicator/bookmarks/bookmarks.css,2588793,1101,2895,deflate,1,1,
zip,zip@2572288,skin/modern/communicator/bookmarks/bookmarksToolbar.css,2590000,1423,4528,deflate,1,1,
zip,zip@2572288,skin/modern/communicator/bookmarks/bookmarksWindow.css,2591528,943,2129,deflate,1,1,
zip,zip@2572288,skin/modern/communicator/brand/throbber-anim.gif,2592570,22991,23903,deflate,1,1,
zip,zip@2572288,skin/modern/communicator/brand/throbber-single.gif,2615662,1142,1480,deflate,1,1,
zip,zip@2572288,skin/modern/communicator/brand/throbber16-anim.gif,2616905,8280,8939,deflate,1,1,
zip,zip@2572288,skin/modern/communicator/brand/throbber16-single.gif,2625288,588,655,deflate,1,1,
zip,zip@2572288,skin/modern/communicator/directory/file-folder-closed.gif,2625984,284,338,deflate,1,1,
zip,zip@2572288,skin/modern/communicator/directory/file-folder-open.gif,2626374,393,558,deflate,1,1,
zip,zip@2572288,skin/modern/communicator/directory/file-icon.gif,2626866,363,403,deflate,1,1,
zip,zip@2572288,skin/modern/communicator/directory/directory.css,2627328,1217,3096,deflate,1,1,
zip,zip@2572288,skin/modern/communicator/icons/content-large.gif,2628644,357,382,deflate,1,1,
zip,zip@2572288,skin/modern/communicator/icons/content-small.gif,2629100,170,173,deflate,1,1,
zip,zip@2572288,skin/modern/communicator/icons/loading.gif,2629363,229,288,deflate,1,1,
zip,zip@2572288,skin/modern/communicator/icons/lock-broken.gif,2629689,314,333,deflate,1,1,
zip,zip@2572288,skin/modern/communicator/icons/lock-insecure.gif,2630102,315,330,deflate,1,1,
zip,zip@2572288,skin/modern/communicator/icons/lock-mixed.gif,2630513,413,582,deflate,1,1,
zip,zip@2572288,skin/modern/communicator/icons/lock-secure.gif,2631023,321,327,deflate,1,1,
zip,zip@2572288,skin/modern/communicator/icons/offline.gif,2631437,215,237,deflate,1,1,
zip,zip@2572288,skin/modern/communicator/icons/online.gif,2631744,213,234,deflate,1,1,
zip,zip@2572288,skin/modern/communicator/icons/pg-landscape.gif,2632055,277,311,deflate,1,1,
zip,zip@2572288,skin/modern/communicator/icons/pg-landscape-small.gif,2632436,148,151,deflate,1,1,
zip,zip@2572288,skin/modern/communicator/icons/pg-portrait.gif,2632681,285,318,deflate,1,1,
zip,zip@2572288,skin/modern/communicator/icons/pg-portrait-small.gif,2633069,148,152,deflate,1,1,
zip,zip@2572288,skin/modern/communicator/icons/turbo-systray.gif,2633316,393,1124,deflate,1,1,
zip,zip@2572288,skin/modern/communicator/icons/btn1.gif,2633799,10385,10385,stored,1,1,
zip,zip@2572288,skin/modern/communicator/icons/search.gif,2644276,525,562,deflate,1,1,
zip,zip@2572288,skin/modern/communicator/profile/migrate.gif,2644896,343,420,deflate,1,1,
zip,zip@2572288,skin/modern/communicator/profile/profile.gif,2645334,288,290,deflate,1,1,
zip,zip@2572288,skin/modern/communicator/profile/newProfile1_2.css,2645723,893,2018,deflate,1,1,
zip,zip@2572288,skin/modern/communicator/profile/profile.css,2646711,1102,2555,deflate,1,1,
zip,zip@2572288,skin/modern/communicator/related/sitemap.gif,2647908,198,216,deflate,1,1,
zip,zip@2572288,skin/modern/communicator/related/related.css,2648201,1346,4239,deflate,1,1,
zip,zip@2572288,skin/modern/communicator/search/category.gif,2649642,415,452,deflate,1,1,
zip,zip@2572288,skin/modern/communicator/search/result.gif,2650150,440,440,stored,1,1,
zip,zip@2572288,skin/modern/communicator/search/internetresults.css,2650692,1014,2276,deflate,1,1,
zip,zip@2572288,skin/modern/communicator/search/search-editor.css,2651806,880,2024,deflate,1,1,
zip,zip@2572288,skin/modern/communicator/search/search.css,2652779,1038,2315,deflate,1,1,
zip,zip@2572288,skin/modern/communicator/alerts/alert.css,2653909,1129,2641,deflate,1,1,
zip,zip@2572288,skin/modern/communicator/sidebar/sidebarBindings.xml,2655141,534,2773,deflate,1,1,
zip,zip@2572288,skin/modern/communicator/sidebar/sbtab-rit-top-act.gif,2655780,1228,1252,deflate,1,1,
zip,zip@2572288,skin/modern/communicator/sidebar/sbtab-rit-btm-act.gif,2657113,172,185,deflate,1,1,
zip,zip@2572288,skin/modern/communicator/sidebar/sbtab-rit-top.gif,2657386,743,1088,deflate,1,1,
zip,zip@2572288,skin/modern/communicator/sidebar/sbtab-mid.gif,2658226,82,93,deflate,1,1,
zip,zip@2572288,skin/modern/communicator/sidebar/sbtab-lft-act.gif,2658409,189,194,deflate,1,1,
zip,zip@2572288,skin/modern/communicator/sidebar/sbtab-mid-act.gif,2658699,83,93,deflate,1,1,
zip,zip@2572288,skin/modern/communicator/sidebar/sbtab-rit-top-hov.gif,2658887,1121,1201,deflate,1,1,
zip,zip@2572288,skin/modern/communicator/sidebar/sbtab-rit-btm-hov.gif,2660113,74,83,deflate,1,1,
zip,zip@2572288,skin/modern/communicator/sidebar/sbtab-rit-top-sel.gif,2660292,1090,1212,deflate,1,1,
zip,zip@2572288,skin/modern/communicator/sidebar/sbtab-mid-sel.gif,2661483,79,93,deflate,1,1,
zip,zip@2572288,skin/modern/communicator/sidebar/sbtab-lft.gif,2661659,188,196,deflate,1,1,
zip,zip@2572288,skin/modern/communicator/sidebar/sbtab-lft-sel.gif,2661948,175,197,deflate,1,1,
zip,zip@2572288,skin/modern/communicator/sidebar/sbpicker-arrow.gif,2662225,43,51,deflate,1,1,
zip,zip@2572288,skin/modern/communicator/sidebar/customize.css,2662365,817,1778,deflate,1,1,
zip,zip@2572288,skin/modern/communicator/sidebar/preview.css,2663277,947,2143,deflate,1,1,
zip,zip@2572288,skin/modern/communicator/sidebar/sidebar.css,2664319,2018,7733,deflate,1,1,
zip,zip@2572288,skin/modern/communicator/sidebar/sidebarListView.css,2666440,508,890,deflate,1,1,
zip,zip@2572288,skin/modern/communicator/taskbar/addressbook-act.gif,2667051,516,603,deflate,1,1,
zip,zip@2572288,skin/modern/communicator/taskbar/addressbook.gif,2667666,522,603,deflate,1,1,
zip,zip@2572288,skin/modern/communicator/taskbar/addressbook-16.gif,2668290,521,979,deflate,1,1,
zip,zip@2572288,skin/modern/communicator/taskbar/composer-act.gif,2668911,671,1026,deflate,1,1,
zip,zip@2572288,skin/modern/communicator/taskbar/composer.gif,2669678,682,1026,deflate,1,1,
zip,zip@2572288,skin/modern/communicator/taskbar/composer-16.gif,2670459,654,998,deflate,1,1,
zip,zip@2572288,skin/modern/communicator/taskbar/mail-act.gif,2671209,705,1036,deflate,1,1,
zip,zip@2572288,skin/modern/communicator/taskbar/mail.gif,2672006,723,1037,deflate,1,1,
zip,zip@2572288,skin/modern/communicator/taskbar/mail-16.gif,2672824,696,1010,deflate,1,1,
zip,zip@2572288,skin/modern/communicator/taskbar/mailnew-act.gif,2673619,848,1067,deflate,1,1,
zip,zip@2572288,skin/modern/communicator/taskbar/mailnew.gif,2674562,868,1068,deflate,1,1,
zip,zip@2572288,skin/modern/communicator/taskbar/navigator-act.gif,2675531,165,202,deflate,1,1,
zip,zip@2572288,skin/modern/communicator/taskbar/navigator.gif,2675793,167,202,deflate,1,1,
zip,zip@2572288,skin/modern/communicator/taskbar/navigator-16.gif,2676060,216,916,deflate,1,1,
zip,zip@2572288,skin/modern/communicator/toolbar/prtb-grip-btm-act.gif,2676381,108,123,deflate,1,1,
zip,zip@2572288,skin/modern/communicator/toolbar/prtb-grip-btm.gif,2676590,93,94,deflate,1,1,
zip,zip@2572288,skin/modern/communicator/toolbar/prtb-grip-mid-act.gif,2676788,53,65,deflate,1,1,
zip,zip@2572288,skin/modern/communicator/toolbar/prtb-grip-mid.gif,2676942,47,51,deflate,1,1,
zip,zip@2572288,skin/modern/communicator/toolbar/prtb-grip-top-act.gif,2677094,962,1154,deflate,1,1,
zip,zip@2572288,skin/modern/communicator/toolbar/prtb-grip-top.gif,2678157,664,668,deflate,1,1,
zip,zip@2572288,skin/modern/communicator/toolbar/toolbarBindings.xml,2678924,350,1063,deflate,1,1,
zip,zip@2572288,skin/modern/communicator/toolbar/prtb-bg-line.gif,2679374,173,252,deflate,1,1,
zip,zip@2572288,skin/modern/communicator/toolbar/prtb-bg-noline.gif,2679649,173,252,deflate,1,1,
zip,zip@2572288,skin/modern/communicator/xpinstall/xpinstall.css,2679921,1092,2468,deflate,1,1,
zip,zip@2572288,skin/modern/editor/contents.rdf,2681095,354,819,deflate,1,1,
zip,zip@2572288,skin/modern/editor/EdImageMap.css,2681533,1103,3040,deflate,1,1,
zip,zip@2572288,skin/modern/editor/EdImageMapPage.css,2682724,1337,4082,deflate,1,1,
zip,zip@2572288,skin/modern/editor/EditorDialog.css,2684147,2407,7541,deflate,1,1,
zip,zip@2572288,skin/modern/editor/editor.css,2686634,1073,2446,deflate,1,1,
zip,zip@2572288,skin/modern/editor/editorModeToolbar.css,2687798,1008,2349,deflate,1,1,
zip,zip@2572288,skin/modern/editor/textEditor.css,2688890,853,1857,deflate,1,1,
zip,zip@2572288,skin/modern/editor/editorPrimaryToolbar.css,2689837,1614,6148,deflate,1,1,
zip,zip@2572288,skin/modern/editor/editorFormatToolbar.css,2691544,2656,11949,deflate,1,1,
zip,zip@2572288,skin/modern/editor/icons/editmode-html.gif,2694293,107,107,stored,1,1,
zip,zip@2572288,skin/modern/editor/icons/editmode-normal.gif,2694495,85,85,stored,1,1,
zip,zip@2572288,skin/modern/editor/icons/editmode-preview.gif,2694676,108,108,stored,1,1,
zip,zip@2572288,skin/modern/editor/icons/editmode-tags.gif,2694877,150,153,deflate,1,1,
zip,zip@2572288,skin/modern/editor/icons/img-align-btm-sel.gif,2695124,165,167,deflate,1,1,
zip,zip@2572288,skin/modern/editor/icons/img-align-btm.gif,2695382,198,199,deflate,1,1,
zip,zip@2572288,skin/modern/editor/icons/img-align-lft.gif,2695673,169,173,deflate,1,1,
zip,zip@2572288,skin/modern/editor/icons/img-align-mid-sel.gif,2695939,162,170,deflate,1,1,
zip,zip@2572288,skin/modern/editor/icons/img-align-mid.gif,2696194,182,185,deflate,1,1,
zip,zip@2572288,skin/modern/editor/icons/img-align-rit.gif,2696469,165,169,deflate,1,1,
zip,zip@2572288,skin/modern/editor/icons/img-align-top-sel.gif,2696731,161,168,deflate,1,1,
zip,zip@2572288,skin/modern/editor/icons/img-align-top.gif,2696985,182,185,deflate,1,1,
zip,zip@2572288,skin/modern/editor/icons/mast-editor.gif,2697258,4067,4119,deflate,1,1,
zip,zip@2572288,skin/modern/editor/icons/btn1.gif,2701409,38016,38166,deflate,1,1,
zip,zip@2572288,skin/modern/editor/icons/btn2.gif,2739509,15143,15690,deflate,1,1,
zip,zip@2572288,skin/modern/editor/icons/progress-busy.gif,2754745,168,597,deflate,1,1,
zip,zip@2572288,skin/modern/editor/icons/progress-done.gif,2755006,109,109,stored,1,1,
zip,zip@2572288,skin/modern/editor/icons/progress-failed.gif,2755210,130,130,stored,1,1,
zip,zip@2572288,skin/modern/global/contents.rdf,2755422,448,1071,deflate,1,1,
zip,zip@2572288,skin/modern/global/globalBindings.xml,2755958,655,2103,deflate,1,1,
zip,zip@2572288,skin/modern/global/preview.gif,2756694,7956,7956,stored,1,1,
zip,zip@2572288,skin/modern/global/button.css,2764730,1683,6862,deflate,1,1,
zip,zip@2572288,skin/modern/global/checkbox.css,2766495,1223,3273,deflate,1,1,
zip,zip@2572288,skin/modern/global/colorpicker.css,2767803,1266,3777,deflate,1,1,
zip,zip@2572288,skin/modern/global/console.css,2769150,1429,3676,deflate,1,1,
zip,zip@2572288,skin/modern/global/filepicker.css,2770663,1202,3029,deflate,1,1,
zip,zip@2572288,skin/modern/global/formatting.css,2771949,1578,4222,deflate,1,1,
zip,zip@2572288,skin/modern/global/groupbox.css,2773609,1045,2433,deflate,1,1,
zip,zip@2572288,skin/modern/global/listbox.css,2774735,1209,3756,deflate,1,1,
zip,zip@2572288,skin/modern/global/menu.css,2776022,1763,6031,deflate,1,1,
zip,zip@2572288,skin/modern/global/menulist.css,2777867,1831,6326,deflate,1,1,
zip,zip@2572288,skin/modern/global/progressmeter.css,2779785,1161,2874,deflate,1,1,
zip,zip@2572288,skin/modern/global/radio.css,2781025,1234,3265,deflate,1,1,
zip,zip@2572288,skin/modern/global/scrollbox.css,2782342,1092,2543,deflate,1,1,
zip,zip@2572288,skin/modern/global/spinbuttons.css,2783519,510,1110,deflate,1,1,
zip,zip@2572288,skin/modern/global/toolbarbutton.css,2784116,1450,4512,deflate,1,1,
zip,zip@2572288,skin/modern/global/tree.css,2785644,1972,6870,deflate,1,1,
zip,zip@2572288,skin/modern/global/wizard.css,2787696,1062,2416,deflate,1,1,
zip,zip@2572288,skin/modern/global/wizardOverlay.css,2788845,1082,2669,deflate,1,1,
zip,zip@2572288,skin/modern/global/autocomplete.css,2790013,1293,3263,deflate,1,1,
zip,zip@2572288,skin/modern/global/global.css,2791386,1622,4302,deflate,1,1,
zip,zip@2572288,skin/modern/global/popup.css,2793087,1223,2983,deflate,1,1,
zip,zip@2572288,skin/modern/global/splitter.css,2794392,1470,6847,deflate,1,1,
zip,zip@2572288,skin/modern/global/tabbox.css,2795942,1523,4632,deflate,1,1,
zip,zip@2572288,skin/modern/global/textbox.css,2797546,1390,3835,deflate,1,1,
zip,zip@2572288,skin/modern/global/toolbar.css,2799017,1541,4567,deflate,1,1,
zip,zip@2572288,skin/modern/global/dialog.css,2800638,1186,2985,deflate,1,1,
zip,zip@2572288,skin/modern/global/browser.css,2801905,1126,2690,deflate,1,1,
zip,zip@2572288,skin/modern/global/scrollbars.css,2803115,1746,6916,deflate,1,1,
zip,zip@2572288,skin/modern/global/scrollbars-mini.css,2804950,1482,4351,deflate,1,1,
zip,zip@2572288,skin/modern/global/arrow/arrow-dn-dis.gif,2806524,51,51,stored,1,1,
zip,zip@2572288,skin/modern/global/arrow/arrow-dn.gif,2806663,60,60,stored,1,1,
zip,zip@2572288,skin/modern/global/arrow/arrow-dn-sharp.gif,2806817,43,51,deflate,1,1,
zip,zip@2572288,skin/modern/global/arrow/arrow-lft-dis.gif,2806953,52,53,deflate,1,1,
zip,zip@2572288,skin/modern/global/arrow/arrow-lft.gif,2807094,60,60,stored,1,1,
zip,zip@2572288,skin/modern/global/arrow/arrow-lft-sharp.gif,2807249,48,53,deflate,1,1,
zip,zip@2572288,skin/modern/global/arrow/arrow-lft-sharp-end.gif,2807396,52,56,deflate,1,1,
zip,zip@2572288,skin/modern/global/arrow/arrow-rit-dis.gif,2807541,52,52,stored,1,1,
zip,zip@2572288,skin/modern/global/arrow/arrow-rit.gif,2807682,62,62,stored,1,1,
zip,zip@2572288,skin/modern/global/arrow/arrow-rit-sharp.gif,2807839,48,53,deflate,1,1,
zip,zip@2572288,skin/modern/global/arrow/arrow-rit-sharp-end.gif,2807986,52,56,deflate,1,1,
zip,zip@2572288,skin/modern/global/arrow/arrow-up-dis.gif,2808130,49,50,deflate,1,1,
zip,zip@2572288,skin/modern/global/arrow/arrow-up.gif,2808267,59,59,stored,1,1,
zip,zip@2572288,skin/modern/global/arrow/arrow-up-sharp.gif,2808420,48,52,deflate,1,1,
zip,zip@2572288,skin/modern/global/button/tbmbtn-arrow-act.gif,2808565,517,558,deflate,1,1,
zip,zip@2572288,skin/modern/global/button/tbmbtn-arrow-hov.gif,2809179,512,556,deflate,1,1,
zip,zip@2572288,skin/modern/global/button/tbmbtn-arrow.gif,2809784,522,553,deflate,1,1,
zip,zip@2572288,skin/modern/global/button/tbmenu-arrow-act.gif,2810403,43,47,deflate,1,1,
zip,zip@2572288,skin/modern/global/button/tbmenu-arrow-dis.gif,2810543,43,47,deflate,1,1,
zip,zip@2572288,skin/modern/global/button/tbmenu-arrow.gif,2810679,42,47,deflate,1,1,
zip,zip@2572288,skin/modern/global/checkbox/cbox-act-check.gif,2810818,120,138,deflate,1,1,
zip,zip@2572288,skin/modern/global/checkbox/cbox-act.gif,2811029,97,99,deflate,1,1,
zip,zip@2572288,skin/modern/global/checkbox/cbox-check.gif,2811219,110,111,deflate,1,1,
zip,zip@2572288,skin/modern/global/checkbox/cbox-dis-check.gif,2811426,123,138,deflate,1,1,
zip,zip@2572288,skin/modern/global/checkbox/cbox-dis.gif,2811640,98,99,deflate,1,1,
zip,zip@2572288,skin/modern/global/checkbox/cbox.gif,2811825,98,99,deflate,1,1,
zip,zip@2572288,skin/modern/global/console/error-caret.gif,2812016,53,55,deflate,1,1,
zip,zip@2572288,skin/modern/global/console/error-dash.gif,2812161,45,48,deflate,1,1,
zip,zip@2572288,skin/modern/global/filepicker/blank.gif,2812296,71,74,deflate,1,1,
zip,zip@2572288,skin/modern/global/filepicker/dir-closed.gif,2812462,224,228,deflate,1,1,
zip,zip@2572288,skin/modern/global/filepicker/dir-open.gif,2812779,227,227,stored,1,1,
zip,zip@2572288,skin/modern/global/filepicker/folder-up.gif,2813100,625,627,deflate,1,1,
zip,zip@2572288,skin/modern/global/filepicker/folder-home.gif,2813821,632,632,stored,1,1,
zip,zip@2572288,skin/modern/global/icons/alert-error.gif,2814544,1528,1587,deflate,1,1,
zip,zip@2572288,skin/modern/global/icons/alert-exclam.gif,2816164,1727,1727,stored,1,1,
zip,zip@2572288,skin/modern/global/icons/alert-message.gif,2817984,1297,1465,deflate,1,1,
zip,zip@2572288,skin/modern/global/icons/alert-question.gif,2819375,1851,1851,stored,1,1,
zip,zip@2572288,skin/modern/global/icons/alert-security.gif,2821320,2023,2023,stored,1,1,
zip,zip@2572288,skin/modern/global/icons/close-dis.gif,2823432,784,1037,deflate,1,1,
zip,zip@2572288,skin/modern/global/icons/close-act.gif,2824305,732,1016,deflate,1,1,
zip,zip@2572288,skin/modern/global/icons/close.gif,2825122,797,1037,deflate,1,1,
zip,zip@2572288,skin/modern/global/icons/close-hov.gif,2826008,750,1022,deflate,1,1,
zip,zip@2572288,skin/modern/global/icons/closebox.gif,2826846,51,60,deflate,1,1,
zip,zip@2572288,skin/modern/global/menu/menu-arrow-dis.gif,2826990,54,93,deflate,1,1,
zip,zip@2572288,skin/modern/global/menu/menu-arrow-hov.gif,2827137,48,49,deflate,1,1,
zip,zip@2572288,skin/modern/global/menu/menu-arrow.gif,2827274,41,49,deflate,1,1,
zip,zip@2572288,skin/modern/global/menu/menu-check-dis.gif,2827408,70,111,deflate,1,1,
zip,zip@2572288,skin/modern/global/menu/menu-check-hov.gif,2827571,66,66,stored,1,1,
zip,zip@2572288,skin/modern/global/menu/menu-check.gif,2827726,70,111,deflate,1,1,
zip,zip@2572288,skin/modern/global/menu/menu-radio-dis.gif,2827889,65,68,deflate,1,1,
zip,zip@2572288,skin/modern/global/menu/menu-radio-hov.gif,2828047,65,68,deflate,1,1,
zip,zip@2572288,skin/modern/global/menu/menu-radio.gif,2828201,65,68,deflate,1,1,
zip,zip@2572288,skin/modern/global/menulist/mlist-act-arrow.gif,2828364,46,51,deflate,1,1,
zip,zip@2572288,skin/modern/global/menulist/mlist-arrow.gif,2828504,46,51,deflate,1,1,
zip,zip@2572288,skin/modern/global/menulist/mlist-compact-arrow.gif,2828652,49,53,deflate,1,1,
zip,zip@2572288,skin/modern/global/menulist/mlist-dis-arrow.gif,2828799,50,51,deflate,1,1,
zip,zip@2572288,skin/modern/global/progressmeter/progress-busy.gif,2828950,308,1173,deflate,1,1,
zip,zip@2572288,skin/modern/global/radio/radio-act-check.gif,2829353,299,346,deflate,1,1,
zip,zip@2572288,skin/modern/global/radio/radio-act.gif,2829741,273,336,deflate,1,1,
zip,zip@2572288,skin/modern/global/radio/radio-check.gif,2830105,308,346,deflate,1,1,
zip,zip@2572288,skin/modern/global/radio/radio-dis-check.gif,2830508,299,346,deflate,1,1,
zip,zip@2572288,skin/modern/global/radio/radio-dis.gif,2830896,272,336,deflate,1,1,
zip,zip@2572288,skin/modern/global/radio/radio.gif,2831253,279,336,deflate,1,1,
zip,zip@2572288,skin/modern/global/scrollbar/thumb-vrt-grip.gif,2831630,98,99,deflate,1,1,
zip,zip@2572288,skin/modern/global/scrollbar/btn-lft.gif,2831819,48,53,deflate,1,1,
zip,zip@2572288,skin/modern/global/scrollbar/btn-rit.gif,2831958,49,53,deflate,1,1,
zip,zip@2572288,skin/modern/global/scrollbar/btn-up.gif,2832097,48,52,deflate,1,1,
zip,zip@2572288,skin/modern/global/scrollbar/mini-btn-dn.gif,2832240,43,47,deflate,1,1,
zip,zip@2572288,skin/modern/global/scrollbar/mini-btn-lft.gif,2832379,43,48,deflate,1,1,
zip,zip@2572288,skin/modern/global/scrollbar/mini-btn-rit.gif,2832518,43,48,deflate,1,1,
zip,zip@2572288,skin/modern/global/scrollbar/mini-btn-up.gif,2832656,44,48,deflate,1,1,
zip,zip@2572288,skin/modern/global/scrollbar/mini-slider-hrz.gif,2832799,49,57,deflate,1,1,
zip,zip@2572288,skin/modern/global/scrollbar/mini-slider-vrt.gif,2832947,49,57,deflate,1,1,
zip,zip@2572288,skin/modern/global/scrollbar/mini-thumb-hrz-grip.gif,2833099,83,87,deflate,1,1,
zip,zip@2572288,skin/modern/global/scrollbar/mini-thumb-vrt-grip.gif,2833285,84,88,deflate,1,1,
zip,zip@2572288,skin/modern/global/scrollbar/slider-hrz.gif,2833463,95,103,deflate,1,1,
zip,zip@2572288,skin/modern/global/scrollbar/slider-vrt.gif,2833652,54,65,deflate,1,1,
zip,zip@2572288,skin/modern/global/scrollbar/thumb-hrz-grip.gif,2833804,94,95,deflate,1,1,
zip,zip@2572288,skin/modern/global/scrollbar/btn-dn.gif,2833988,46,51,deflate,1,1,
zip,zip@2572288,skin/modern/global/splitter/grip-vrt-after.gif,2834131,143,143,stored,1,1,
zip,zip@2572288,skin/modern/global/splitter/grip-vrt-before.gif,2834372,147,147,stored,1,1,
zip,zip@2572288,skin/modern/global/splitter/grip-vrt-after-act.gif,2834620,105,114,deflate,1,1,
zip,zip@2572288,skin/modern/global/splitter/grip-vrt-before-act.gif,2834827,107,116,deflate,1,1,
zip,zip@2572288,skin/modern/global/splitter/grip-hrz-after.gif,2835031,134,134,stored,1,1,
zip,zip@2572288,skin/modern/global/splitter/grip-hrz-before.gif,2835263,135,135,stored,1,1,
zip,zip@2572288,skin/modern/global/splitter/grip-hrz-after-act.gif,2835499,96,104,deflate,1,1,
zip,zip@2572288,skin/modern/global/splitter/grip-hrz-before-act.gif,2835697,98,104,deflate,1,1,
zip,zip@2572288,skin/modern/global/toolbar/tbgrip-arrow.gif,2835889,57,57,stored,1,1,
zip,zip@2572288,skin/modern/global/toolbar/mbgrip-arrow.gif,2836040,57,57,stored,1,1,
zip,zip@2572288,skin/modern/global/toolbar/tbgrip-arrow-act.gif,2836195,57,57,stored,1,1,
zip,zip@2572288,skin/modern/global/toolbar/tbgrip-arrow-clps.gif,2836351,59,59,stored,1,1,
zip,zip@2572288,skin/modern/global/toolbar/tbgrip-arrow-clps-act.gif,2836513,59,59,stored,1,1,
zip,zip@2572288,skin/modern/global/toolbar/tb-mid.gif,2836660,112,146,deflate,1,1,
zip,zip@2572288,skin/modern/global/tree/sort-asc.gif,2836859,64,64,stored,1,1,
zip,zip@2572288,skin/modern/global/tree/sort-dsc.gif,2837010,63,63,stored,1,1,
zip,zip@2572288,skin/modern/global/tree/twisty-clsd.gif,2837163,82,87,deflate,1,1,
zip,zip@2572288,skin/modern/global/tree/twisty-open.gif,2837335,79,85,deflate,1,1,
zip,zip@2572288,skin/modern/global/tree/columnpicker.gif,2837505,95,97,deflate,1,1,
zip,zip@2572288,skin/modern/messenger/contents.rdf,2837685,356,825,deflate,1,1,
zip,zip@2572288,skin/modern/messenger/threadPaneLabels.css,2838134,2116,12897,deflate,1,1,
zip,zip@2572288,skin/modern/messenger/accountCentral.css,2840341,1356,3687,deflate,1,1,
zip,zip@2572288,skin/modern/messenger/accountManage.css,2841787,955,2144,deflate,1,1,
zip,zip@2572288,skin/modern/messenger/accountWizard.css,2842832,1014,2312,deflate,1,1,
zip,zip@2572288,skin/modern/messenger/addressingWidget.css,2843939,1050,2407,deflate,1,1,
zip,zip@2572288,skin/modern/messenger/dialogs.css,2845073,1403,3407,deflate,1,1,
zip,zip@2572288,skin/modern/messenger/filterDialog.css,2846565,998,2334,deflate,1,1,
zip,zip@2572288,skin/modern/messenger/folderMenus.css,2847651,1194,4611,deflate,1,1,
zip,zip@2572288,skin/modern/messenger/folderPane.css,2848932,1512,5989,deflate,1,1,
zip,zip@2572288,skin/modern/messenger/fakeAccount.css,2850532,125,162,deflate,1,1,
zip,zip@2572288,skin/modern/messenger/mailWindow2.css,2850745,1064,2379,deflate,1,1,
zip,zip@2572288,skin/modern/messenger/messageBody.css,2851897,1656,4836,deflate,1,1,
zip,zip@2572288,skin/modern/messenger/messageHeader.css,2853643,1538,4249,deflate,1,1,
zip,zip@2572288,skin/modern/messenger/messageWindow.css,2855271,933,2154,deflate,1,1,
zip,zip@2572288,skin/modern/messenger/messenger.css,2856290,964,2215,deflate,1,1,
zip,zip@2572288,skin/modern/messenger/prefPanels.css,2857341,1022,2460,deflate,1,1,
zip,zip@2572288,skin/modern/messenger/searchDialog.css,2858452,985,2241,deflate,1,1,
zip,zip@2572288,skin/modern/messenger/subscribe.css,2859523,1230,3481,deflate,1,1,
zip,zip@2572288,skin/modern/messenger/mailWindow1.css,2860841,1522,4220,deflate,1,1,
zip,zip@2572288,skin/modern/messenger/threadPane.css,2862450,1913,10303,deflate,1,1,
zip,zip@2572288,skin/modern/messenger/primaryToolbar.css,2864454,1546,5993,deflate,1,1,
zip,zip@2572288,skin/modern/messenger/addressbook/abResultsPane.css,2866102,942,2112,deflate,1,1,
zip,zip@2572288,skin/modern/messenger/addressbook/addressPanes.css,2867145,1034,2525,deflate,1,1,
zip,zip@2572288,skin/modern/messenger/addressbook/cardDialog.css,2868278,1046,2329,deflate,1,1,
zip,zip@2572288,skin/modern/messenger/addressbook/selectAddressesDialog.css,2869434,1144,2680,deflate,1,1,
zip,zip@2572288,skin/modern/messenger/addressbook/addressbook.css,2870678,1804,5451,deflate,1,1,
zip,zip@2572288,skin/modern/messenger/addressbook/sidebarPanel.css,2872583,916,2093,deflate,1,1,
zip,zip@2572288,skin/modern/messenger/addressbook/icons/directory-down.gif,2873608,371,432,deflate,1,1,
zip,zip@2572288,skin/modern/messenger/addressbook/icons/directory-open.gif,2874088,359,432,deflate,1,1,
zip,zip@2572288,skin/modern/messenger/addressbook/icons/directory.gif,2874551,358,427,deflate,1,1,
zip,zip@2572288,skin/modern/messenger/addressbook/icons/list.gif,2875008,408,434,deflate,1,1,
zip,zip@2572288,skin/modern/messenger/addressbook/icons/mast-ab.gif,2875518,4038,4080,deflate,1,1,
zip,zip@2572288,skin/modern/messenger/addressbook/icons/myaddrbk.gif,2879659,351,413,deflate,1,1,
zip,zip@2572288,skin/modern/messenger/addressbook/icons/person.gif,2880111,443,446,deflate,1,1,
zip,zip@2572288,skin/modern/messenger/icons/acct-compose.gif,2880649,1426,1426,stored,1,1,
zip,zip@2572288,skin/modern/messenger/icons/acct-filters.gif,2882170,1228,1287,deflate,1,1,
zip,zip@2572288,skin/modern/messenger/icons/acct-newaccount.gif,2883496,1162,1241,deflate,1,1,
zip,zip@2572288,skin/modern/messenger/icons/acct-prefs.gif,2884751,821,1104,deflate,1,1,
zip,zip@2572288,skin/modern/messenger/icons/acct-read.gif,2885664,1423,1423,stored,1,1,
zip,zip@2572288,skin/modern/messenger/icons/acct-search.gif,2887181,1330,1330,stored,1,1,
zip,zip@2572288,skin/modern/messenger/icons/acct-subscribe.gif,2888608,1190,1348,deflate,1,1,
zip,zip@2572288,skin/modern/messenger/icons/attach.gif,2889887,185,190,deflate,1,1,
zip,zip@2572288,skin/modern/messenger/icons/check.gif,2890160,180,180,stored,1,1,
zip,zip@2572288,skin/modern/messenger/icons/dot.gif,2890426,159,160,deflate,1,1,
zip,zip@2572288,skin/modern/messenger/icons/flagcol-flagged.gif,2890683,208,211,deflate,1,1,
zip,zip@2572288,skin/modern/messenger/icons/folder-closed.gif,2890987,292,345,deflate,1,1,
zip,zip@2572288,skin/modern/messenger/icons/folder-draft-open.gif,2891379,426,434,deflate,1,1,
zip,zip@2572288,skin/modern/messenger/icons/folder-draft-share-open.gif,2891911,438,448,deflate,1,1,
zip,zip@2572288,skin/modern/messenger/icons/folder-draft-share.gif,2892450,402,437,deflate,1,1,
zip,zip@2572288,skin/modern/messenger/icons/folder-draft.gif,2892947,386,425,deflate,1,1,
zip,zip@2572288,skin/modern/messenger/icons/folder-inbox-new.gif,2893432,405,434,deflate,1,1,
zip,zip@2572288,skin/modern/messenger/icons/folder-inbox-open.gif,2893937,354,406,deflate,1,1,
zip,zip@2572288,skin/modern/messenger/icons/folder-inbox-share-open.gif,2894397,378,422,deflate,1,1,
zip,zip@2572288,skin/modern/messenger/icons/folder-inbox-share.gif,2894876,258,271,deflate,1,1,
zip,zip@2572288,skin/modern/messenger/icons/folder-inbox.gif,2895229,354,406,deflate,1,1,
zip,zip@2572288,skin/modern/messenger/icons/folder-new-open.gif,2895681,448,448,stored,1,1,
zip,zip@2572288,skin/modern/messenger/icons/folder-new.gif,2896222,373,430,deflate,1,1,
zip,zip@2572288,skin/modern/messenger/icons/folder-newsgroup-new.gif,2896698,247,249,deflate,1,1,
zip,zip@2572288,skin/modern/messenger/icons/folder-newsgroup.gif,2897044,211,231,deflate,1,1,
zip,zip@2572288,skin/modern/messenger/icons/folder-open.gif,2897349,403,567,deflate,1,1,
zip,zip@2572288,skin/modern/messenger/icons/folder-outbox-open.gif,2897853,299,360,deflate,1,1,
zip,zip@2572288,skin/modern/messenger/icons/folder-outbox.gif,2898248,271,341,deflate,1,1,
zip,zip@2572288,skin/modern/messenger/icons/folder-sent-open.gif,2898618,412,435,deflate,1,1,
zip,zip@2572288,skin/modern/messenger/icons/folder-sent-share-open.gif,2899135,436,450,deflate,1,1,
zip,zip@2572288,skin/modern/messenger/icons/folder-sent-share.gif,2899671,364,431,deflate,1,1,
zip,zip@2572288,skin/modern/messenger/icons/folder-sent.gif,2900129,334,418,deflate,1,1,
zip,zip@2572288,skin/modern/messenger/icons/folder-share-open.gif,2900563,448,448,stored,1,1,
zip,zip@2572288,skin/modern/messenger/icons/folder-share.gif,2901106,359,422,deflate,1,1,
zip,zip@2572288,skin/modern/messenger/icons/folder-template-open.gif,2901568,369,414,deflate,1,1,
zip,zip@2572288,skin/modern/messenger/icons/folder-template-share-open.gif,2902046,384,428,deflate,1,1,
zip,zip@2572288,skin/modern/messenger/icons/folder-template-share.gif,2902534,312,313,deflate,1,1,
zip,zip@2572288,skin/modern/messenger/icons/folder-template.gif,2902944,291,298,deflate,1,1,
zip,zip@2572288,skin/modern/messenger/icons/folder-trash-open.gif,2903335,231,273,deflate,1,1,
zip,zip@2572288,skin/modern/messenger/icons/folder-trash-share-open.gif,2903672,255,289,deflate,1,1,
zip,zip@2572288,skin/modern/messenger/icons/folder-trash-share.gif,2904028,222,231,deflate,1,1,
zip,zip@2572288,skin/modern/messenger/icons/folder-trash.gif,2904345,201,216,deflate,1,1,
zip,zip@2572288,skin/modern/messenger/icons/layout1.gif,2904636,206,206,stored,1,1,
zip,zip@2572288,skin/modern/messenger/icons/layout2.gif,2904932,183,183,stored,1,1,
zip,zip@2572288,skin/modern/messenger/icons/local-mailhost.gif,2905212,155,158,deflate,1,1,
zip,zip@2572288,skin/modern/messenger/icons/mast-mail.gif,2905459,3415,3415,stored,1,1,
zip,zip@2572288,skin/modern/messenger/icons/message-mail-attach-offl.gif,2908981,276,286,deflate,1,1,
zip,zip@2572288,skin/modern/messenger/icons/message-mail-attach.gif,2909359,276,286,deflate,1,1,
zip,zip@2572288,skin/modern/messenger/icons/message-mail-delete-offl.gif,2909742,288,290,deflate,1,1,
zip,zip@2572288,skin/modern/messenger/icons/message-mail-imapdelete.gif,2910136,290,290,stored,1,1,
zip,zip@2572288,skin/modern/messenger/icons/message-mail-new-offl.gif,2910530,325,407,deflate,1,1,
zip,zip@2572288,skin/modern/messenger/icons/message-mail-new.gif,2910954,336,408,deflate,1,1,
zip,zip@2572288,skin/modern/messenger/icons/message-mail-offl.gif,2911390,272,278,deflate,1,1,
zip,zip@2572288,skin/modern/messenger/icons/message-mail.gif,2911757,277,277,stored,1,1,
zip,zip@2572288,skin/modern/messenger/icons/message-news.gif,2912129,189,190,deflate,1,1,
zip,zip@2572288,skin/modern/messenger/icons/message-news-attach.gif,2912420,209,226,deflate,1,1,
zip,zip@2572288,skin/modern/messenger/icons/message-news-attach-offl.gif,2912736,201,224,deflate,1,1,
zip,zip@2572288,skin/modern/messenger/icons/message-news-new.gif,2913036,232,235,deflate,1,1,
zip,zip@2572288,skin/modern/messenger/icons/message-news-new-attach.gif,2913374,239,239,stored,1,1,
zip,zip@2572288,skin/modern/messenger/icons/message-news-new-attach-off.gif,2913723,230,236,deflate,1,1,
zip,zip@2572288,skin/modern/messenger/icons/message-news-new-offl.gif,2914057,228,235,deflate,1,1,
zip,zip@2572288,skin/modern/messenger/icons/message-news-offl.gif,2914385,185,190,deflate,1,1,
zip,zip@2572288,skin/modern/messenger/icons/readcol-read.gif,2914665,74,82,deflate,1,1,
zip,zip@2572288,skin/modern/messenger/icons/readcol-unread.gif,2914836,95,97,deflate,1,1,
zip,zip@2572288,skin/modern/messenger/icons/server-local-new.gif,2915030,207,232,deflate,1,1,
zip,zip@2572288,skin/modern/messenger/icons/server-local.gif,2915332,158,159,deflate,1,1,
zip,zip@2572288,skin/modern/messenger/icons/server-mail-new.gif,2915588,286,352,deflate,1,1,
zip,zip@2572288,skin/modern/messenger/icons/server-mail.gif,2915968,238,323,deflate,1,1,
zip,zip@2572288,skin/modern/messenger/icons/server-news-lock.gif,2916305,209,234,deflate,1,1,
zip,zip@2572288,skin/modern/messenger/icons/server-news-new.gif,2916612,174,174,stored,1,1,
zip,zip@2572288,skin/modern/messenger/icons/server-news.gif,2916880,138,156,deflate,1,1,
zip,zip@2572288,skin/modern/messenger/icons/server-remote-lock.gif,2917119,272,354,deflate,1,1,
zip,zip@2572288,skin/modern/messenger/icons/thread-closed.gif,2917487,198,198,stored,1,1,
zip,zip@2572288,skin/modern/messenger/icons/thread-new-closed.gif,2917785,242,245,deflate,1,1,
zip,zip@2572288,skin/modern/messenger/icons/thread-new-open.gif,2918125,242,245,deflate,1,1,
zip,zip@2572288,skin/modern/messenger/icons/thread-open.gif,2918461,198,198,stored,1,1,
zip,zip@2572288,skin/modern/messenger/icons/threadcol-threaded.gif,2918760,124,124,stored,1,1,
zip,zip@2572288,skin/modern/messenger/icons/threadcol-unthreaded.gif,2918987,109,112,deflate,1,1,
zip,zip@2572288,skin/modern/messenger/icons/thread-closed-eye.gif,2919196,482,646,deflate,1,1,
zip,zip@2572288,skin/modern/messenger/icons/thread-closed-kill.gif,2919779,373,425,deflate,1,1,
zip,zip@2572288,skin/modern/messenger/icons/thread-closed-offl-eye.gif,2920257,483,646,deflate,1,1,
zip,zip@2572288,skin/modern/messenger/icons/thread-closed-offl-kill.gif,2920846,371,425,deflate,1,1,
zip,zip@2572288,skin/modern/messenger/icons/thread-new-closed-eye.gif,2921321,514,667,deflate,1,1,
zip,zip@2572288,skin/modern/messenger/icons/thread-new-closed-kill.gif,2921940,407,443,deflate,1,1,
zip,zip@2572288,skin/modern/messenger/icons/thread-new-closed-offl-eye.gif,2922456,509,667,deflate,1,1,
zip,zip@2572288,skin/modern/messenger/icons/thread-new-closed-offl-kill.gif,2923075,405,443,deflate,1,1,
zip,zip@2572288,skin/modern/messenger/icons/thread-new-open-eye.gif,2923582,514,667,deflate,1,1,
zip,zip@2572288,skin/modern/messenger/icons/thread-new-open-kill.gif,2924199,407,443,deflate,1,1,
zip,zip@2572288,skin/modern/messenger/icons/thread-new-open-offl-eye.gif,2924713,509,667,deflate,1,1,
zip,zip@2572288,skin/modern/messenger/icons/thread-new-open-offl-kill.gif,2925330,405,443,deflate,1,1,
zip,zip@2572288,skin/modern/messenger/icons/thread-open-eye.gif,2925833,482,646,deflate,1,1,
zip,zip@2572288,skin/modern/messenger/icons/thread-open-kill.gif,2926414,373,425,deflate,1,1,
zip,zip@2572288,skin/modern/messenger/icons/thread-open-offl-eye.gif,2926890,483,646,deflate,1,1,
zip,zip@2572288,skin/modern/messenger/icons/thread-open-offl-kill.gif,2927477,371,425,deflate,1,1,
zip,zip@2572288,skin/modern/messenger/icons/new-mail-alert.png,2927945,1990,1990,stored,1,1,
png-zlib,png@2927945,IDAT,2928039,1880,3045,deflate,1,1,
zip,zip@2572288,skin/modern/messenger/icons/btn1.gif,2930022,53609,53724,deflate,1,1,
zip,zip@2572288,skin/modern/messenger/messengercompose/messengercompose.css,2983741,1856,5990,deflate,1,1,
zip,zip@2572288,skin/modern/messenger/messengercompose/icons/mast-msgcomp.gif,2985709,4299,4398,deflate,1,1,
zip,zip@2572288,skin/modern/messenger/smime/msgReadSecurityInfo.css,2990110,1002,2299,deflate,1,1,
zip,zip@2572288,skin/modern/messenger/smime/msgCompSecurityInfo.css,2991214,906,2051,deflate,1,1,
zip,zip@2572288,skin/modern/messenger/smime/msgReadSMIMEOverlay.css,2992222,987,2707,deflate,1,1,
zip,zip@2572288,skin/modern/messenger/smime/msgCompSMIMEOverlay.css,2993311,1152,3246,deflate,1,1,
zip,zip@2572288,skin/modern/messenger/smime/msgHdrViewSMIMEOverlay.css,2994568,976,2675,deflate,1,1,
zip,zip@2572288,skin/modern/messenger/smime/icons/smbtn1.gif,2995639,24868,24980,deflate,1,1,
zip,zip@2572288,skin/modern/messenger/smime/icons/sbSignOk.gif,3020604,482,632,deflate,1,1,
zip,zip@2572288,skin/modern/messenger/smime/icons/sbSignUnknown.gif,3021188,470,585,deflate,1,1,
zip,zip@2572288,skin/modern/messenger/smime/icons/sbSignNotOk.gif,3021758,525,636,deflate,1,1,
zip,zip@2572288,skin/modern/messenger/smime/icons/sbCryptoOk.gif,3022382,498,617,deflate,1,1,
zip,zip@2572288,skin/modern/messenger/smime/icons/sbCryptoNotOk.gif,3022982,801,1094,deflate,1,1,
zip,zip@2572288,skin/modern/messenger/smime/icons/hdrSignOk.gif,3023881,1213,1225,deflate,1,1,
zip,zip@2572288,skin/modern/messenger/smime/icons/hdrSignUnknown.gif,3025197,911,1160,deflate,1,1,
zip,zip@2572288,skin/modern/messenger/smime/icons/hdrSignNotOk.gif,3026209,899,1161,deflate,1,1,
zip,zip@2572288,skin/modern/messenger/smime/icons/hdrCryptoOk.gif,3027208,1142,1196,deflate,1,1,
zip,zip@2572288,skin/modern/messenger/smime/icons/hdrCryptoNotOk.gif,3028453,1254,1254,stored,1,1,
zip,zip@2572288,skin/modern/navigator/contents.rdf,3029792,356,825,deflate,1,1,
zip,zip@2572288,skin/modern/navigator/navigatorBindings.xml,3030242,402,1854,deflate,1,1,
zip,zip@2572288,skin/modern/navigator/linkToolbar.css,3030732,1159,4217,deflate,1,1,
zip,zip@2572288,skin/modern/navigator/navigator.css,3031977,3034,12156,deflate,1,1,
zip,zip@2572288,skin/modern/navigator/pageInfo.css,3035096,970,2104,deflate,1,1,
zip,zip@2572288,skin/modern/navigator/btn1/first-dis.gif,3036157,83,83,stored,1,1,
zip,zip@2572288,skin/modern/navigator/btn1/first-hov.gif,3036331,73,73,stored,1,1,
zip,zip@2572288,skin/modern/navigator/btn1/first.gif,3036491,70,73,deflate,1,1,
zip,zip@2572288,skin/modern/navigator/btn1/last-dis.gif,3036651,82,82,stored,1,1,
zip,zip@2572288,skin/modern/navigator/btn1/last-hov.gif,3036823,73,73,stored,1,1,
zip,zip@2572288,skin/modern/navigator/btn1/last.gif,3036982,70,73,deflate,1,1,
zip,zip@2572288,skin/modern/navigator/btn1/next-dis.gif,3037142,74,74,stored,1,1,
zip,zip@2572288,skin/modern/navigator/btn1/next-hov.gif,3037306,67,67,stored,1,1,
zip,zip@2572288,skin/modern/navigator/btn1/next.gif,3037459,63,67,deflate,1,1,
zip,zip@2572288,skin/modern/navigator/btn1/previous-dis.gif,3037616,75,75,stored,1,1,
zip,zip@2572288,skin/modern/navigator/btn1/previous-hov.gif,3037785,67,67,stored,1,1,
zip,zip@2572288,skin/modern/navigator/btn1/previous.gif,3037942,64,67,deflate,1,1,
zip,zip@2572288,skin/modern/navigator/btn1/top-dis.gif,3038095,76,76,stored,1,1,
zip,zip@2572288,skin/modern/navigator/btn1/top-hov.gif,3038260,68,68,stored,1,1,
zip,zip@2572288,skin/modern/navigator/btn1/top.gif,3038413,65,68,deflate,1,1,
zip,zip@2572288,skin/modern/navigator/btn1/up-dis.gif,3038566,75,75,stored,1,1,
zip,zip@2572288,skin/modern/navigator/btn1/up-hov.gif,3038729,66,66,stored,1,1,
zip,zip@2572288,skin/modern/navigator/btn1/up.gif,3038879,63,66,deflate,1,1,
zip,zip@2572288,skin/modern/navigator/toolbar/ubhist-arrow-act.gif,3039043,59,67,deflate,1,1,
zip,zip@2572288,skin/modern/navigator/toolbar/ubhist-arrow.gif,3039199,59,67,deflate,1,1,
zip,zip@2572288,skin/modern/navigator/toolbar/urlbar-mid.gif,3039353,40,44,deflate,1,1,
zip,zip@2572288,skin/modern/navigator/icons/btn1.gif,3039480,16344,16614,deflate,1,1,
zip,zip@2572288,skin/modern/navigator/icons/btn1-small.gif,3055917,7337,7386,deflate,1,1,
zip,zip@2572288,skin/modern/communicator/help.css,3063338,1422,4241,deflate,1,1,
zip,zip@2572288,skin/modern/communicator/help/home.gif,3064849,2222,2222,stored,1,1,
zip,zip@2572288,skin/modern/communicator/help/home-act.gif,3067164,2230,2230,stored,1,1,
zip,zip@2572288,skin/modern/communicator/help/home-dis.gif,3069487,1821,1821,stored,1,1,
zip,zip@2572288,skin/modern/communicator/help/home-hov.gif,3071401,2222,2222,stored,1,1,
zip,zip@2572288,skin/modern/communicator/help/mast-help.gif,3073717,3908,3984,deflate,1,1,
zip,zip@3123712,locale/en-US/communicator-platform/contents.rdf,3123810,402,974,deflate,1,1,
zip,zip@3123712,locale/en-US/navigator-platform/contents.rdf,3124421,400,968,deflate,1,1,
zip,zip@3123712,locale/en-US/navigator-platform/platformNavigationBindings.dtd,3124934,54,75,deflate,1,1,
zip,zip@3123712,locale/en-US/navigator-platform/navigator.properties,3125091,134,173,deflate,1,1,
zip,zip@3123712,locale/en-US/communicator-platform/platformCommunicatorOverlay.dtd,3125342,191,424,deflate,1,1,
zip,zip@3123712,locale/en-US/global-platform/contents.rdf,3125625,368,862,deflate,1,1,
zip,zip@3123712,locale/en-US/global-platform/platformDialogOverlay.dtd,3126098,156,296,deflate,1,1,
zip,zip@3123712,locale/en-US/global-platform/platformKeys.properties,3126357,222,333,deflate,1,1,
zip,zip@3123712,locale/en-US/global-platform/wizard.properties,3126676,138,233,deflate,1,1,
zip,zip@3123712,locale/en-US/global-platform/printjoboptions.dtd,3126913,233,510,deflate,1,1,
zip,zip@3129344,locale/en-US/global-platform/accessible.properties,3129445,89,178,deflate,1,1,
zip,zip@3129344,locale/en-US/communicator-platform/contents.rdf,3129632,402,974,deflate,1,1,
zip,zip@3129344,locale/en-US/communicator-platform/pref/platformPrefOverlay.dtd,3130148,38,53,deflate,1,1,
zip,zip@3129344,locale/en-US/navigator-platform/contents.rdf,3130281,400,968,deflate,1,1,
zip,zip@3129344,locale/en-US/navigator-platform/navigator.properties,3130784,134,173,deflate,1,1,
zip,zip@3129344,locale/en-US/global-platform/contents.rdf,3131010,367,857,deflate,1,1,
zip,zip@3129344,locale/en-US/global-platform/platformDialogOverlay.dtd,3131482,155,294,deflate,1,1,
zip,zip@3129344,locale/en-US/global-platform/platformKeys.properties,3131740,222,333,deflate,1,1,
zip,zip@3129344,locale/en-US/global-platform/wizard.properties,3132059,138,233,deflate,1,1,
zip,zip@3135488,locale/en-US/navigator-platform/contents.rdf,3135583,400,968,deflate,1,1,
zip,zip@3135488,locale/en-US/navigator-platform/navigator.properties,3136086,134,173,deflate,1,1,
zip,zip@3135488,locale/en-US/global-platform/contents.rdf,3136312,367,857,deflate,1,1,
zip,zip@3135488,locale/en-US/global-platform/platformDialogOverlay.dtd,3136784,158,299,deflate,1,1,
zip,zip@3135488,locale/en-US/global-platform/platformKeys.properties,3137045,301,477,deflate,1,1,
zip,zip@3135488,locale/en-US/global-platform/wizard.properties,3137443,138,243,deflate,1,1,
zip,zip@3144704,content/content-packs/contents.rdf,3144789,379,920,deflate,1,1,
zip,zip@3144704,content/content-packs/prefOverlay.xul,3145256,285,514,deflate,1,1,
zip,zip@3144704,content/content-packs/pref-contentpacks.xul,3145635,2332,9613,deflate,1,1,
zip,zip@3172864,content/help/help.xul,3172936,2799,13942,deflate,1,1,
zip,zip@3172864,content/help/contextHelp.js,3175813,595,1304,deflate,1,1,
zip,zip@3172864,content/help/help.js,3176479,6565,22008,deflate,1,1,
zip,zip@3172864,content/help/contents.rdf,3183120,381,896,deflate,1,1,
zip,zip@3172864,content/help/helpMenuOverlay.xul,3183584,325,534,deflate,1,1,
zip,zip@3172864,content/help/test.xul,3183981,421,1100,deflate,1,1,
zip,zip@3192320,content/venkman/contents.rdf,3192399,1016,2404,deflate,1,1,
zip,zip@3192320,locale/en-US/venkman/contents.rdf,3193499,1021,2331,deflate,1,1,
zip,zip@3192320,skin/modern/venkman/contents.rdf,3194603,968,2212,deflate,1,1,
zip,zip@3192320,content/venkman/venkman.xul,3195649,1888,6721,deflate,1,1,
zip,zip@3192320,content/venkman/venkman-menus.xul,3197621,1743,5150,deflate,1,1,
zip,zip@3192320,content/venkman/venkman-menus.js,3199447,2173,8109,deflate,1,1,
zip,zip@3192320,content/venkman/venkman-scripts.xul,3201706,1130,3470,deflate,1,1,
zip,zip@3192320,content/venkman/venkman-utils.js,3202919,4318,14707,deflate,1,1,
zip,zip@3192320,content/venkman/venkman-dev.js,3207318,2374,8082,deflate,1,1,
zip,zip@3192320,content/venkman/venkman-handlers.js,3209778,4345,16147,deflate,1,1,
zip,zip@3192320,content/venkman/venkman-static.js,3214207,9245,34139,deflate,1,1,
zip,zip@3192320,content/venkman/venkman-debugger.js,3223538,6838,27433,deflate,1,1,
zip,zip@3192320,content/venkman/venkman-url-loader.js,3230464,1357,3387,deflate,1,1,
zip,zip@3192320,content/venkman/venkman-commands.js,3231907,7781,32894,deflate,1,1,
zip,zip@3192320,content/venkman/venkman-prefs.js,3239771,1701,5271,deflate,1,1,
zip,zip@3192320,content/venkman/venkman-eval.js,3241554,962,1952,deflate,1,1,
zip,zip@3192320,content/venkman/venkman-msg.js,3242597,3347,10968,deflate,1,1,
zip,zip@3192320,content/venkman/venkman-munger.js,3246028,1612,5457,deflate,1,1,
zip,zip@3192320,content/venkman/venkman-trees.js,3247723,11523,54355,deflate,1,1,
zip,zip@3192320,content/venkman/tree-utils.js,3259326,8861,37967,deflate,1,1,
zip,zip@3192320,content/venkman/file-utils.js,3268267,2576,9446,deflate,1,1,
zip,zip@3192320,content/venkman/html-consts.js,3270924,1377,3807,deflate,1,1,
zip,zip@3192320,content/venkman/command-manager.js,3272386,7538,29846,deflate,1,1,
zip,zip@3192320,content/venkman/tests/testpage.html,3280010,481,1157,deflate,1,1,
zip,zip@3192320,content/venkman/tests/tree.js,3280571,1640,4227,deflate,1,1,
zip,zip@3192320,content/venkman/tests/tree.xul,3282292,601,1354,deflate,1,1,
zip,zip@3192320,content/venkman/venkman-overlay.xul,3282979,1087,2337,deflate,1,1,
zip,zip@3192320,content/venkman/venkman-overlay.js,3284151,827,1636,deflate,1,1,
zip,zip@3192320,skin/modern/venkman/venkman.css,3285060,1951,11659,deflate,1,1,
zip,zip@3192320,locale/en-US/venkman/venkman.dtd,3287094,1238,3436,deflate,1,1,
zip,zip@3192320,locale/en-US/venkman/venkman.properties,3288422,6965,22308,deflate,1,1,
zip,zip@3192320,locale/en-US/venkman/venkman-overlay.dtd,3295478,766,1656,deflate,1,1,
zip,zip@3192320,content/venkman/venkman-output-window.html,3296337,225,327,deflate,1,1,
zip,zip@3192320,content/venkman/profile.html.tpl,3296645,997,3486,deflate,1,1,
zip,zip@3192320,skin/modern/venkman/images/stop.png,3297728,964,964,stored,1,1,
png-zlib,png@3297728,IDAT,3297843,833,4128,deflate,1,1,
zip,zip@3192320,skin/modern/venkman/images/stop-checked.png,3298786,1006,1006,stored,1,1,
png-zlib,png@3298786,IDAT,3298901,875,4128,deflate,1,1,
zip,zip@3192320,skin/modern/venkman/images/stop-checked-hov.png,3299890,2099,2099,stored,1,1,
png-zlib,png@3299890,IDAT,3300005,1968,4128,deflate,1,1,
zip,zip@3192320,skin/modern/venkman/images/stop-hov.png,3302079,2027,2027,stored,1,1,
png-zlib,png@3302079,IDAT,3302194,1896,4128,deflate,1,1,
zip,zip@3192320,skin/modern/venkman/images/stop-act.png,3304196,964,964,stored,1,1,
png-zlib,png@3304196,IDAT,3304311,833,4128,deflate,1,1,
zip,zip@3192320,skin/modern/venkman/images/stop-dis.png,3305250,882,882,stored,1,1,
png-zlib,png@3305250,IDAT,3305365,751,4128,deflate,1,1,
zip,zip@3192320,skin/modern/venkman/images/profile.png,3306221,1202,1202,stored,1,1,
png-zlib,png@3306221,IDAT,3306336,1071,4128,deflate,1,1,
zip,zip@3192320,skin/modern/venkman/images/profile-act.png,3307516,1202,1202,stored,1,1,
png-zlib,png@3307516,IDAT,3307631,1071,4128,deflate,1,1,
zip,zip@3192320,skin/modern/venkman/images/profile-checked.png,3308815,1691,1691,stored,1,1,
png-zlib,png@3308815,IDAT,3308930,1560,4128,deflate,1,1,
zip,zip@3192320,skin/modern/venkman/images/profile-hov.png,3310599,1940,1940,stored,1,1,
png-zlib,png@3310599,IDAT,3310714,1809,4128,deflate,1,1,
zip,zip@3192320,skin/modern/venkman/images/profile-checked-hov.png,3312640,2314,2314,stored,1,1,
png-zlib,png@3312640,IDAT,3312755,2183,4128,deflate,1,1,
zip,zip@3192320,skin/modern/venkman/images/prettyprint.png,3315047,1445,1445,stored,1,1,
png-zlib,png@3315047,IDAT,3315162,1314,4128,deflate,1,1,
zip,zip@3192320,skin/modern/venkman/images/prettyprint-act.png,3316589,1445,1445,stored,1,1,
png-zlib,png@3316589,IDAT,3316704,1314,4128,deflate,1,1,
zip,zip@3192320,skin/modern/venkman/images/prettyprint-checked.png,3318135,1857,1857,stored,1,1,
png-zlib,png@3318135,IDAT,3318250,1726,4128,deflate,1,1,
zip,zip@3192320,skin/modern/venkman/images/prettyprint-hov.png,3320089,2327,2327,stored,1,1,
png-zlib,png@3320089,IDAT,3320204,2196,4128,deflate,1,1,
zip,zip@3192320,skin/modern/venkman/images/prettyprint-checked-hov.png,3322521,2553,2553,stored,1,1,
png-zlib,png@3322521,IDAT,3322636,2422,4128,deflate,1,1,
zip,zip@3192320,skin/modern/venkman/images/cont.png,3325160,661,661,stored,1,1,
png-zlib,png@3325160,IDAT,3325275,530,4128,deflate,1,1,
zip,zip@3192320,skin/modern/venkman/images/cont-hov.png,3325911,1273,1273,stored,1,1,
png-zlib,png@3325911,IDAT,3326026,1142,4128,deflate,1,1,
zip,zip@3192320,skin/modern/venkman/images/cont-act.png,3327274,661,661,stored,1,1,
png-zlib,png@3327274,IDAT,3327389,530,4128,deflate,1,1,
zip,zip@3192320,skin/modern/venkman/images/cont-dis.png,3328025,582,582,stored,1,1,
png-zlib,png@3328025,IDAT,3328140,451,4128,deflate,1,1,
zip,zip@3192320,skin/modern/venkman/images/step-into.png,3328698,862,862,stored,1,1,
png-zlib,png@3328698,IDAT,3328813,731,4128,deflate,1,1,
zip,zip@3192320,skin/modern/venkman/images/step-into-hov.png,3329655,1890,1890,stored,1,1,
png-zlib,png@3329655,IDAT,3329770,1759,4128,deflate,1,1,
zip,zip@3192320,skin/modern/venkman/images/step-into-act.png,3331640,862,862,stored,1,1,
png-zlib,png@3331640,IDAT,3331755,731,4128,deflate,1,1,
zip,zip@3192320,skin/modern/venkman/images/step-into-dis.png,3332597,963,963,stored,1,1,
png-zlib,png@3332597,IDAT,3332712,832,4128,deflate,1,1,
zip,zip@3192320,skin/modern/venkman/images/step-over.png,3333651,863,863,stored,1,1,
png-zlib,png@3333651,IDAT,3333766,732,4128,deflate,1,1,
zip,zip@3192320,skin/modern/venkman/images/step-over-hov.png,3334609,1768,1768,stored,1,1,
png-zlib,png@3334609,IDAT,3334724,1637,4128,deflate,1,1,
zip,zip@3192320,skin/modern/venkman/images/step-over-act.png,3336472,863,863,stored,1,1,
png-zlib,png@3336472,IDAT,3336587,732,4128,deflate,1,1,
zip,zip@3192320,skin/modern/venkman/images/step-over-dis.png,3337430,906,906,stored,1,1,
png-zlib,png@3337430,IDAT,3337545,775,4128,deflate,1,1,
zip,zip@3192320,skin/modern/venkman/images/step-out.png,3338426,823,823,stored,1,1,
png-zlib,png@3338426,IDAT,3338541,692,4128,deflate,1,1,
zip,zip@3192320,skin/modern/venkman/images/step-out-hov.png,3339343,1915,1915,stored,1,1,
png-zlib,png@3339343,IDAT,3339458,1784,4128,deflate,1,1,
zip,zip@3192320,skin/modern/venkman/images/step-out-act.png,3341352,818,818,stored,1,1,
png-zlib,png@3341352,IDAT,3341467,687,4128,deflate,1,1,
zip,zip@3192320,skin/modern/venkman/images/step-out-dis.png,3342264,928,928,stored,1,1,
png-zlib,png@3342264,IDAT,3342379,797,4128,deflate,1,1,
zip,zip@3192320,skin/modern/venkman/images/breakpoint-line.gif,3343289,99,110,deflate,1,1,
zip,zip@3192320,skin/modern/venkman/images/breakpoint-future-line.gif,3343492,136,158,deflate,1,1,
zip,zip@3192320,skin/modern/venkman/images/code-line.gif,3343719,69,73,deflate,1,1,
zip,zip@3192320,skin/modern/venkman/images/code-line-dis.gif,3343883,70,73,deflate,1,1,
zip,zip@3192320,skin/modern/venkman/images/proj-blacklist.png,3344049,231,236,deflate,1,1,
zip,zip@3192320,skin/modern/venkman/images/proj-bl-item.png,3344374,400,400,stored,1,1,
png-zlib,png@3344374,IDAT,3344489,269,1040,deflate,1,1,
zip,zip@3192320,skin/modern/venkman/images/proj-windows.png,3344868,516,516,stored,1,1,
png-zlib,png@3344868,IDAT,3344983,385,1040,deflate,1,1,
zip,zip@3192320,skin/modern/venkman/images/proj-window.png,3345477,226,239,deflate,1,1,
zip,zip@3192320,skin/modern/venkman/images/proj-files.png,3345795,422,422,stored,1,1,
png-zlib,png@3345795,IDAT,3345910,291,1040,deflate,1,1,
zip,zip@3192320,skin/modern/venkman/images/proj-breakpoints.png,3346315,297,306,deflate,1,1,
zip,zip@3192320,skin/modern/venkman/images/proj-breakpoint.png,3346709,189,204,deflate,1,1,
zip,zip@3192320,skin/modern/venkman/images/file-function.png,3346993,173,187,deflate,1,1,
zip,zip@3192320,skin/modern/venkman/images/file-function-bp.png,3347264,220,231,deflate,1,1,
zip,zip@3192320,skin/modern/venkman/images/file-function-guess.png,3347585,261,266,deflate,1,1,
zip,zip@3192320,skin/modern/venkman/images/file-function-guess-bp.png,3347950,290,294,deflate,1,1,
zip,zip@3192320,skin/modern/venkman/images/file-unknown.png,3348334,268,275,deflate,1,1,
zip,zip@3192320,skin/modern/venkman/images/file-js.png,3348691,234,247,deflate,1,1,
zip,zip@3192320,skin/modern/venkman/images/file-html.png,3349016,220,233,deflate,1,1,
zip,zip@3192320,skin/modern/venkman/images/file-xul.png,3349326,270,276,deflate,1,1,
zip,zip@3192320,skin/modern/venkman/images/file-xml.png,3349686,279,285,deflate,1,1,
zip,zip@3192320,skin/modern/venkman/images/file-unknown-bp.png,3350062,316,321,deflate,1,1,
zip,zip@3192320,skin/modern/venkman/images/file-js-bp.png,3350470,319,327,deflate,1,1,
zip,zip@3192320,skin/modern/venkman/images/file-html-bp.png,3350883,310,314,deflate,1,1,
zip,zip@3192320,skin/modern/venkman/images/file-xul-bp.png,3351286,328,332,deflate,1,1,
zip,zip@3192320,skin/modern/venkman/images/file-xml-bp.png,3351707,331,333,deflate,1,1,
zip,zip@3192320,skin/modern/venkman/images/watch-stack.png,3352131,492,492,stored,1,1,
png-zlib,png@3352131,IDAT,3352246,361,1040,deflate,1,1,
zip,zip@3192320,skin/modern/venkman/images/watch-frame.png,3352716,381,381,stored,1,1,
png-zlib,png@3352716,IDAT,3352831,250,1040,deflate,1,1,
zip,zip@3192320,skin/modern/venkman/images/watch-void.png,3353189,390,390,stored,1,1,
png-zlib,png@3353189,IDAT,3353300,263,528,deflate,1,1,
zip,zip@3192320,skin/modern/venkman/images/watch-null.png,3353671,445,445,stored,1,1,
png-zlib,png@3353671,IDAT,3353782,318,528,deflate,1,1,
zip,zip@3192320,skin/modern/venkman/images/watch-bool.png,3354208,406,406,stored,1,1,
png-zlib,png@3354208,IDAT,3354319,279,528,deflate,1,1,
zip,zip@3192320,skin/modern/venkman/images/watch-int.png,3354705,320,321,deflate,1,1,
zip,zip@3192320,skin/modern/venkman/images/watch-double.png,3355119,362,362,stored,1,1,
png-zlib,png@3355119,IDAT,3355230,235,528,deflate,1,1,
zip,zip@3192320,skin/modern/venkman/images/watch-string.png,3355575,340,341,deflate,1,1,
zip,zip@3192320,skin/modern/venkman/images/watch-function.png,3356011,358,358,stored,1,1,
png-zlib,png@3356011,IDAT,3356122,231,528,deflate,1,1,
zip,zip@3192320,skin/modern/venkman/images/watch-object.png,3356463,350,356,deflate,1,1,
zip,zip@3192320,skin/modern/venkman/venkman-output-default.css,3356910,655,2232,deflate,1,1,
zip,zip@3369984,content/inspector/contents.rdf,3370065,519,2237,deflate,1,1,
zip,zip@3369984,content/inspector/inspector.xul,3370666,642,1881,deflate,1,1,
zip,zip@3369984,content/inspector/inspector.js,3371389,4464,15051,deflate,1,1,
zip,zip@3369984,content/inspector/inspector.css,3375935,1099,2584,deflate,1,1,
zip,zip@3369984,content/inspector/inspector.xml,3377116,5443,28715,deflate,1,1,
zip,zip@3369984,content/inspector/sidebar.xul,3382639,674,2086,deflate,1,1,
zip,zip@3369984,content/inspector/sidebar.js,3383392,1396,3871,deflate,1,1,
zip,zip@3369984,content/inspector/object.xul,3384867,588,1803,deflate,1,1,
zip,zip@3369984,content/inspector/object.js,3385533,1356,3736,deflate,1,1,
zip,zip@3369984,content/inspector/inspectorOverlay.xul,3386978,874,3343,deflate,1,1,
zip,zip@3369984,content/inspector/toolboxOverlay.xul,3387939,659,1745,deflate,1,1,
zip,zip@3369984,content/inspector/commandOverlay.xul,3388685,559,2256,deflate,1,1,
zip,zip@3369984,content/inspector/keysetOverlay.xul,3389330,237,365,deflate,1,1,
zip,zip@3369984,content/inspector/popupOverlay.xul,3389652,914,3246,deflate,1,1,
zip,zip@3369984,content/inspector/statusbarOverlay.xul,3390655,217,406,deflate,1,1,
zip,zip@3369984,content/inspector/tasksOverlay.xul,3390957,409,851,deflate,1,1,
zip,zip@3369984,content/inspector/editingOverlay.xul,3391453,616,2686,deflate,1,1,
zip,zip@3369984,content/inspector/utilWindow.xul,3392152,266,513,deflate,1,1,
zip,zip@3369984,content/inspector/Flasher.js,3392497,1794,5267,deflate,1,1,
zip,zip@3369984,content/inspector/ViewerRegistry.js,3394377,2510,8050,deflate,1,1,
zip,zip@3369984,content/inspector/utils.js,3396964,2101,5858,deflate,1,1,
zip,zip@3369984,content/inspector/hooks.js,3399142,942,2303,deflate,1,1,
zip,zip@3369984,content/inspector/util.dtd,3400161,89,109,deflate,1,1,
zip,zip@3369984,content/inspector/extensions/titledSplitter.css,3400348,880,1911,deflate,1,1,
zip,zip@3369984,content/inspector/extensions/titledSplitter.xml,3401326,791,2698,deflate,1,1,
zip,zip@3369984,content/inspector/extensions/treeEditable.css,3402213,931,2057,deflate,1,1,
zip,zip@3369984,content/inspector/extensions/treeEditable.xml,3403240,1555,5891,deflate,1,1,
zip,zip@3369984,content/inspector/extensions/multipanel.css,3404889,932,2156,deflate,1,1,
zip,zip@3369984,content/inspector/extensions/multipanel.xml,3405915,694,2111,deflate,1,1,
zip,zip@3369984,content/inspector/extensions/wsm-colorpicker.js,3406707,1225,3158,deflate,1,1,
zip,zip@3369984,content/inspector/jsutil/rdf/RDFArray.js,3408023,1919,5591,deflate,1,1,
zip,zip@3369984,content/inspector/jsutil/rdf/RDFU.js,3410029,1771,4850,deflate,1,1,
zip,zip@3369984,content/inspector/jsutil/system/DiskSearch.js,3411896,1508,3642,deflate,1,1,
zip,zip@3369984,content/inspector/jsutil/system/FilePickerUtils.js,3413505,1479,4189,deflate,1,1,
zip,zip@3369984,content/inspector/jsutil/system/PrefUtils.js,3415079,1433,4350,deflate,1,1,
zip,zip@3369984,content/inspector/jsutil/system/file.js,3416602,4052,18580,deflate,1,1,
zip,zip@3369984,content/inspector/jsutil/xpcom/XPCU.js,3420743,1028,2515,deflate,1,1,
zip,zip@3369984,content/inspector/jsutil/xul/DNDUtils.js,3421862,1574,4455,deflate,1,1,
zip,zip@3369984,content/inspector/jsutil/xul/FrameExchange.js,3423532,1047,2483,deflate,1,1,
zip,zip@3369984,content/inspector/jsutil/xul/inFormManager.js,3424675,1402,4102,deflate,1,1,
zip,zip@3369984,content/inspector/jsutil/xul/inTreeBuilder.js,3426173,5133,19405,deflate,1,1,
zip,zip@3369984,content/inspector/jsutil/xul/inBaseTreeView.js,3431403,1365,3632,deflate,1,1,
zip,zip@3369984,content/inspector/jsutil/events/ObserverManager.js,3432869,1183,3249,deflate,1,1,
zip,zip@3369984,content/inspector/prefs/pref-inspector.xul,3434145,1271,4528,deflate,1,1,
zip,zip@3369984,content/inspector/prefs/prefsOverlay.xul,3435507,274,487,deflate,1,1,
zip,zip@3369984,content/inspector/prefs/pref-sidebar.js,3435871,2058,5790,deflate,1,1,
zip,zip@3369984,content/inspector/search/inSearchModule.js,3438022,4094,15178,deflate,1,1,
zip,zip@3369984,content/inspector/search/inSearchService.js,3442210,3523,11649,deflate,1,1,
zip,zip@3369984,content/inspector/search/inSearchTreeBuilder.js,3445831,1559,4395,deflate,1,1,
zip,zip@3369984,content/inspector/search/inSearchUtils.js,3447482,1475,3990,deflate,1,1,
zip,zip@3369984,content/inspector/search/modules/commandOverlay.xul,3449059,326,712,deflate,1,1,
zip,zip@3369984,content/inspector/search/modules/popupOverlay.xul,3449485,386,782,deflate,1,1,
zip,zip@3369984,content/inspector/search/modules/findFiles/dialog.js,3449974,445,1248,deflate,1,1,
zip,zip@3369984,content/inspector/search/modules/findFiles/dialog.xul,3450523,570,1418,deflate,1,1,
zip,zip@3369984,content/inspector/search/modules/findFiles/findFiles.xml,3451200,923,3052,deflate,1,1,
zip,zip@3369984,content/inspector/search/modules/junkImgs/dialog.js,3452225,445,1243,deflate,1,1,
zip,zip@3369984,content/inspector/search/modules/junkImgs/dialog.xul,3452773,626,1496,deflate,1,1,
zip,zip@3369984,content/inspector/search/modules/junkImgs/junkImgs.xml,3453504,1514,5091,deflate,1,1,
zip,zip@3369984,content/inspector/tests/allskin.xul,3455104,727,4968,deflate,1,1,
zip,zip@3369984,content/inspector/viewers/computedStyle/computedStyle.js,3455938,1749,4972,deflate,1,1,
zip,zip@3369984,content/inspector/viewers/computedStyle/computedStyle.xul,3457795,483,1219,deflate,1,1,
zip,zip@3369984,content/inspector/viewers/dom/FindDialog.js,3458372,1657,5058,deflate,1,1,
zip,zip@3369984,content/inspector/viewers/dom/columnsDialog.js,3460126,2318,6872,deflate,1,1,
zip,zip@3369984,content/inspector/viewers/dom/columnsDialog.xul,3462542,422,1122,deflate,1,1,
zip,zip@3369984,content/inspector/viewers/dom/commandOverlay.xul,3463063,377,1151,deflate,1,1,
zip,zip@3369984,content/inspector/viewers/dom/findDialog.xul,3463535,738,2242,deflate,1,1,
zip,zip@3369984,content/inspector/viewers/dom/keysetOverlay.xul,3464371,284,448,deflate,1,1,
zip,zip@3369984,content/inspector/viewers/dom/popupOverlay.xul,3464752,590,2261,deflate,1,1,
zip,zip@3369984,content/inspector/viewers/dom/dom.xul,3465430,1069,4291,deflate,1,1,
zip,zip@3369984,content/inspector/viewers/dom/dom.js,3466586,6473,25879,deflate,1,1,
zip,zip@3369984,content/inspector/viewers/dom/pseudoClassDialog.js,3473160,1377,3574,deflate,1,1,
zip,zip@3369984,content/inspector/viewers/dom/pseudoClassDialog.xul,3474639,535,1245,deflate,1,1,
zip,zip@3369984,content/inspector/viewers/boxModel/boxModel.js,3475271,4571,19645,deflate,1,1,
zip,zip@3369984,content/inspector/viewers/boxModel/boxModel.xul,3479940,1145,4223,deflate,1,1,
zip,zip@3369984,content/inspector/viewers/boxModel/colorPicker.xul,3481186,686,1718,deflate,1,1,
zip,zip@3369984,content/inspector/viewers/jsObject/jsObject.js,3481969,2684,8016,deflate,1,1,
zip,zip@3369984,content/inspector/viewers/jsObject/jsObject.xul,3484751,634,1766,deflate,1,1,
zip,zip@3369984,content/inspector/viewers/jsObject/evalExprDialog.js,3485488,1191,3055,deflate,1,1,
zip,zip@3369984,content/inspector/viewers/jsObject/evalExprDialog.xul,3486783,685,1464,deflate,1,1,
zip,zip@3369984,content/inspector/viewers/jsObject/jsObjectView.js,3487569,1485,4466,deflate,1,1,
zip,zip@3369984,content/inspector/viewers/domNode/domNode.js,3489149,2786,10710,deflate,1,1,
zip,zip@3369984,content/inspector/viewers/domNode/domNode.xul,3492031,893,2848,deflate,1,1,
zip,zip@3369984,content/inspector/viewers/styleRules/commandOverlay.xul,3493030,207,296,deflate,1,1,
zip,zip@3369984,content/inspector/viewers/styleRules/keysetOverlay.xul,3493342,284,448,deflate,1,1,
zip,zip@3369984,content/inspector/viewers/styleRules/popupOverlay.xul,3493730,233,371,deflate,1,1,
zip,zip@3369984,content/inspector/viewers/styleRules/styleRules.js,3494064,3590,12104,deflate,1,1,
zip,zip@3369984,content/inspector/viewers/styleRules/styleRules.xul,3497756,882,3262,deflate,1,1,
zip,zip@3369984,content/inspector/viewers/stylesheets/stylesheets.js,3498741,2310,7960,deflate,1,1,
zip,zip@3369984,content/inspector/viewers/stylesheets/stylesheets.xul,3501155,508,1206,deflate,1,1,
zip,zip@3369984,content/inspector/viewers/xblBindings/xblBindings.js,3501766,3976,15678,deflate,1,1,
zip,zip@3369984,content/inspector/viewers/xblBindings/xblBindings.xul,3505846,996,3752,deflate,1,1,
zip,zip@3369984,locale/en-US/inspector/contents.rdf,3506928,312,728,deflate,1,1,
zip,zip@3369984,locale/en-US/inspector/inspector.dtd,3507327,555,2019,deflate,1,1,
zip,zip@3369984,locale/en-US/inspector/prefs.dtd,3507965,50,76,deflate,1,1,
zip,zip@3369984,locale/en-US/inspector/editing.dtd,3508100,153,564,deflate,1,1,
zip,zip@3369984,locale/en-US/inspector/tasksOverlay.dtd,3508343,98,228,deflate,1,1,
zip,zip@3369984,locale/en-US/inspector/search/findFiles.dtd,3508535,102,172,deflate,1,1,
zip,zip@3369984,locale/en-US/inspector/search/junkImgs.dtd,3508730,209,311,deflate,1,1,
zip,zip@3369984,locale/en-US/inspector/viewers/dom.dtd,3509028,401,1331,deflate,1,1,
zip,zip@3369984,locale/en-US/inspector/viewers/domNode.dtd,3509522,1,1,stored,1,1,
zip,zip@3369984,locale/en-US/inspector/viewers/styleRules.dtd,3509619,61,107,deflate,1,1,
zip,zip@3369984,skin/classic/inspector/contents.rdf,3509766,313,728,deflate,1,1,
zip,zip@3369984,skin/classic/inspector/btnFind.gif,3510164,97,98,deflate,1,1,
zip,zip@3369984,skin/classic/inspector/btnFind-dis.gif,3510350,98,98,stored,1,1,
zip,zip@3369984,skin/classic/inspector/btnSelecting.gif,3510538,286,286,stored,1,1,
zip,zip@3369984,skin/classic/inspector/btnSelecting-act.gif,3510918,279,287,deflate,1,1,
zip,zip@3369984,skin/classic/inspector/btnSelecting-dis.gif,3511291,264,279,deflate,1,1,
zip,zip@3369984,skin/classic/inspector/ImageSearchItem.gif,3511648,118,122,deflate,1,1,
zip,zip@3369984,skin/classic/inspector/iconImportant.gif,3511857,64,65,deflate,1,1,
zip,zip@3369984,skin/classic/inspector/iconViewerList.gif,3512013,118,137,deflate,1,1,
zip,zip@3369984,skin/classic/inspector/iconViewerMenu-dis.gif,3512227,65,65,stored,1,1,
zip,zip@3369984,skin/classic/inspector/iconViewerMenu.gif,3512384,51,58,deflate,1,1,
zip,zip@3369984,skin/classic/inspector/inspector.css,3512522,836,1862,deflate,1,1,
zip,zip@3369984,skin/classic/inspector/inspectorWindow.css,3513451,1024,2510,deflate,1,1,
zip,zip@3369984,skin/classic/inspector/titledSplitter.css,3514567,1134,2662,deflate,1,1,
zip,zip@3369984,skin/classic/inspector/titledsplitter-close.gif,3515799,54,58,deflate,1,1,
zip,zip@3369984,skin/classic/inspector/treeEditable.css,3515943,867,1956,deflate,1,1,
zip,zip@3369984,skin/classic/inspector/panelset.css,3516896,1071,2819,deflate,1,1,
zip,zip@3369984,skin/classic/inspector/sidebar.css,3518052,846,1831,deflate,1,1,
zip,zip@3369984,skin/classic/inspector/multipanel.css,3518986,953,2093,deflate,1,1,
zip,zip@3369984,skin/classic/inspector/iconViewerList-dis.gif,3520035,90,90,stored,1,1,
zip,zip@3369984,skin/classic/inspector/viewers/boxModel/boxModel.css,3520228,1151,2812,deflate,1,1,
zip,zip@3369984,skin/classic/inspector/viewers/dom/columnsDialog.css,3521482,983,2134,deflate,1,1,
zip,zip@3369984,skin/classic/inspector/viewers/dom/dom.css,3522558,1058,2558,deflate,1,1,
zip,zip@3369984,skin/classic/inspector/viewers/dom/findDialog.css,3523716,822,1801,deflate,1,1,
zip,zip@3369984,skin/classic/inspector/viewers/domNode/domNode.css,3524639,844,1872,deflate,1,1,
zip,zip@3369984,skin/classic/inspector/viewers/styleRules/styleRules.css,3525590,965,2180,deflate,1,1,
zip,zip@3369984,skin/classic/inspector/viewers/xblBindings/xblBindings.css,3526664,838,1862,deflate,1,1,
zip,zip@3369984,skin/modern/inspector/contents.rdf,3527587,311,723,deflate,1,1,
zip,zip@3369984,skin/modern/inspector/btnFind.gif,3527982,97,98,deflate,1,1,
zip,zip@3369984,skin/modern/inspector/btnFind-dis.gif,3528167,98,98,stored,1,1,
zip,zip@3369984,skin/modern/inspector/btnSelecting.gif,3528354,286,286,stored,1,1,
zip,zip@3369984,skin/modern/inspector/btnSelecting-act.gif,3528733,279,287,deflate,1,1,
zip,zip@3369984,skin/modern/inspector/btnSelecting-dis.gif,3529105,264,279,deflate,1,1,
zip,zip@3369984,skin/modern/inspector/ImageSearchItem.gif,3529461,118,122,deflate,1,1,
zip,zip@3369984,skin/modern/inspector/iconImportant.gif,3529669,64,65,deflate,1,1,
zip,zip@3369984,skin/modern/inspector/iconViewerMenu-dis.gif,3529828,65,65,stored,1,1,
zip,zip@3369984,skin/modern/inspector/inspector.css,3529979,835,1861,deflate,1,1,
zip,zip@3369984,skin/modern/inspector/inspectorWindow.css,3530906,1035,2528,deflate,1,1,
zip,zip@3369984,skin/modern/inspector/titledSplitter.css,3532032,1156,2638,deflate,1,1,
zip,zip@3369984,skin/modern/inspector/titledsplitter-close.gif,3533285,54,58,deflate,1,1,
zip,zip@3369984,skin/modern/inspector/treeEditable.css,3533428,867,1956,deflate,1,1,
zip,zip@3369984,skin/modern/inspector/panelset.css,3534380,1013,2435,deflate,1,1,
zip,zip@3369984,skin/modern/inspector/sidebar.css,3535477,846,1831,deflate,1,1,
zip,zip@3369984,skin/modern/inspector/multipanel.css,3536410,978,2182,deflate,1,1,
zip,zip@3369984,skin/modern/inspector/iconViewerMenu.gif,3537479,51,58,deflate,1,1,
zip,zip@3369984,skin/modern/inspector/iconViewerList.gif,3537621,110,113,deflate,1,1,
zip,zip@3369984,skin/modern/inspector/iconViewerList-dis.gif,3537826,122,141,deflate,1,1,
zip,zip@3369984,skin/modern/inspector/viewers/boxModel/boxModel.css,3538050,1151,2809,deflate,1,1,
zip,zip@3369984,skin/modern/inspector/viewers/dom/columnsDialog.css,3539303,981,2120,deflate,1,1,
zip,zip@3369984,skin/modern/inspector/viewers/dom/dom.css,3540376,1060,2560,deflate,1,1,
zip,zip@3369984,skin/modern/inspector/viewers/dom/findDialog.css,3541535,822,1801,deflate,1,1,
zip,zip@3369984,skin/modern/inspector/viewers/domNode/domNode.css,3542457,844,1872,deflate,1,1,
zip,zip@3369984,skin/modern/inspector/viewers/styleRules/styleRules.css,3543407,965,2180,deflate,1,1,
zip,zip@3369984,skin/modern/inspector/viewers/xblBindings/xblBindings.css,3544480,838,1861,deflate,1,1,
zip,zip@3563520,content/chatzilla/contents.rdf,3563601,344,858,deflate,1,1,
zip,zip@3563520,locale/en-US/chatzilla/contents.rdf,3564031,347,789,deflate,1,1,
zip,zip@3563520,skin/modern/chatzilla/contents.rdf,3564463,321,729,deflate,1,1,
zip,zip@3563520,content/chatzilla/lib/js/utils.js,3564868,4525,14274,deflate,1,1,
zip,zip@3563520,content/chatzilla/lib/js/events.js,3569478,1893,5680,deflate,1,1,
zip,zip@3563520,content/chatzilla/lib/js/connection-xpcom.js,3571466,2649,8710,deflate,1,1,
zip,zip@3563520,content/chatzilla/lib/js/command-manager.js,3574209,967,2220,deflate,1,1,
zip,zip@3563520,content/chatzilla/lib/js/irc.js,3575258,10651,52428,deflate,1,1,
zip,zip@3563520,content/chatzilla/lib/js/irc-debug.js,3585997,1168,3050,deflate,1,1,
zip,zip@3563520,content/chatzilla/lib/xul/munger.js,3587251,1673,6913,deflate,1,1,
zip,zip@3563520,content/chatzilla/chatzilla.xul,3589006,2343,8092,deflate,1,1,
zip,zip@3563520,content/chatzilla/scripts.xul,3591429,1048,3088,deflate,1,1,
zip,zip@3563520,content/chatzilla/menus.xul,3592555,2652,11308,deflate,1,1,
zip,zip@3563520,content/chatzilla/popups.xul,3595286,2002,7506,deflate,1,1,
zip,zip@3563520,content/chatzilla/outputwindow.html,3597374,357,647,deflate,1,1,
zip,zip@3563520,content/chatzilla/commands.js,3597811,1109,3175,deflate,1,1,
zip,zip@3563520,content/chatzilla/handlers.js,3599000,17095,86259,deflate,1,1,
zip,zip@3563520,content/chatzilla/readprefs.js,3616176,2851,11342,deflate,1,1,
zip,zip@3563520,content/chatzilla/static.js,3619105,20711,87181,deflate,1,1,
zip,zip@3563520,content/chatzilla/rdf.js,3639891,1824,6107,deflate,1,1,
zip,zip@3563520,content/chatzilla/dynamic.css,3641795,61,64,deflate,1,1,
zip,zip@3563520,content/chatzilla/output-base.css,3641940,4291,15029,deflate,1,1,
zip,zip@3563520,content/chatzilla/chatzillaOverlay.xul,3646320,553,1155,deflate,1,1,
zip,zip@3563520,content/chatzilla/chatzillaOverlay.js,3646961,93,107,deflate,1,1,
zip,zip@3563520,skin/modern/chatzilla/chatzilla.css,3647140,1150,2801,deflate,1,1,
zip,zip@3563520,skin/modern/chatzilla/chatzillaOverlay.css,3648383,847,1896,deflate,1,1,
zip,zip@3563520,skin/modern/chatzilla/output-default.css,3649321,931,2176,deflate,1,1,
zip,zip@3563520,skin/modern/chatzilla/output-light.css,3650341,1554,4796,deflate,1,1,
zip,zip@3563520,skin/modern/chatzilla/output-dark.css,3651983,1414,4366,deflate,1,1,
zip,zip@3563520,skin/modern/chatzilla/images/face-ear.gif,3653489,112,117,deflate,1,1,
zip,zip@3563520,skin/modern/chatzilla/images/face-frown.gif,3653695,150,151,deflate,1,1,
zip,zip@3563520,skin/modern/chatzilla/images/face-tongue.gif,3653940,150,151,deflate,1,1,
zip,zip@3563520,skin/modern/chatzilla/images/face-angry.gif,3654184,149,150,deflate,1,1,
zip,zip@3563520,skin/modern/chatzilla/images/face-screw.gif,3654427,149,150,deflate,1,1,
zip,zip@3563520,skin/modern/chatzilla/images/face-wink.gif,3654669,153,155,deflate,1,1,
zip,zip@3563520,skin/modern/chatzilla/images/face-cry.gif,3654914,152,153,deflate,1,1,
zip,zip@3563520,skin/modern/chatzilla/images/face-smile.gif,3655160,149,150,deflate,1,1,
zip,zip@3563520,skin/modern/chatzilla/images/face-dunno.gif,3655403,110,115,deflate,1,1,
zip,zip@3563520,skin/modern/chatzilla/images/face-surprise.gif,3655610,149,151,deflate,1,1,
zip,zip@3563520,skin/modern/chatzilla/images/is-op.gif,3655848,101,106,deflate,1,1,
zip,zip@3563520,skin/modern/chatzilla/images/isnt-op.gif,3656040,102,107,deflate,1,1,
zip,zip@3563520,skin/modern/chatzilla/images/is-voice.gif,3656234,102,106,deflate,1,1,
zip,zip@3563520,skin/modern/chatzilla/images/isnt-voice.gif,3656430,96,104,deflate,1,1,
zip,zip@3563520,skin/modern/chatzilla/images/taskbar-irc.gif,3656621,186,214,deflate,1,1,
zip,zip@3563520,skin/modern/chatzilla/images/chatzilla-16.gif,3656903,196,224,deflate,1,1,
zip,zip@3563520,locale/en-US/chatzilla/chatzillaOverlay.dtd,3657193,68,104,deflate,1,1,
zip,zip@3563520,locale/en-US/chatzilla/chatzilla.dtd,3657348,973,3994,deflate,1,1,
zip,zip@3563520,locale/en-US/chatzilla/chatzilla.properties,3658415,6540,19582,deflate,1,1,
zip,zip@3563520,locale/en-US/chatzilla/pref-irc.dtd,3665041,448,1070,deflate,1,1,
zip,zip@3675136,content/pipnss/contents.rdf,3675214,299,574,deflate,1,1,
zip,zip@3676160,content/pippki/contents.rdf,3676238,840,2011,deflate,1,1,
zip,zip@3676160,content/pippki/changepassword.xul,3677162,1573,3847,deflate,1,1,
zip,zip@3676160,content/pippki/getpassword.xul,3678816,1095,2477,deflate,1,1,
zip,zip@3676160,content/pippki/password.js,3679988,2653,8639,deflate,1,1,
zip,zip@3676160,content/pippki/resetpassword.xul,3682724,944,2128,deflate,1,1,
zip,zip@3676160,content/pippki/resetpassword.js,3683750,1136,2840,deflate,1,1,
zip,zip@3676160,content/pippki/PrefOverlay.xul,3684967,739,1964,deflate,1,1,
zip,zip@3676160,content/pippki/pref-security.js,3685788,897,1887,deflate,1,1,
zip,zip@3676160,content/pippki/pref-ssl.xul,3686763,1277,3278,deflate,1,1,
zip,zip@3676160,content/pippki/pref-certs.xul,3688120,1170,2911,deflate,1,1,
zip,zip@3676160,content/pippki/pref-ciphers.xul,3689372,1522,4898,deflate,1,1,
zip,zip@3676160,content/pippki/PageInfoOverlay.xul,3690979,2258,7809,deflate,1,1,
zip,zip@3676160,content/pippki/newserver.js,3693315,1163,2699,deflate,1,1,
zip,zip@3676160,content/pippki/newserver.xul,3694557,986,2133,deflate,1,1,
zip,zip@3676160,content/pippki/downloadcert.js,3695624,954,2318,deflate,1,1,
zip,zip@3676160,content/pippki/downloadcert.xul,3696660,1215,3155,deflate,1,1,
zip,zip@3676160,content/pippki/cacertexists.js,3697956,477,844,deflate,1,1,
zip,zip@3676160,content/pippki/cacertexists.xul,3698515,809,1593,deflate,1,1,
zip,zip@3676160,content/pippki/certManager.js,3699404,2577,11247,deflate,1,1,
zip,zip@3676160,content/pippki/certManager.xul,3702062,990,2546,deflate,1,1,
zip,zip@3676160,content/pippki/CAOverlay.xul,3703131,1058,2520,deflate,1,1,
zip,zip@3676160,content/pippki/WebSitesOverlay.xul,3704274,1071,2566,deflate,1,1,
zip,zip@3676160,content/pippki/OthersOverlay.xul,3705428,1392,3554,deflate,1,1,
zip,zip@3676160,content/pippki/MineOverlay.xul,3706901,1135,3554,deflate,1,1,
zip,zip@3676160,content/pippki/viewCertDetails.xul,3708121,1001,3595,deflate,1,1,
zip,zip@3676160,content/pippki/editcacert.xul,3709202,1049,2618,deflate,1,1,
zip,zip@3676160,content/pippki/editsslcert.xul,3710332,1009,2552,deflate,1,1,
zip,zip@3676160,content/pippki/editcerts.js,3711419,1682,6044,deflate,1,1,
zip,zip@3676160,content/pippki/deletecert.xul,3713181,978,2272,deflate,1,1,
zip,zip@3676160,content/pippki/deletecert.js,3714238,1250,3670,deflate,1,1,
zip,zip@3676160,content/pippki/viewCertDetails.js,3715572,2751,8954,deflate,1,1,
zip,zip@3676160,content/pippki/getp12password.xul,3718407,1096,2451,deflate,1,1,
zip,zip@3676160,content/pippki/setp12password.xul,3719587,1305,3298,deflate,1,1,
zip,zip@3676160,content/pippki/pippki.js,3720967,668,1228,deflate,1,1,
zip,zip@3676160,content/pippki/domainMismatch.xul,3721719,940,2335,deflate,1,1,
zip,zip@3676160,content/pippki/domainMismatch.js,3722742,972,2250,deflate,1,1,
zip,zip@3676160,content/pippki/serverCertExpired.xul,3723801,919,2171,deflate,1,1,
zip,zip@3676160,content/pippki/serverCertExpired.js,3724806,999,2200,deflate,1,1,
zip,zip@3676160,content/pippki/clientauthask.xul,3725888,1124,2627,deflate,1,1,
zip,zip@3676160,content/pippki/clientauthask.js,3727094,1105,2807,deflate,1,1,
zip,zip@3676160,content/pippki/certpicker.xul,3728279,1380,3079,deflate,1,1,
zip,zip@3676160,content/pippki/certpicker.js,3729738,1348,3280,deflate,1,1,
zip,zip@3676160,content/pippki/certViewer.xul,3731166,1118,2858,deflate,1,1,
zip,zip@3676160,content/pippki/certDump.xul,3732362,975,2075,deflate,1,1,
zip,zip@3676160,content/pippki/device_manager.xul,3733421,1303,3881,deflate,1,1,
zip,zip@3676160,content/pippki/device_manager.js,3734807,3461,14050,deflate,1,1,
zip,zip@3676160,content/pippki/load_device.xul,3738349,935,2143,deflate,1,1,
zip,zip@3676160,content/pippki/choosetoken.xul,3739365,1056,2368,deflate,1,1,
zip,zip@3676160,content/pippki/choosetoken.js,3740501,826,1811,deflate,1,1,
zip,zip@3676160,content/pippki/escrowWarn.xul,3741407,924,2221,deflate,1,1,
zip,zip@3676160,content/pippki/escrowWarn.js,3742410,900,1914,deflate,1,1,
zip,zip@3676160,content/pippki/pref-validation.xul,3743395,1229,3194,deflate,1,1,
zip,zip@3676160,content/pippki/pref-validation.js,3744708,1096,2953,deflate,1,1,
zip,zip@3676160,content/pippki/crlManager.xul,3745884,1272,3353,deflate,1,1,
zip,zip@3676160,content/pippki/crlManager.js,3747235,2391,7754,deflate,1,1,
zip,zip@3676160,content/pippki/pref-masterpass.js,3749710,1567,4317,deflate,1,1,
zip,zip@3676160,content/pippki/pref-masterpass.xul,3751362,1383,3930,deflate,1,1,
zip,zip@3676160,content/pippki/serverCrlNextupdate.js,3752833,955,2213,deflate,1,1,
zip,zip@3676160,content/pippki/serverCrlNextupdate.xul,3753877,910,1939,deflate,1,1,
zip,zip@3676160,content/pippki/createCertInfo.xul,3754871,698,1411,deflate,1,1,
zip,zip@3676160,content/pippki/createCertInfo.js,3755652,650,1216,deflate,1,1,
zip,zip@3676160,content/pippki/crlImportDialog.xul,3756387,951,2252,deflate,1,1,
zip,zip@3676160,content/pippki/crlImportDialog.js,3757422,1384,3726,deflate,1,1,
zip,zip@3676160,content/pippki/pref-crlupdate.xul,3758890,1155,3080,deflate,1,1,
zip,zip@3676160,content/pippki/pref-crlupdate.js,3760128,2381,8299,deflate,1,1,
zip,zip@3769344,content/messenger/am-mdn.xul,3769423,1428,5183,deflate,1,1,
zip,zip@3769344,content/messenger/am-mdn.js,3770929,1080,3953,deflate,1,1,
zip,zip@3769344,content/messenger-mdn/contents.rdf,3772094,308,639,deflate,1,1,
zip,zip@3769344,content/messenger/am-smime.xul,3772483,1267,3724,deflate,1,1,
zip,zip@3769344,content/messenger/am-smime.js,3773830,1736,5045,deflate,1,1,
zip,zip@3769344,content/messenger-smime/msgCompSMIMEOverlay.js,3775663,2144,7006,deflate,1,1,
zip,zip@3769344,content/messenger-smime/msgCompSMIMEOverlay.xul,3777905,1489,4830,deflate,1,1,
zip,zip@3769344,content/messenger-smime/msgReadSMIMEOverlay.js,3779491,1540,3696,deflate,1,1,
zip,zip@3769344,content/messenger-smime/msgReadSMIMEOverlay.xul,3781129,1221,2896,deflate,1,1,
zip,zip@3769344,content/messenger-smime/msgHdrViewSMIMEOverlay.xul,3782451,793,1611,deflate,1,1,
zip,zip@3769344,content/messenger-smime/msgHdrViewSMIMEOverlay.js,3783344,1437,4085,deflate,1,1,
zip,zip@3769344,content/messenger-smime/msgCompSecurityInfo.xul,3784879,1547,4016,deflate,1,1,
zip,zip@3769344,content/messenger-smime/msgCompSecurityInfo.js,3786523,1913,5771,deflate,1,1,
zip,zip@3769344,content/messenger-smime/msgReadSecurityInfo.xul,3788534,1469,4226,deflate,1,1,
zip,zip@3769344,content/messenger-smime/msgReadSecurityInfo.js,3790100,2218,7870,deflate,1,1,
zip,zip@3769344,content/messenger-smime/contents.rdf,3792405,467,1932,deflate,1,1,
zip,zip@3769344,content/messenger/contents.rdf,3792953,706,3956,deflate,1,1,
zip,zip@3769344,content/messenger-region/contents.rdf,3793747,290,568,deflate,1,1,
zip,zip@3769344,content/messenger/addressbook/pref-addressing.xul,3794137,1051,3408,deflate,1,1,
zip,zip@3769344,content/messenger/addressbook/pref-addressbookOverlay.xul,3795296,248,433,deflate,1,1,
zip,zip@3769344,content/messenger/addressbook/pref-directory.js,3795642,3205,15905,deflate,1,1,
zip,zip@3769344,content/messenger/addressbook/pref-directory-add.js,3798949,2390,9915,deflate,1,1,
zip,zip@3769344,content/messenger/addressbook/pref-directory-add.xul,3801442,1611,5629,deflate,1,1,
zip,zip@3769344,content/messenger/addressbook/replicationProgress.xul,3803157,1362,3346,deflate,1,1,
zip,zip@3769344,content/messenger/addressbook/replicationProgress.js,3804622,1790,5000,deflate,1,1,
zip,zip@3769344,content/messenger/addressbook/pref-editdirectories.xul,3806517,890,1825,deflate,1,1,
zip,zip@3769344,content/messenger/addressbook/abAddressBookNameDialog.js,3807514,308,670,deflate,1,1,
zip,zip@3769344,content/messenger/addressbook/abAddressBookNameDialog.xul,3807930,875,1649,deflate,1,1,
zip,zip@3769344,content/messenger/addressbook/abCardOverlay.js,3808902,4148,16066,deflate,1,1,
zip,zip@3769344,content/messenger/addressbook/abCardOverlay.xul,3813148,1845,13040,deflate,1,1,
zip,zip@3769344,content/messenger/addressbook/abCardViewOverlay.js,3815094,3869,15772,deflate,1,1,
zip,zip@3769344,content/messenger/addressbook/abCardViewOverlay.xul,3819065,1425,6651,deflate,1,1,
zip,zip@3769344,content/messenger/addressbook/abCommon.js,3820582,6390,24489,deflate,1,1,
zip,zip@3769344,content/messenger/addressbook/abDirTreeOverlay.xul,3827073,1322,3231,deflate,1,1,
zip,zip@3769344,content/messenger/addressbook/abEditCardDialog.xul,3828496,684,1270,deflate,1,1,
zip,zip@3769344,content/messenger/addressbook/abNewCardDialog.xul,3829280,1030,2137,deflate,1,1,
zip,zip@3769344,content/messenger/addressbook/abResultsPaneOverlay.xul,3830415,1508,5215,deflate,1,1,
zip,zip@3769344,content/messenger/addressbook/abResultsPane.js,3832020,1324,3143,deflate,1,1,
zip,zip@3769344,content/messenger/addressbook/abSelectAddressesDialog.js,3833451,3537,12084,deflate,1,1,
zip,zip@3769344,content/messenger/addressbook/abSelectAddressesDialog.xul,3837096,1942,5665,deflate,1,1,
zip,zip@3769344,content/messenger/addressbook/addressbook.js,3839133,4668,15796,deflate,1,1,
zip,zip@3769344,content/messenger/addressbook/addressbook.xul,3843897,3873,18699,deflate,1,1,
zip,zip@3769344,content/messenger/addressbook/abDragDrop.js,3847864,1958,5804,deflate,1,1,
zip,zip@3769344,content/messenger/addressbook/abMailListDialog.xul,3849923,1044,2168,deflate,1,1,
zip,zip@3769344,content/messenger/addressbook/abMailListDialog.js,3851067,4893,16347,deflate,1,1,
zip,zip@3769344,content/messenger/addressbook/abListOverlay.xul,3856058,1308,3581,deflate,1,1,
zip,zip@3769344,content/messenger/addressbook/abEditListDialog.xul,3857467,793,1480,deflate,1,1,
zip,zip@3769344,content/messenger/addressbook/addressbook-panel.xul,3858362,1701,4766,deflate,1,1,
zip,zip@3769344,content/messenger/addressbook/addressbook-panel.js,3860164,1914,5162,deflate,1,1,
zip,zip@3769344,content/messenger/addressbook/print.css,3862168,1226,2981,deflate,1,1,
zip,zip@3769344,content/messenger/AccountManager.xul,3863481,1001,3015,deflate,1,1,
zip,zip@3769344,content/messenger/AccountManager.js,3864568,7727,31983,deflate,1,1,
zip,zip@3769344,content/messenger/am-main.xul,3872375,1008,3722,deflate,1,1,
zip,zip@3769344,content/messenger/am-main.js,3873462,1680,4174,deflate,1,1,
zip,zip@3769344,content/messenger/am-help.js,3875221,1342,3240,deflate,1,1,
zip,zip@3769344,content/messenger/am-identity-advanced.xul,3876656,1059,2203,deflate,1,1,
zip,zip@3769344,content/messenger/am-identity-advanced.js,3877807,1260,3073,deflate,1,1,
zip,zip@3769344,content/messenger/am-server.xul,3879149,2325,9514,deflate,1,1,
zip,zip@3769344,content/messenger/am-serverwithnoidentities.xul,3881572,537,1137,deflate,1,1,
zip,zip@3769344,content/messenger/am-serverwithnoidentities.js,3882206,512,894,deflate,1,1,
zip,zip@3769344,content/messenger/am-server.js,3882799,2616,8649,deflate,1,1,
zip,zip@3769344,content/messenger/am-server-top.xul,3885501,198,267,deflate,1,1,
zip,zip@3769344,content/messenger/am-copies.xul,3885781,1298,7067,deflate,1,1,
zip,zip@3769344,content/messenger/am-copies.js,3887160,3475,14912,deflate,1,1,
zip,zip@3769344,content/messenger/am-offline.xul,3890718,1588,5812,deflate,1,1,
zip,zip@3769344,content/messenger/am-offline.js,3892388,3293,12694,deflate,1,1,
zip,zip@3769344,content/messenger/am-addressing.xul,3895767,1152,2784,deflate,1,1,
zip,zip@3769344,content/messenger/am-addressing.js,3897004,799,3024,deflate,1,1,
zip,zip@3769344,content/messenger/am-advanced.xul,3897887,197,265,deflate,1,1,
zip,zip@3769344,content/messenger/am-imap-advanced.xul,3898173,628,1885,deflate,1,1,
zip,zip@3769344,content/messenger/am-imap-advanced.js,3898889,1210,2912,deflate,1,1,
zip,zip@3769344,content/messenger/am-smtp.xul,3900179,468,856,deflate,1,1,
zip,zip@3769344,content/messenger/am-smtp.js,3900726,1401,3219,deflate,1,1,
zip,zip@3769344,content/messenger/am-advanced_overlay.xul,3902219,376,668,deflate,1,1,
zip,zip@3769344,content/messenger/am-appearance_overlay.xul,3902689,406,740,deflate,1,1,
zip,zip@3769344,content/messenger/am-tree_overlay.xul,3903183,366,1408,deflate,1,1,
zip,zip@3769344,content/messenger/am-prefs.js,3903629,1525,3474,deflate,1,1,
zip,zip@3769344,content/messenger/pref-mailnews.xul,3905240,1473,4122,deflate,1,1,
zip,zip@3769344,content/messenger/pref-mailnews.js,3906798,522,1139,deflate,1,1,
zip,zip@3769344,content/messenger/pref-labels.xul,3907404,1663,6206,deflate,1,1,
zip,zip@3769344,content/messenger/pref-labels.js,3909150,1422,3676,deflate,1,1,
zip,zip@3769344,content/messenger/pref-viewing_messages.xul,3910666,1536,4600,deflate,1,1,
zip,zip@3769344,content/messenger/pref-receipts.xul,3912288,1656,5202,deflate,1,1,
zip,zip@3769344,content/messenger/pref-receipts.js,3914029,1042,3112,deflate,1,1,
zip,zip@3769344,content/messenger/custreceipt.xul,3915155,543,1863,deflate,1,1,
zip,zip@3769344,content/messenger/AccountWizard.xul,3915784,2610,11605,deflate,1,1,
zip,zip@3769344,content/messenger/AccountWizard.js,3918479,8093,29610,deflate,1,1,
zip,zip@3769344,content/messenger/aw-wizardAdapter.js,3926660,1449,3824,deflate,1,1,
zip,zip@3769344,content/messenger/aw-accounttype.xul,3928196,1061,2422,deflate,1,1,
zip,zip@3769344,content/messenger/aw-accounttype.js,3929343,1336,3384,deflate,1,1,
zip,zip@3769344,content/messenger/aw-identity.xul,3930763,1068,2505,deflate,1,1,
zip,zip@3769344,content/messenger/aw-identity.js,3931914,3127,10023,deflate,1,1,
zip,zip@3769344,content/messenger/aw-server.xul,3935123,1132,2932,deflate,1,1,
zip,zip@3769344,content/messenger/aw-newsserver.xul,3936341,931,1845,deflate,1,1,
zip,zip@3769344,content/messenger/aw-server.js,3937353,2554,7183,deflate,1,1,
zip,zip@3769344,content/messenger/aw-login.xul,3939988,1081,2459,deflate,1,1,
zip,zip@3769344,content/messenger/aw-login.js,3941149,1581,3918,deflate,1,1,
zip,zip@3769344,content/messenger/aw-accname.xul,3942813,930,1849,deflate,1,1,
zip,zip@3769344,content/messenger/aw-accname.js,3943825,1268,2968,deflate,1,1,
zip,zip@3769344,content/messenger/aw-done.xul,3945173,1124,3252,deflate,1,1,
zip,zip@3769344,content/messenger/aw-done.js,3946376,1980,6619,deflate,1,1,
zip,zip@3769344,content/messenger/accountUtils.js,3948440,2875,8552,deflate,1,1,
zip,zip@3769344,content/messenger/ispUtils.js,3951395,2268,6281,deflate,1,1,
zip,zip@3769344,content/messenger/SmtpServerList.xul,3953750,1011,2143,deflate,1,1,
zip,zip@3769344,content/messenger/SmtpServerList.js,3954847,2207,6613,deflate,1,1,
zip,zip@3769344,content/messenger/SmtpServerEdit.xul,3957141,796,1566,deflate,1,1,
zip,zip@3769344,content/messenger/SmtpServerEdit.js,3958023,1180,2638,deflate,1,1,
zip,zip@3769344,content/messenger/smtpEditOverlay.xul,3959291,1184,3194,deflate,1,1,
zip,zip@3769344,content/messenger/smtpEditOverlay.js,3960562,1723,5161,deflate,1,1,
zip,zip@3769344,content/messenger/mailPrefsOverlay.xul,3962374,966,3598,deflate,1,1,
zip,zip@3769344,content/messenger/messenger.css,3963422,739,2229,deflate,1,1,
zip,zip@3769344,content/messenger/messenger.xul,3964243,2276,8176,deflate,1,1,
zip,zip@3769344,content/messenger/mail3PaneWindowVertLayout.xul,3966617,2424,8740,deflate,1,1,
zip,zip@3769344,content/messenger/mailWindowOverlay.xul,3969131,10030,81710,deflate,1,1,
zip,zip@3769344,content/messenger/mailWindowOverlay.js,3979250,10369,47285,deflate,1,1,
zip,zip@3769344,content/messenger/msgSynchronize.xul,3989706,1059,2423,deflate,1,1,
zip,zip@3769344,content/messenger/msgSynchronize.js,3990851,2145,6816,deflate,1,1,
zip,zip@3769344,content/messenger/msgSelectOffline.xul,3993085,1524,4881,deflate,1,1,
zip,zip@3769344,content/messenger/mailWindow.js,3994691,4852,18929,deflate,1,1,
zip,zip@3769344,content/messenger/messageWindow.xul,3999629,1823,6209,deflate,1,1,
zip,zip@3769344,content/messenger/messageWindow.js,4001537,4825,19301,deflate,1,1,
zip,zip@3769344,content/messenger/folderPane.xul,4006445,1505,6130,deflate,1,1,
zip,zip@3769344,content/messenger/folderProps.xul,4008034,1652,4704,deflate,1,1,
zip,zip@3769344,content/messenger/folderProps.js,4009769,2183,7609,deflate,1,1,
zip,zip@3769344,content/messenger/threadPane.xul,4012035,1094,3647,deflate,1,1,
zip,zip@3769344,content/messenger/threadPane.js,4013211,2838,8780,deflate,1,1,
zip,zip@3769344,content/messenger/msgHdrViewOverlay.xul,4016139,1600,5368,deflate,1,1,
zip,zip@3769344,content/messenger/msgHdrViewOverlay.js,4017828,9821,36869,deflate,1,1,
zip,zip@3769344,content/messenger/msgHdrViewAddresses.js,4027740,761,1537,deflate,1,1,
zip,zip@3769344,content/messenger/widgetglue.js,4028583,3041,8801,deflate,1,1,
zip,zip@3769344,content/messenger/commandglue.js,4031707,6657,24884,deflate,1,1,
zip,zip@3769344,content/messenger/mailCommands.js,4038448,3430,11937,deflate,1,1,
zip,zip@3769344,content/messenger/shareglue.js,4041959,967,2016,deflate,1,1,
zip,zip@3769344,content/messenger/subscribe.xul,4043008,2098,7493,deflate,1,1,
zip,zip@3769344,content/messenger/subscribe.js,4045187,3903,14545,deflate,1,1,
zip,zip@3769344,content/messenger/newFolderDialog.xul,4049178,1135,2646,deflate,1,1,
zip,zip@3769344,content/messenger/newFolderDialog.js,4050400,1265,2955,deflate,1,1,
zip,zip@3769344,content/messenger/msgViewNavigation.js,4051754,3015,8881,deflate,1,1,
zip,zip@3769344,content/messenger/msgMail3PaneWindow.js,4054859,10009,39442,deflate,1,1,
zip,zip@3769344,content/messenger/searchBar.js,4064949,2205,6707,deflate,1,1,
zip,zip@3769344,content/messenger/msgAccountCentral.xul,4067244,1421,6241,deflate,1,1,
zip,zip@3769344,content/messenger/msgAccountCentral.js,4068754,2464,8169,deflate,1,1,
zip,zip@3769344,content/messenger/mail3PaneWindowCommands.js,4071313,6902,32053,deflate,1,1,
zip,zip@3769344,content/messenger/msgFolderPickerOverlay.js,4078309,1503,3605,deflate,1,1,
zip,zip@3769344,content/messenger/msgFolderPickerOverlay.xul,4079907,2285,26872,deflate,1,1,
zip,zip@3769344,content/messenger/renameFolderDialog.xul,4082283,1000,2052,deflate,1,1,
zip,zip@3769344,content/messenger/renameFolderDialog.js,4083373,890,1940,deflate,1,1,
zip,zip@3769344,content/messenger/messengerdnd.js,4084347,4155,15568,deflate,1,1,
zip,zip@3769344,content/messenger/mailContextMenus.js,4088590,4099,18858,deflate,1,1,
zip,zip@3769344,content/messenger/msgPrintEngine.js,4092775,1244,2948,deflate,1,1,
zip,zip@3769344,content/messenger/msgPrintEngine.xul,4094106,832,1668,deflate,1,1,
zip,zip@3769344,content/messenger/mailTasksOverlay.xul,4095027,1454,4965,deflate,1,1,
zip,zip@3769344,content/messenger/mailNavigatorOverlay.xul,4096574,1787,6151,deflate,1,1,
zip,zip@3769344,content/messenger/mailEditorOverlay.xul,4098451,803,2169,deflate,1,1,
zip,zip@3769344,content/messenger/mailABOverlay.xul,4099340,387,791,deflate,1,1,
zip,zip@3769344,content/messenger/mailMessengerOverlay.xul,4099820,251,390,deflate,1,1,
zip,zip@3769344,content/messenger/mailMessengerComposeOverlay.xul,4100171,251,402,deflate,1,1,
zip,zip@3769344,content/messenger/mailOverlay.xul,4100506,892,2487,deflate,1,1,
zip,zip@3769344,content/messenger/mailWidgets.xml,4101482,6930,35473,deflate,1,1,
zip,zip@3769344,content/messenger/platformMailnewsOverlay.xul,4108508,214,313,deflate,1,1,
zip,zip@3769344,content/messenger/platformMailOverlay.xul,4108814,143,202,deflate,1,1,
zip,zip@3769344,content/messenger/SearchDialog.xul,4109042,2220,8613,deflate,1,1,
zip,zip@3769344,content/messenger/ABSearchDialog.xul,4111349,1683,4920,deflate,1,1,
zip,zip@3769344,content/messenger/SearchDialog.js,4113116,5252,18451,deflate,1,1,
zip,zip@3769344,content/messenger/ABSearchDialog.js,4118454,2781,9217,deflate,1,1,
zip,zip@3769344,content/messenger/searchTermOverlay.js,4121324,4632,15622,deflate,1,1,
zip,zip@3769344,content/messenger/searchTermOverlay.xul,4126046,1094,2944,deflate,1,1,
zip,zip@3769344,content/messenger/FilterListDialog.xul,4127229,1765,5457,deflate,1,1,
zip,zip@3769344,content/messenger/FilterListDialog.js,4129082,3199,11039,deflate,1,1,
zip,zip@3769344,content/messenger/CustomHeaders.xul,4132367,1027,2187,deflate,1,1,
zip,zip@3769344,content/messenger/CustomHeaders.js,4133479,1483,3718,deflate,1,1,
zip,zip@3769344,content/messenger/FilterEditor.xul,4135047,1714,4973,deflate,1,1,
zip,zip@3769344,content/messenger/FilterEditor.js,4136845,4753,16490,deflate,1,1,
zip,zip@3769344,content/messenger/mail-offline.js,4141682,2207,8843,deflate,1,1,
zip,zip@3769344,content/messenger/messengercompose/pref-composing_messages.xul,4144002,1463,5061,deflate,1,1,
zip,zip@3769344,content/messenger/messengercompose/pref-formatting.xul,4145570,979,3412,deflate,1,1,
zip,zip@3769344,content/messenger/messengercompose/pref-formatting.js,4146653,2153,6335,deflate,1,1,
zip,zip@3769344,content/messenger/messengercompose/messengercompose.xul,4148912,5415,26084,deflate,1,1,
zip,zip@3769344,content/messenger/messengercompose/MsgComposeCommands.js,4154434,19797,89868,deflate,1,1,
zip,zip@3769344,content/messenger/messengercompose/addressingWidgetOverlay.js,4174343,8031,29650,deflate,1,1,
zip,zip@3769344,content/messenger/messengercompose/addressingWidgetOverlay.xul,4182487,1313,3286,deflate,1,1,
zip,zip@3769344,content/messenger/messengercompose/askSendFormat.js,4183902,1754,7026,deflate,1,1,
zip,zip@3769344,content/messenger/messengercompose/askSendFormat.xul,4185759,904,2941,deflate,1,1,
zip,zip@3769344,content/messenger/messengercompose/sendProgress.xul,4186765,1211,2852,deflate,1,1,
zip,zip@3769344,content/messenger/messengercompose/sendProgress.js,4188077,2459,7266,deflate,1,1,
zip,zip@3769344,content/messenger/messengercompose/mailComposeBindings.xml,4190645,312,666,deflate,1,1,
zip,zip@3769344,content/messenger/importDialog.js,4191041,6777,33164,deflate,1,1,
zip,zip@3769344,content/messenger/importDialog.xul,4197903,1516,4279,deflate,1,1,
zip,zip@3769344,content/messenger/importProgress.xul,4199506,789,1505,deflate,1,1,
zip,zip@3769344,content/messenger/importProgress.js,4200381,850,2068,deflate,1,1,
zip,zip@3769344,content/messenger/fieldMapExport.xul,4201318,1309,3582,deflate,1,1,
zip,zip@3769344,content/messenger/fieldMapExport.js,4202713,1456,4338,deflate,1,1,
zip,zip@3769344,content/messenger/fieldMapImport.xul,4204256,1163,2911,deflate,1,1,
zip,zip@3769344,content/messenger/fieldMapImport.js,4205505,2066,8671,deflate,1,1,
zip,zip@3769344,content/messenger/attach.js,4207649,783,1592,deflate,1,1,
zip,zip@3769344,content/messenger/mime.js,4208508,735,1722,deflate,1,1,
zip,zip@3769344,content/messenger/downloadheaders.js,4209330,1800,4993,deflate,1,1,
zip,zip@3769344,content/messenger/downloadheaders.xul,4211218,1055,2213,deflate,1,1,
zip,zip@3769344,content/messenger/pref-advanced_overlay.xul,4212367,376,668,deflate,1,1,
zip,zip@3769344,content/messenger/pref-appearance_overlay.xul,4212839,406,740,deflate,1,1,
zip,zip@3769344,content/messenger/newmail.wav,4213325,3469,24266,deflate,1,1,
